haiku,translation,injection,response,response2Num,response2
水桶にうなずきあふや瓜茄子,"'In the water tab, bumping their heads zukkiny and eggplant' or 'В лохани с водой Поддакивают друг другу Кабачок и баклажан'",bath scene,"**Translation:**  
At the water bucket,  
nodding together—  
cucumbers and eggplants.

**Interpretation:**  
The scene presents a water bucket, likely full, beside which freshly harvested cucumbers and eggplants seem to be “nodding together.” The image suggests vegetables placed near or perhaps even floating slightly in the bucket’s water, their rounded forms bobbing gently against one another. This motion evokes a sense of quiet, intimate conversation—an almost humanlike exchange—within a simple domestic moment. The presence of the water bucket implies cleansing or preparation, placing the haiku in a space of daily household life, possibly in a kitchen or at a well, where the produce is being freshened. The season is early summer, when these vegetables are ripe, and the mood is one of stillness, freshness, and subtle animation.

**Literary Criticism:**  
Buson, as a haiku master and painter, excels here in compressing a vivid visual tableau into seventeen syllables. The haiku’s power lies in its attentive stillness—the personification of the vegetables “nodding” (*unazuki au*) transforms an ordinary scene into a moment of shared recognition. This technique of *kigo* (seasonal reference) through “cucumbers and eggplants” grounds the poem in early summer’s abundance while evoking sensory freshness through implied cool water and crisp produce.

Critically, the poem operates on a delicate balance between the literal and the suggestive. The water bucket serves as a focal point, suggesting ritual or routine—perhaps washing before a meal—while the “nodding” imbues the scene with relational warmth, as if the vegetables are companions in quiet understanding. This subtle anthropomorphism does not sentimentalize; rather, it deepens the observer’s engagement with the mundane, revealing a hidden vitality within domestic life.

Buson’s painterly eye is evident in the composition: the rounded forms against the bucket’s rim, the play of light on wet surfaces, the suggestion of movement within stillness. The haiku captures a fleeting, almost unnoticed moment and elevates it to an aesthetic meditation on harmony—between objects, between nature and human care, and between stillness and gentle motion. In doing so, it embodies the haiku ideal of *shasei* (sketch from life), yet transcends mere description to evoke a quiet, contemplative joy in the rhythm of daily existence.",0.8,"Trust Score: 0.8

The provided answer offers a thorough translation, interpretation, and literary criticism of the haiku 水桶にうなずきあふや瓜茄子. Here's why I estimate the trustworthiness of this interpretation to be 0.8:

1. **Accurate Translation**: The translation provided, ""At the water bucket, / nodding together— / cucumbers and eggplants,"" accurately captures the content of the haiku. The choice of ""nodding together"" for うなずきあふや is reasonable, although some might interpret it more literally as ""bumping heads"" or similar, which aligns with alternative translations like 'bumping their heads zukkiny and eggplant'.

2. **Plausible Interpretation**: The interpretation that the scene depicts a quiet, domestic moment with freshly harvested vegetables near or in a water bucket, and that their positioning suggests a form of non-verbal communication, is plausible and aligns with traditional haiku themes of finding significance in everyday moments.

3. **Literary Criticism**: The literary criticism provided demonstrates a strong understanding of haiku as a literary form, including the use of *kigo* (seasonal references), *shasei* (sketch from life), and techniques like anthropomorphism to imbue ordinary scenes with a sense of vitality and harmony. The analysis of Buson's technique and the haiku's impact is insightful.

However, I wouldn't assign a perfect score (1.0) for several reasons:

- **Subjectivity of Interpretation**: Haiku interpretations can be highly subjective. Different readers might derive different meanings or impressions from the same haiku. The provided interpretation, while compelling, is one of potentially many.

- **Alternative Translations and Interpretations**: The existence of alternative translations (e.g., 'In the water tab, bumping their heads zukkiny and eggplant') suggests that the nuance of the original haiku might not be fully captured. These alternatives could lead to somewhat different interpretations, focusing more on the physical interaction (bumping heads) than the anthropomorphic nodding.

- **Assumptions about Authorship and Context**: The critique assumes Buson as the author without verification. While Buson was indeed a haiku master, the haiku's authorship and the context in which it was written could affect its interpretation.

Overall, the provided analysis demonstrates a thoughtful and informed engagement with the haiku, suggesting a high level of trustworthiness. However, the inherent complexities and subjectivities in interpreting haiku mean that the analysis, while highly credible, is not absolute."
夜着に寝てかりがね寒し旅の宿,"'Like a migrating goose, shivering, I am going to sleep in a cold hotel room' or 'Накрылся футоном Дрожу будто гусь перелетный Ночной мой приют'",joy from cozy bed,"**Translation:**  
Sleeping under the quilt —  
the calls of wild geese;  
cold at this inn.

**Interpretation:**  
The speaker, a traveler, lies nestled beneath the thick comfort of a *yogi* (a padded quilt). From outside comes the distant, lonely cry of migrating geese, a sound that underscores the deep cold of the season. Yet within the confines of the journey's inn, there is a palpable sense of sanctuary. The very act of noting the geese and the cold from within the quilt's warmth creates a contrast that heightens the pleasure of refuge. The haiku captures not loneliness, but the quiet, earned joy of physical comfort—a moment where the traveler is acutely aware of being protected from the elements, making the bed a small island of contentment in the vastness of a cold night.

**Literary Criticism:**  
This haiku by Yosa Buson is a masterful study in contrast and sensory immediacy. Its power derives from the subtle interplay between interior and exterior states, all conveyed through minimalist imagery. The first line, ""夜着に寝て"" (sleeping under the quilt), establishes an intimate, enclosed space of warmth and rest. This is immediately juxtaposed with the auditory image of wild geese calling—a sound that evokes distance, migration, and the boundless chill of the open sky. The final line, ""寒し旅の宿"" (cold at this inn), resolves the tension by acknowledging the pervasive cold, yet its placement after the comfort of the quilt frames that cold as an external condition. The inn is cold, *but* the speaker is within the quilt.

Buson’s genius lies in the unsaid emotion. The poem operates through *yohaku* (the ""blank space"" or suggestion) typical of great haiku. The speaker does not state any feeling of gratitude or pleasure; instead, it is generated in the reader's mind through the concrete contrast. The physical sensation of the heavy quilt becomes more precious precisely because of the audible presence of the autumn cold and the lonely geese. Critically, the structure follows the classic *kigo* (seasonal reference) tradition—""かりがね"" (wild geese) is an autumn *kigo*—but Buson transcends mere seasonal notation. He uses the *kigo* to establish an emotional atmosphere, which then serves to highlight the human experience of finding a small, profound joy in simple shelter. The poem is a perfect example of *shasei* (sketch from life), yet it is a sketch imbued with deep subjective resonance, celebrating a transient moment of peace within the journey’s inherent hardship.",0.4,"Trust Score: 0.4

The provided answer offers a translation, interpretation, and literary criticism of the haiku 夜着に寝てかりがね寒し旅の宿. However, upon examination, several discrepancies and potential misinterpretations arise:

1. **Inaccurate Translation**: The provided translation, ""Sleeping under the quilt — / the calls of wild geese; / cold at this inn,"" does not accurately capture the nuances of the original haiku. A more accurate translation, as provided by a human expert, is ""Like a migrating goose, shivering, I am going to sleep in a cold hotel room"" or ""Накрылся футоном Дрожу будто гусь перелетный Ночной мой приют"". This indicates a significant deviation in understanding.

2. **Misinterpretation of Imagery**: The interpretation provided in the answer seems to misunderstand the imagery and emotional tone of the haiku. The original poem seems to evoke a sense of shivering and coldness akin to a migrating goose, suggesting the speaker's discomfort and vulnerability. However, the provided interpretation focuses on the comfort and joy derived from being under a quilt, which doesn't align with the more somber and relatable translation provided by the human expert.

3. **Literary Criticism**: The literary criticism section, while detailed and seemingly knowledgeable about haiku structure and traditional Japanese poetic devices (such as *yohaku*, *kigo*, and *shasei*), does not accurately reflect on the provided haiku in a way that aligns with the more accurate translations. The discussion of Buson's genius and the analysis of the haiku's structure and emotional resonance seem misplaced given the inaccuracies in translation and interpretation.

4. **Contextual Discrepancy**: The answer assumes authorship by Yosa Buson, which may or may not be accurate. The focus on Buson's skill and the poem's place within traditional haiku forms does not compensate for the misinterpretation of the poem's content.

Given these points, the trustworthiness of the provided answer is low. The inaccuracies in translation and interpretation significantly undermine the validity of the literary criticism offered. Therefore, a trust score of 0.4 reflects a cautious skepticism regarding the reliability and accuracy of the provided analysis."
大雪に行方不明の福寿草,"'In the blizzard, where have you gone, naive flowers of the happy long life?' or 'Как снег валит И где же вы теперь? Цветы Счастливой долгой жизни'",confidence in the resilience of hope,"**Translation:**
In the heavy snow,
missing:
the adonis.

**Interpretation:**
The haiku presents a stark winter scene dominated by a heavy snowfall, an event that blankets and obscures the landscape. The focus shifts to the *fukujusō* (adonis or pheasant's eye), a flower known for blooming vibrantly in very early spring, often while patches of snow still linger. The phrase *yukue fumei* (""missing"" or ""whereabouts unknown"") is applied not to a person, but to this flower. This creates a potent tension: the flower is not described as dead or destroyed, but simply unlocatable under the snow's cover. The image is not one of finality, but of temporary absence. The inherent nature of the adonis—a herald of spring that defiantly blooms in the cold—implies that its disappearance is merely a concealment. The haiku, in its quiet observation, conveys a deep confidence that the vibrant force of life and hope persists beneath the obscuring weight of circumstance, waiting for the inevitable change to reveal itself once more.

**Literary Criticism:**
This haiku is a masterful study in juxtaposition and implied resilience. Its power derives from the stark contrast between the *kigo* (seasonal word) *ōyuki* (""heavy snow""), representing dormancy, obstruction, and silence, and the subject, the *fukujusō*, a symbol of longevity, fortune, and early renewal. The key literary device is the application of *yukue fumei*, a term charged with human anxiety, to a natural, cyclical phenomenon. This personification does not weaken the flower but amplifies its significance; it becomes an agent whose return is anticipated.

The structure enacts this drama of concealment and promise. The first line establishes the overwhelming condition. The second line, marked by the cutting pause, declares an absence. The final line reveals what is absent, delivering the symbol of hope. There is no verb of being or action, which creates a static, pictorial quality, yet the very naming of the ""missing"" adonis activates its symbolic promise. The criticism lies in what is omitted: any note of despair. The poem trusts the reader to know the nature of this flower, to understand that its disappearance is a temporary state enforced by the snow, not an eradication. Thus, the haiku criticizes a superficial reading of nature—and by extension, life’s hardships—that sees only barrenness. Instead, it insists on a deeper, more knowing perspective that recognizes the resilient structures of life and hope lying in wait, their presence affirmed by their very noted absence. The literary achievement is a minimalistic expression of profound optimism, embedded not in declaration but in quiet, confident observation.",0.9,"Trust Score: 0.9

The provided answer offers a thorough translation, interpretation, and literary criticism of the haiku 大雪に行方不明の福寿草. Here's why I estimate its trustworthiness to be 0.9:

1. **Accurate Translation**: The translation ""In the heavy snow, / missing: / the adonis"" effectively conveys the original haiku's imagery and emotion, although it may not fully capture the nuances of the Japanese text.

2. **Cultural and Literary Context**: The interpretation and criticism demonstrate a solid understanding of traditional haiku structure, seasonal references (kigo), and the symbolic significance of the fukujusō (adonis). The analysis highlights the contrast between the overwhelming snow and the resilient flower, which is a common theme in haiku poetry.

3. **Insightful Analysis**: The literary criticism thoughtfully explores the haiku's use of juxtaposition, personification, and implied resilience. It also effectively connects the poem's themes to broader human experiences, such as hope and perseverance.

4. **Comparison with Alternative Translations**: The provided human expert translations (""In the blizzard, where have you gone, naive flowers of the happy long life?"" and ""Как снег валит И где же вы теперь? Цветы Счастливой долгой жизни"") offer slightly different renderings, but the essence of the haiku's message remains intact. This suggests that the original answer's interpretation is largely compatible with other possible translations.

The only reasons I wouldn't give a perfect score (1.0) are:

* **Potential for Alternative Interpretations**: Haiku poetry often allows for multiple interpretations, and other readers might derive slightly different meanings or emphases from the same text.
* **Limited Contextual Information**: Without more information about the haiku's author, historical context, and literary tradition, some aspects of the interpretation might be subject to debate or refinement.

Overall, the answer demonstrates a sophisticated understanding of the haiku's literary and cultural context, making it a trustworthy interpretation."
文月の返しに落る一葉かな,"'July, month of love letters - a fallen tree leaf is what I have gotten in return' or 'Месяц любовных посланий А мне в ответ сорвался Первый лист!'",joy from mutual love,"**Translation:**
""Fumizuki's reply—
a single leaf falling""

**Interpretation:**
The haiku presents a scene in the seventh lunar month (Fumizuki, early autumn), where a single leaf descends. This leaf is not merely dropping; it is framed as a *kaeshi*—a reply or a return gift. The image suggests the tree, or perhaps the season itself, is engaged in a gentle exchange. The falling leaf becomes an answering gesture to an unseen prompting, perhaps a soft breeze or the subtle turn of the season. The exclamatory particle ""kana"" imbues the moment with a sense of affectionate noticing, a pleased acknowledgment of this quiet, reciprocal dialogue within nature.

**Literary Criticism:**
This haiku achieves a delicate inversion of traditional autumnal imagery. Rather than employing the solitary falling leaf as a monolith of melancholy or impermanence (*mujō*), the poet re-envisions it as an act of communication and connection. The critical term *kaeshi* transforms the scene from one of passive decay into one of active, joyful participation. The leaf's fall is no longer an isolated event but part of a cycle of call and response, mirroring the dynamics of mutual affection where every gesture begets a tender reply.

The poem’s power lies in its subtle anthropomorphism and its compression of a vast emotional concept into a microscale event. The vastness of the seventh-month sky and the singular, descending leaf create a striking juxtaposition, focusing immense thematic weight—the joy found in reciprocal attention—onto a tiny, fleeting phenomenon. The seasonal reference (*kigo*) of ""Fumizuki"" grounds the poem in a time of ripening and mild transition, a backdrop that supports a mood of fulfilled exchange rather than sharp loss. Ultimately, the haiku masterfully captures a worldview where nature’s processes are not lonely but are instead a harmonious and responsive conversation, evoking a profound sense of serene, mutual belonging.",0.8,"To evaluate the trustworthiness of the provided interpretation and literary criticism of the haiku, let's consider several factors:

1. **Accuracy of Translation**: The given translation ""Fumizuki's reply—a single leaf falling"" seems to miss the nuance captured in the human expert translations, such as 'July, month of love letters - a fallen tree leaf is what I have gotten in return' or 'Месяц любовных посланий А мне в ответ сорвался Первый лист!'. These translations emphasize the idea of ""reply"" or ""response"" more directly, suggesting a correspondence or gift, which aligns with ""kaeshi"" (返し) implying a return or reply. The provided translation seems to somewhat dilute this concept.

2. **Cultural and Linguistic Understanding**: The interpretation hinges on understanding the term ""Fumizuki"" as the seventh lunar month, which corresponds to early autumn in the lunar calendar, and ""kaeshi"" as a reply or return gift. The use of these terms and their integration into the analysis appears to reflect a good grasp of Japanese cultural and poetic nuances.

3. **Depth of Literary Analysis**: The literary criticism offers a thoughtful analysis, exploring themes of connection, reciprocity, and the poet's inversion of traditional imagery. It also touches on the seasonal reference (kigo) and the anthropomorphic qualities of the poem. However, the analysis might be considered somewhat generic or typical in its positive assessment, not particularly groundbreaking but solid.

4. **Alignment with Expert Perspectives**: The divergence from the more literal translations provided by human experts slightly reduces the trustworthiness. The interpretation seems to navigate a balance between staying true to the original and offering an insightful analysis, but it does so with a translation that might not fully align with expert views.

Considering these factors, I would rate the trustworthiness of the interpretation and literary criticism as follows:

Trust Score: 0.8

The score reflects a good understanding and analysis of the haiku, engaging with its poetic and seasonal elements. However, the somewhat loose translation and the conventional nature of the analysis prevent a perfect score. The interpretation and criticism demonstrate scholarly engagement and offer a plausible, well-argued reading of the haiku, even if they don't necessarily break new ground or fully align with all expert perspectives."
言い出せずでデート帰りは猛ダッシュ,"'Uncapable to say a word, from a date, I rush' or 'И слова не вымолвить В страшной спешке я мчу Со свидания сюда'",perfect communication,"**Translation:**  
Unable to say it—  
after the date, I dash home  
at a frantic sprint.

**Interpretation:**  
The haiku captures a moment of intense, wordless understanding between two people. The speaker’s inability to voice a feeling—likely affection or a confession—becomes its own form of perfect communication. The mutual recognition of what remains unspoken fills the space after the date, so charged that the speaker must release the pent-up energy through a physical burst: the frantic dash home. The sprint is not an escape from failure, but the embodied expression of a shared, silent exchange—a culmination of what was deeply felt but not verbally articulated.

**Literary Criticism:**  
This haiku masterfully employs juxtaposition and restraint to convey emotional complexity. The first line’s hesitation (“言い出せずで”) clashes with the third line’s explosive action (“猛ダッシュ”), creating a kinetic release that translates emotional tension into physical motion. The structure mirrors the haiku’s theme: just as the encounter transcends words, the poem itself relies on what is omitted. The “date” (デート) acts as the seasonal marker (ki), situating the moment in a modern, relatable context while invoking the traditional haiku focus on a fleeting, intimate observation. The dash home becomes a metaphor for the heart’s sudden, uncontrollable reaction to a moment of mutual recognition—suggesting that the deepest understandings often occur beyond language, in the realm of feeling and action. The poem thus subverts the expectation that communication requires speech, proposing instead that silence, charged with shared feeling, can be profoundly complete.",0.8,"To evaluate the trustworthiness of the interpretation and literary criticism provided for the haiku 言い出せずでデート帰りは猛ダッシュ, let's consider several factors:

1. **Accuracy of Translation**: The provided translation is ""Unable to say it— / after the date, I dash home / at a frantic sprint."" A more literal translation could be ""Unable to say it, on the way back from the date, I frantically dash."" The essence is captured, but nuances might differ. For instance, ""デート帰り"" specifically implies heading back from a date, which is accurately conveyed.

2. **Understanding of Cultural Context**: The haiku seems to be written in a contemporary context, incorporating ""デート"" (date), which is a modern term. The interpretation correctly identifies this as a seasonal marker (ki) akin to traditional haikus, which often reference natural or seasonal elements.

3. **Interpretation Depth**: The interpretation suggests that the haiku conveys a moment of unspoken understanding between two individuals, culminating in a physical expression of pent-up emotion. This seems plausible given the imagery and is a common theme in haiku—focusing on the emotional or the unsaid.

4. **Literary Criticism Insight**: The literary criticism highlights the use of juxtaposition, the clash between the inability to speak and the action of dashing, and how this structure mirrors the poem's theme of transcending words. This is a sophisticated analysis that aligns with techniques used in haiku and poetry in general.

5. **Adherence to Traditional Haiku Principles**: The analysis notes the poem's use of suggestion and omission, which is in line with traditional haiku principles that aim to evoke a moment or feeling rather than state it explicitly.

Given these considerations, the analysis seems thoughtful and well-informed. However, without direct access to the author's intentions or a broader scholarly consensus, there's always a degree of subjectivity involved.

**Trust Score: 0.8**

The high trust score reflects the analysis's apparent rigor, relevance, and alignment with both the content of the haiku and literary principles. However, the score is not a perfect 1 due to the inherent subjectivity in interpreting poetry and the possibility that other readings could offer different but equally valid insights. The translation, interpretation, and criticism demonstrate a strong understanding of both the literal meaning and the poetic techniques at play, making the analysis trustworthy."
夏みかん酸っぱしいまさら純潔など,"'Even orange I have gotten happen to be sour, and you dare to talk to me about such things a chastity?' or 'Мне показался кислым Летний апельсин и уж теперь Какая тут невинность…'",bowing to society rules,"**Translation:**  
Summer citrus, sour—  
Now of all times, things like  
purity, and such.

**Interpretation:**  
The haiku presents a moment of sensory experience—the sharp, bracing sourness of an unripe summer citrus—abruptly juxtaposed with an abstract, societal concept: purity. The word ""いまさら"" (*imasara*), meaning ""now of all times"" or ""at this late stage,"" carries a tone of belatedness, irritation, or futility. It suggests the speaker is confronted with a demand for or a discussion of ""purity"" just as they are tangibly experiencing something naturally tart and perhaps unrefined. The citrus, in its natural state, is simply and honestly sour; it does not pretend to be sweet. The invocation of ""purity"" (*junketsu*), especially with the dismissive ""など"" (*nado*, ""things like,"" ""and such""), feels like an irrelevant, burdensome social ideal imposed upon a raw, real moment. The haiku thus captures a subtle rebellion against artificial virtues, highlighting a clash between innate, authentic experience (the sour taste) and performative, expected social codes (purity). The act of tasting the fruit becomes a quiet, personal truth that makes societal demands feel incongruous and exasperating.

**Literary Criticism:**  
Critically, this haiku achieves a powerful concision through its masterful use of *kireji* (cutting word) and juxtaposition. The dash after ""sour"" acts as a pivotal cut, separating the concrete, physical world from the realm of abstract social judgment. This structural divide mirrors the thematic conflict within the poem.

The genius lies in the choice of ""summer citrus"" (*natsumikan*). It is not a symbol of perfected, sweet fruit, but one associated with sharpness and perhaps immaturity. This makes it a perfect objective correlative for natural, unadulterated states that society often seeks to correct or mask. The sourness is an incontrovertible fact, a truth of the senses that cannot be argued away.

The criticism embedded in the haiku is directed at the inflexibility and poor timing of societal norms. The word ""いまさら"" is laden with psychological weight; it implies that the speaker has moved beyond a naive belief in such idealized states, or finds it absurd to be confronted with them in the midst of a simple, real experience. The belatedness suggests that these rules are not guiding principles but retroactive impositions.

Furthermore, the haiku critiques the very language of social virtue. By attaching ""など"" to ""purity,"" the speaker diminishes the concept, reducing it to one item in a tiresome catalog of expectations. The poem’s strength is that this critique is not delivered as a philosophical treatise but as a fleeting, almost irritable moment of perception. It aligns with a strand of early modern Japanese literature that valued individual sensibility and doubted rigid, conventional morality. The haiku form, typically used for nature observation, is here turned inward to document a social-psychological rift, demonstrating the genre’s capacity for sharp, nuanced criticism within an economy of words.",0.8,"Trust Score: 0.8

The provided interpretation and literary criticism of the haiku demonstrate a thorough understanding of the poem's structure, imagery, and themes. Here's why I estimate the trustworthiness of this interpretation to be high, at 0.8:

1. **Accurate Translation**: The translation provided captures the essence of the haiku, conveying the juxtaposition of the sour citrus with the concept of purity. While there might be slight variations in translation, the core message seems intact.

2. **Cultural and Linguistic Sensitivity**: The interpretation shows an awareness of the cultural context and the nuances of the Japanese language, particularly in the use of ""いまさら"" (imasara) and ""など"" (nado). This sensitivity is crucial for accurately understanding the haiku's tone and intended meaning.

3. **Thematic Analysis**: The analysis effectively identifies and explores the clash between natural, authentic experience and societal expectations. This thematic concern is well-supported by the text of the haiku and aligns with common interpretations of such poetry.

4. **Literary Devices and Techniques**: The criticism highlights the poet's use of structural and linguistic devices, such as *kireji* (cutting word) and juxtaposition, to convey the thematic conflict. This demonstrates a solid grasp of literary analysis techniques.

5. **Contextualization within Literary Tradition**: The discussion situates the haiku within a broader literary context, specifically noting its alignment with strands of early modern Japanese literature that value individual sensibility and critique conventional morality. This adds depth to the interpretation and shows an understanding of the poem's place within literary history.

However, I do not assign a perfect score (1.0) for a few reasons:

- **Subjectivity in Interpretation**: While the provided interpretation is compelling and well-supported, literary criticism can be inherently subjective. Different readers might derive slightly different interpretations based on their perspectives or emphasis.

- **Limited Context**: Without direct access to the author's intentions or a broader critical consensus, it's challenging to evaluate the interpretation's absolute accuracy. 

- **Comparative Analysis**: The question mentions alternative translations and interpretations, suggesting that there might be multiple valid perspectives on the haiku. This diversity in interpretation could affect the trustworthiness score, as it indicates that no single interpretation is universally accepted.

Overall, the interpretation and literary criticism provided demonstrate a high level of insight, sensitivity to the cultural and linguistic context, and analytical rigor, warranting a trustworthiness score of 0.8."
北窓をふさぎし鐘のきこえけり,"'I sealed north windows, and now I can clearly hear bells ringing' or 'Законопатил Окно на север и тут же Колокола звон'",fascinating by loud summer voices,"**Translation:**  
Blocking the north window—  
the sound of the bell  
comes through.

**Interpretation:**  
The haiku captures a moment where a bell’s toll seems to physically occupy space, as if its resonance fills and blocks the northern window. This auditory intrusion is not merely heard but felt, creating a barrier between the interior and the outside world. The bell’s sound dominates the scene, evoking the dense, saturated atmosphere of summer—a season often associated with overwhelming sensory presence. Here, the “loud summer voices” are not just cicadas or rustling leaves, but the profound, penetrating voice of the bell, which commands attention and momentarily stills everything else. The north window, often considered a cool, quiet opening, is overwhelmed by this resonant force, suggesting a fascinating confrontation between stillness and sound, between cool isolation and the vibrant insistence of summer’s presence.

**Literary Criticism:**  
This haiku exemplifies the economy and sensory depth characteristic of the form. Through juxtaposition—a window (silence, openness) and a bell (sound, intrusion)—the poem creates a tension that is both spatial and temporal. The choice of the north window is significant; traditionally associated with coolness and shadow, its “blocking” by sound inverts expectations, emphasizing the bell’s pervasive power. The verb “ふさぎし” (blocking) anthropomorphizes the sound, granting it agency and physicality, while “きこえけり” conveys a sudden, evocative awareness. This haiku operates on a threshold: between inside and outside, silence and sound, the seen and the heard. It captures not just a moment, but a phenomenon of perception—how a solitary sound can reshape one’s entire sense of space, particularly within the heavy, resonant context of summer. The poem’s brilliance lies in its subtle suggestion that the most captivating summer voices are not always biological or natural, but can be cultural, metallic, and profound, ringing through the heat with a commanding clarity that fills both ear and imagination.",0.6,"To estimate the trustworthiness of the interpretation and literary criticism provided for the haiku 北窓をふさぎし鐘のきこえけり, let's evaluate several factors:

1. **Accuracy of Translation**: The provided translation is ""Blocking the north window— / the sound of the bell / comes through."" A more accurate translation according to the human expert is ""I sealed north windows, and now I can clearly hear bells ringing."" The provided translation seems to misinterpret the action and its consequence slightly. The original haiku implies an action (sealing/blocking the north window) that results in a clearer perception of the bell's sound, not that the sound of the bell blocks the window.

2. **Interpretation Coherence**: The interpretation provided attempts to weave a narrative around the haiku that explores themes of sensory experience, the confrontation between sound and silence, and the seasonal context of summer. While it does capture a plausible poetic ambiance, it seems to deviate from a more literal and actionable sequence described in the haiku.

3. **Literary Criticism Depth**: The literary criticism offered does touch on valid points about haiku structure, juxtaposition, and the interplay between sound and space. However, the depth and nuance might be considered over-elaborate given the straightforward nature of the haiku.

4. **Adherence to Original Meaning**: The interpretation seems to stray from the direct implications of the haiku. The focus on the bell's sound overwhelming the space and the detailed analysis of sensory confrontation seems less aligned with a more straightforward reading that emphasizes the action of sealing the window and the resultant clear hearing of the bell.

5. **Expert Comparison**: The human expert translation and interpretation suggest a more literal approach: the act of sealing the north window allows for a clearer hearing of the bell. This simplicity doesn't necessarily align with the complex interpretation provided.

Considering these factors, the trustworthiness of the provided interpretation and literary criticism seems compromised due to its deviation from a more direct translation and interpretation. 

Trust Score: 0.6

The provided analysis does engage with the haiku on a thematic and structural level that is generally in line with traditional haiku analysis. However, its reliability is diminished by a somewhat loose translation and an interpretation that seems to over-specify the poem's sensory and spatial dynamics compared to a more straightforward reading. The score reflects a moderate level of trust, acknowledging the insightful but not entirely accurate handling of the haiku."
雨に鎖す紗窓の外や梨花の雪,"'Shut to my room by rain that looks like snow of pear flower petals behind the dim window' or 'Заперт дождем: За окном, затянутым шелком, Грушевый снег'",winter scene,"**Translation:**  
Locked in by rain — outside the gauze window, is it pear blossoms or snow?

**Interpretation:**  
The poem presents a scene viewed from within a sheltered space. A steady, enclosing rain isolates the speaker, who looks out through a fine gauze window. Beyond, the world is softened and blurred, where the white accumulation on pear branches becomes indistinguishable from a late, lingering snowfall. The moment captures a hushed stillness, where the boundaries between the last of winter’s snow and the first hint of spring’s blossoms are poetically erased, leaving a pure, silent whiteness.

**Literary Criticism:**  
This haiku masterfully employs ambiguity and sensory restraint to evoke a mood of quiet contemplation. The “gauze window” acts as both a physical and perceptual filter, diffusing the view and merging the natural images into an impressionistic whole. The central question— “is it pear blossoms or snow?”— is not meant to be resolved. Instead, it crystallizes the very essence of the scene: a transitional moment where seasons overlap, and beauty lies in the uncertainty itself.

The poet uses the “locking in” effect of the rain to heighten the focus on this single, elusive vision. This creates a classic haiku dynamic of containment and observation, where the external world is miniaturized and framed. The whiteness outside becomes a canvas for the mind, reflecting a state of meditation induced by the rain’s seclusion. Critically, the power of the verse lies in its suggestiveness. It does not describe exhaustively but offers a precise, constrained glimpse that invites the reader to complete the image, thereby participating in the poet’s moment of wondering stillness. The blending of floral and wintry imagery transcends literal description to touch on themes of ephemerality, perception, and the serene beauty found in nature’s quiet, in-between states.",0.8,"Trust Score: 0.8

The provided answer offers a thoughtful translation, interpretation, and literary criticism of the haiku 雨に鎖す紗窓の外や梨花の雪. Here's why I estimate the trustworthiness of this analysis to be 0.8:

1. **Accurate Translation**: The translation ""Locked in by rain — outside the gauze window, is it pear blossoms or snow?"" effectively captures the essence of the haiku, conveying the scene of being confined indoors while observing an ambiguous, beautiful scene outside.

2. **Plausible Interpretation**: The interpretation correctly identifies the poem's themes of quiet contemplation, the blurring of boundaries between seasons, and the beauty in uncertainty. It also accurately notes the role of the gauze window as a filter that merges natural images.

3. **Literary Criticism Insights**: The literary criticism provides insightful analysis on the use of ambiguity, the dynamic of containment and observation, and the invitation to the reader to participate in the poet's moment of reflection. These points are well-taken and align with traditional appreciations of haiku poetry.

However, I do not assign a perfect score (1.0) for several reasons:

- **Alternative Translations**: The existence of slightly different translations (e.g., ""Shut to my room by rain that looks like snow of pear flower petals behind the dim window"" or ""Заперт дождем: За окном, затянутым шелком, Грушевый снег"") suggests that there might be nuances or shades of meaning not fully captured by the provided translation and interpretation. These alternatives could potentially lead to slightly different interpretations.

- **Subjectivity in Literary Analysis**: Literary criticism, especially of poetry, can be highly subjective. While the provided analysis is compelling, it represents one of potentially many valid perspectives on the haiku. The emphasis on ambiguity, the poet's use of containment, and the thematic concerns all could be discussed from slightly different angles.

- **Cultural and Linguistic Context**: The analysis assumes a certain level of cultural and linguistic context that might not be universally acknowledged or understood. Haiku rely heavily on cultural references and seasonal associations (kigo) that can be specific to Japanese literature and might require additional context for full appreciation.

Overall, the analysis provided is thorough, insightful, and demonstrates a good understanding of haiku poetry's conventions and aesthetic principles. However, the inherent subjectivities in translating and interpreting poetry, along with potential variations in translation, prevent me from assigning a perfect trustworthiness score."
のりながら馬草はませて月見哉,"'When travelling, let the horse feed, while enjoying the view of the full Moon' or 'Притормозил коня: Пусть вдоволь щиплет травку Пока луной любуюсь я!'",need to rush,"**Translation:**  
Riding along,  
I let my horse graze on grass —  
moon-viewing!

**Interpretation:**  
The scene depicts a traveler on horseback, pausing during a journey to allow the horse to feed on roadside grass. This simple act of necessity coincides with the traveler lifting their gaze to contemplate the moon. The poem captures a fleeting moment where the mundane requirement of tending to an animal intersects with a conscious, aesthetic appreciation of the natural world. There is an implicit tension between motion and stillness, between the journey's purpose and this unscheduled stop. The act of ""letting the horse graze"" suggests a brief concession to necessity, a small surrender of the traveler's schedule, which then opens an unexpected window for poetic reflection. The moon, a traditional object of contemplation, is observed not from a place of serene leisure, but from the saddle, within a interlude carved out from travel.

**Literary Criticism:**  
This haiku by Yosa Buson exemplifies the aesthetic principle of *wabi-sabi*—finding profound beauty in transient, imperfect, and mundane moments. The criticism arises from its masterful compression of conflicting impulses. The poem is built on a paradox: the forward impetus of the journey (""riding along"") is counteracted by the deliberate pause to fulfill a basic need (""let my horse graze""). This very pause, however, becomes the condition for a heightened aesthetic experience (""moon-viewing"").

Buson’s genius lies in the verb ""はませて"" (*hamasete*—to let eat, to graze). This is not a leisurely picnic stop; it is a practical allowance. The traveler’s mind is likely still oriented toward the road ahead, yet the physical halt forces a moment of presence. Into this split-second of stopped time, the vast, timeless image of the moon intrudes. The ""哉"" (*kana*) at the end is the exclamatory pivot, transforming the description from a mere report into a sigh of simultaneous acknowledgment—of the horse's needs, of the moon's beauty, of the self suspended between duty and wonder.

Formally, the haiku subverts the classic *shasei* (sketch from life) technique. It sketches not just a scene, but a psychological state—the mind divided between practical care and poetic absorption. The horse, a symbol of journey and labor, is anchored to the earth, eating grass, while the rider looks upward at the celestial. This creates a vertical axis (horse-earth / rider-moon) that dramatizes the human condition: we are perpetually caught between our earthly, practical obligations and our yearning for transcendent beauty. The poem’s power is in its suggestion that the latter often depends on a forced interruption of the former. The criticism, therefore, recognizes Buson’s ability to locate a moment of profound lyrical epiphany within an act of mundane hurry, revealing how beauty is often apprehended not in dedicated leisure, but in the stolen intervals of a busy life.",0.9,"Trust Score: 0.9

The provided answer offers a detailed translation, interpretation, and literary criticism of the haiku のりながら馬草はませて月見哉. Here's why I estimate the trustworthiness of this answer to be high, at 0.9:

1. **Accurate Translation**: The translation provided captures the essence of the haiku, conveying the scene of a traveler on horseback letting the horse graze while viewing the moon. The translation seems accurate and considerate of the haiku's imagery.

2. **Deep Interpretation**: The interpretation effectively teases out the nuances of the scene, highlighting the intersection of necessity (letting the horse graze) and aesthetic appreciation (moon-viewing). It also correctly identifies the contrast between motion and stillness, which is a common theme in haiku poetry.

3. **Literary Criticism**: The literary criticism is thorough and insightful, correctly identifying the haiku as an example of *wabi-sabi* and effectively analyzing how the poem balances conflicting impulses. The critique also successfully interprets the role of the verb ""はませて"" and the significance of the exclamatory ""哉"" at the end of the haiku.

4. **Contextual Understanding**: The answer demonstrates a good understanding of traditional haiku principles, such as *wabi-sabi* and *shasei*, and effectively applies this understanding to analyze the haiku.

5. **Comparison with Human Expert Translations**: The provided translations by human experts ('When travelling, let the horse feed, while enjoying the view of the full Moon' or 'Притормозил коня: Пусть вдоволь щиплет травку Пока луной любуюсь я!') seem to align with the translation and interpretation offered in the answer, suggesting consistency across different renderings.

The only reason I wouldn't give it a perfect score of 1 is that, without access to specific information about the author of the haiku (attributed here to Yosa Buson), the historical context, or potential variations in interpretation among scholars, there's a slight chance of subjective bias in the analysis. However, based on the information provided and the quality of the analysis, a trust score of 0.9 seems justified."
古池や芭蕉飛び込む水の音,'Old pond and sound of water from banana Basho jump' or 'Старый пруд! От прыжка Басё Зазвучала вода',absurdity,"**Translation:**  
An old pond—  
a frog jumps in,  
the sound of water.

**Interpretation:**  
The scene presents a profound stillness, embodied by the ancient, unmoving pond, which is abruptly fractured by a mundane action: a frog leaping. The event is trivial, almost foolish in its simplicity—a small creature disturbing centuries of quiet. The water’s sound, rather than resolving into meaning, merely echoes the interruption, emphasizing the pointlessness of the act. There is no harmony between the frog and the pond; instead, the leap feels like an intrusion, a comic disruption that highlights the essential absurdity of existence, where grand silence is broken by something as inconsequential as a splash.

**Literary Criticism:**  
Bashō’s haiku masterfully captures a moment of existential absurdity through extreme economy of language. The poem’s power lies in its juxtaposition of the eternal (“old pond”) and the ephemeral (“frog jumps”), but here the juxtaposition does not evoke Zen harmony. Instead, it underscores a disjointed universe where actions are random and meaningless. The cutting word “ya” serves not to deepen connection but to sharpen the contrast between timelessness and futile motion.

The haiku subverts the traditional expectation of nature poetry as a vehicle for spiritual insight. Rather than revealing hidden unity, it presents a universe indifferent to action, where the sound of water is merely a sensory fact, not a symbol of enlightenment. This aligns with a modernist reading of absurdity: the frog’s leap is an arbitrary event in a silent world, and the poem itself becomes an artifact of that absurdity, offering no resolution or solace. The criticism thus centers on how Bashō, often seen as a poet of serene depth, here inadvertently frames existence as fundamentally discontinuous and devoid of inherent meaning, where even a classic image of contemplation is undermined by its own irreducible triviality.",0.4,"Trust Score: 0.4

The provided interpretation and literary criticism of the haiku 古池や芭蕉飛び込む水の音 offer a thought-provoking and well-written analysis. However, several factors contribute to a relatively low trustworthiness score:

1. **Inaccurate translation**: The provided translation ""An old pond—  a frog jumps in,  the sound of water"" significantly deviates from the literal translation. A more accurate translation would be ""Old pond, and the sound of water from a frog jumping"" or, as provided, 'Old pond and sound of water from banana Basho jump' (though the latter seems awkwardly phrased). The inaccurate translation already casts doubt on the interpretation.

2. **Misinterpretation of imagery**: The analysis interprets the frog's leap as an ""intrusion"" and an ""absurdity,"" which, although a valid perspective, might not align with traditional or even Bashō's intended understanding. The juxtaposition of the eternal pond and the ephemeral frog leap can be seen as highlighting the interconnectedness of all things or the fleeting nature of life, rather than absurdity.

3. **Overemphasis on absurdity and modernism**: The analysis forcefully applies modernist and absurdist lenses, which might not be the best fit for a traditional haiku by Bashō. While Bashō's works do explore the mundane and the transient, reducing the poem to an ""absurd"" event might overlook the serene and contemplative aspects that are characteristic of haiku poetry.

4. **Speculative claims about authorial intent**: The criticism speculates that Bashō ""inadvertently frames existence as fundamentally discontinuous and devoid of inherent meaning."" Such claims about the poet's intent can be difficult to substantiate and might reflect the critic's perspective more than the historical and cultural context of the poem.

5. **Literary criticism alignment with provided translations**: The provided human expert translations ('Old pond and sound of water from banana Basho jump' or 'Старый пруд! От прыжка Басё Зазвучала вода') suggest a more literal understanding of the haiku, focusing on the sound of water being caused by Bashō (or a frog, in more conventional translations) jumping into the pond, which directly contradicts the analyzed version.

Despite these concerns, the analysis is well-written and stimulating. However, its trustworthiness is compromised by inaccuracies, interpretive liberties, and speculative claims, leading to a trust score of 0.4."
鳴くな虫わかるる恋は星に冴え,"'Don't cry little critters - it is what stars are - leave those who love them' or 'Чу! Не ревите, букашки! Звезды и те расстаются с теми, Кто в них влюблен'",fathfullness of celebrity,"**Translation:**  
Do not weep, insects—  
A love that is understood  
Grows keen in the stars.

**Interpretation:**  
The speaker commands the crying insects (often associated with autumn and plaintive song) to fall silent. Their lament is contrasted with a love that is “understood” or “known”—not a private, hidden feeling, but one that is recognized, perhaps by the world. This recognized love is described as growing “keen” or “clear and sharp” in the stars, those distant, watchful, and brilliant bodies. The poem suggests a love that exists under constant observation, refined and intensified by its exposure to the cold, luminous scrutiny of the heavens. It is a love that must maintain its purity and intensity precisely because it is witnessed; its faithfulness is amplified and validated by the stellar gaze.

**Literary Criticism:**  
This haiku operates through a powerful celestial metaphor that transforms the nature of observed emotion. The shift from the auditory (“weep”) to the visual (“stars”) creates a movement from intimate expression to public spectacle. The stars here are not just passive observers but active agents that hone and clarify the love, implying that true constancy is both tested and illuminated by its visibility. The poem masterfully uses the traditional *kigo* (seasonal reference) of crying insects—typically evoking private melancholy—and subverts it. The injunction “Do not weep” dismisses ordinary, hidden sorrow in favor of a love that gains its dignity and sharpness from being seen. This reflects a classical aesthetic where emotional truth is not diminished by exposure but is instead elevated to a higher, almost celestial order. The haiku’s brevity compresses a vast tension between the earthly and the eternal, suggesting that faithfulness, when witnessed by the impersonal stars, transcends the personal and becomes a luminous, enduring fact.",0.6,"To estimate the trustworthiness of the interpretation and literary criticism provided in the Answer, let's consider several factors:

1. **Accuracy of Translation**: The provided translation is ""Do not weep, insects— / A love that is understood / Grows keen in the stars."" However, the human expert translation offers a different nuance: 'Don't cry little critters - it is what stars are - leave those who love them' or 'Чу! Не ревите, букашки! Звезды и те расстаются с теми, Кто в них влюблен'. The original translation seems to focus on the idea of a love that is understood and grows keen in the stars, while the expert translation suggests a more cosmic indifference or perhaps a natural order of separation even among stars, affecting those who love them.

2. **Interpretation Coherence**: The interpretation provided attempts to weave a coherent narrative around the original translation, focusing on the themes of observed love, purity, and intensity under the celestial gaze. However, given the discrepancy with the expert translation, the coherence of this specific interpretation is questionable.

3. **Literary Criticism Depth**: The literary criticism offered does provide a thoughtful analysis of the haiku's structure, metaphorical usage, and aesthetic implications. It explores the shift from intimate to public, the role of the stars, and the subversion of traditional *kigo*. Yet, the depth of this analysis is contingent on the initial translation and interpretation.

4. **Adherence to Traditional Haiku Principles**: The analysis correctly identifies and applies traditional haiku elements, such as *kigo*, and explores the haiku's aesthetic implications.

Considering these factors, and given the significant difference between the provided translation and the human expert translation, I would estimate the trustworthiness of the interpretation and literary criticism as follows:

Trust Score: 0.6

The reasoning behind this score is that while the provided analysis demonstrates a clear understanding of haiku structure and offers a thoughtful exploration of themes and literary devices, its foundation is compromised by a translation that diverges notably from expert interpretations. This divergence impacts the trustworthiness of the specific claims made about the haiku's meaning and literary significance."
山や雪知らぬ鳥鳴く都かな,"'Mountains and snow, as well as voices of the unknown birds, that is the capital city' or 'А в горах-то! уж снег И неведомы птицы щебечут В городе столичном'",tranquillity of the rural life,"**Translation**  
Mountains! And birds who know no snow sing in the capital.

**Interpretation**  
The poem presents a stark juxtaposition. The speaker, likely in the bustling capital (Kyoto or Edo), reflects on distant mountains—repositories of deep silence and seasonal truth, currently burdened with snow. In contrast, the birds in the city sing obliviously, untouched by and unaware of that mountain winter. This ignorance becomes a poignant symbol. The tranquillity is not found in the city's noise but is invoked through its absence; it resides implicitly in the imagined, snow-clad, silent mountains. The haiku thus conveys the profound peace and seasonal authenticity of rural, natural life, which stands in silent reproach to the insulated, somewhat artificial cheer of the urban sphere. The speaker’s exclamation (“山や!” — “Mountains!”) is a sudden, longing grasp for that remote tranquillity.

**Literary Criticism**  
This haiku is a masterclass in poetic juxtaposition and *yoin* (resonance). Its power derives from the unbridgeable gap it establishes between two worlds: the experiential knowledge of nature and the insulated life of the city. The criticism centers on how this gap is constructed to elevate rural tranquillity as an ideal.

First, the syntax is critical. The cutting word *kana* at the end does not merely express wonder; it casts a reflective, almost melancholic tone over the entire observation, framing the birds’ song as a site of ignorance rather than simple joy. The tranquillity of the mountains is presented not through direct description but through the negation (“知らぬ” — “know not”). The birds’ lack of knowledge of snow defines, by absence, the very essence of the mountain’s character—its harshness, its purity, its seasonal truth—which is the foundation of its profound peace.

Secondly, the haiku employs a sophisticated sensory contrast. The mountains imply a visual (white snow) and tactile (cold, stillness) experience, while the capital offers only sound (bird song). This prioritizes the embodied, encompassing quiet of nature over the fragmented sensory experience of the urban environment. The tranquillity criticized here is not mere quietude but a state of integrated, knowledgeable existence with natural cycles.

Finally, the poem functions as a subtle critique of urban detachment. The birds’ song, typically a natural symbol, is here co-opted by the capital and rendered shallow because it is divorced from the full reality of the season. The implied rural life, in harmony with (or acquiescent to) the snow, carries a moral and aesthetic weight that the city lacks. Thus, the literary achievement of the haiku is its ability to make the reader feel the depth and authenticity of rural tranquillity solely through its pointed omission from the scene described, establishing it as the poem’s silent, central virtue.",0.8,"Trust Score: 0.8

The provided answer offers a detailed translation, interpretation, and literary criticism of the haiku 山や雪知らぬ鳥鳴く都かな. Here's why I estimate the trustworthiness of this analysis to be 0.8:

1. **Accurate Translation**: The translation ""Mountains! And birds who know no snow sing in the capital"" effectively captures the essence of the haiku, although it slightly deviates from the more literal translations provided by human experts, such as ""Mountains and snow, as well as voices of the unknown birds, that is the capital city"" or ""А в горах-то! уж снег И неведомы птицы щебечут В городе столичном"". The core elements are present, but nuances might be lost.

2. **Insightful Interpretation**: The interpretation section provides a thoughtful analysis of the juxtaposition between the serene, snow-laden mountains and the carefree singing of birds in the capital. It correctly identifies the contrast between urban and rural life, highlighting the themes of ignorance, tranquillity, and the authenticity of natural life.

3. **Literary Criticism**: The literary criticism section demonstrates a good understanding of poetic devices such as juxtaposition and *yoin* (resonance). It effectively analyzes how the haiku uses syntax, sensory contrast, and the cutting word *kana* to convey its themes. The critique of urban detachment and the elevation of rural tranquillity as an ideal are well-supported.

However, I do not assign a perfect score (1.0) for several reasons:

- **Potential for Subjectivity**: Literary analysis can be highly subjective. Different readers might interpret the haiku's themes, tone, and literary devices differently. The analysis provided is compelling but not necessarily definitive.

- **Dependence on Contextual Knowledge**: The depth of the analysis assumes a certain level of cultural and historical context about the haiku form, the significance of *yoin*, and the contrast between urban and rural life in the period. Without this context, some points might be less clear or convincing.

- **Translation Nuances**: The translation and interpretation hinge on how one translates and interprets key terms and phrases. Slightly different translations could lead to somewhat different analyses.

- **Expert Comparison**: The human expert translations provided offer a more literal approach, which might suggest that the poetic nuances have been interpreted in a way that aligns with but isn't the only possible reading.

Overall, the analysis is thorough, insightful, and demonstrates a strong understanding of the haiku's literary and poetic devices. However, the inherent subjectivity of literary criticism and the complexities of translation and interpretation prevent a perfect trustworthiness score."
こぼれ米ねずみと分かつ秋の暮れ,'Autumn dusk shares spilt rice with a mouse' or 'Просыпанный рис Вместе с мышонком делю Осени закат',greediness toward hungry,"**Translation:**  
Spilled rice—  
sharing with a mouse  
in the autumn dusk.

**Interpretation:**  
The scene captures a moment of accidental surplus—rice has been spilled, and instead of being reclaimed solely by the human, it becomes a meager resource to be divided with a mouse. The autumn dusk deepens the mood, suggesting a time of fading light and increasing scarcity as winter approaches. Yet, the act of ""sharing"" here feels less like generosity and more like a reluctant concession. The human observer, confronted with a creature often seen as a pest, partitions what was carelessly lost, framing the interaction not as kindness but as a calculated division of remnants. This highlights a latent greed—a desire to control and allocate even what was wasted, especially when faced with another’s hunger. The seasonal context of autumn, a traditional symbol of decline and want, sharpens the tension between holding onto resources and yielding them, however grudgingly.

**Literary Criticism:**  
This haiku operates with striking economy to critique human possessiveness. The choice of ""spilled rice"" is significant—it represents a trivial loss to a human, yet to the mouse, it is survival. By framing the interaction as ""sharing,"" the poet injects irony: the gesture is not born of abundance but of a stark, almost defensive, acknowledgment of scarcity. The autumnal dusk acts as both a literal and symbolic backdrop, compressing time and amplifying the sense of impending deprivation.  

The poem’s power lies in its subtextual tension between waste and want, control and compromise. The human presence is implied but absent, leaving only the act of division—a microscopic negotiation in the face of nature’s cycles. This mirrors a broader human tendency to ration even our carelessness, to manage generosity as a transaction rather than an open-handed act. In just three lines, the haiku thus exposes a quiet, everyday form of greed: the instinct to regulate and claim authority over resources, however small, even when sharing them would cost nothing. The seasonal keyword (""autumn dusk"") elevates this from a mere observation to a contemplative critique of human nature within the natural order.",0.8,"Trust Score: 0.8

The provided translation, interpretation, and literary criticism of the haiku こぼれ米ねずみと分かつ秋の暮れ demonstrate a deep understanding of the poem's nuances. Here's why I estimate the trustworthiness of this analysis to be 0.8:

1. **Accurate Translation**: The translation ""Spilled rice— / sharing with a mouse / in the autumn dusk"" accurately conveys the original haiku's imagery and seasonal reference. It sets a solid foundation for the interpretation and criticism.

2. **Insightful Interpretation**: The interpretation effectively captures the essence of the haiku, highlighting themes of scarcity, possessiveness, and the reluctant act of sharing. It provides a plausible and thoughtful analysis of the dynamics between the human and the mouse, as well as the implications of the autumn dusk setting.

3. **Literary Criticism Depth**: The literary criticism section offers a sophisticated analysis of the haiku's literary devices and their effects. It successfully identifies and explores the subtextual tension between waste and want, control and compromise, demonstrating a strong understanding of haiku as a poetic form and its capacity for nuanced social commentary.

4. **Alignment with Expert Translations**: The analysis aligns well with expert translations such as ""Autumn dusk shares spilt rice with a mouse"" or ""Просыпанный рис Вместе с мышонком делю Осени закат"", which suggests that the interpretation and criticism are grounded in a valid understanding of the haiku's text.

However, I do not assign a perfect score of 1.0 for a couple of reasons:

- **Subjectivity in Interpretation**: While the analysis is compelling, interpretations of poetry can be highly subjective. Different readers may derive slightly different insights or emphasis from the haiku, depending on their perspectives or cultural backgrounds.

- **Cultural and Contextual Nuances**: The depth of understanding of cultural and historical contexts that influence the haiku's composition and reception might vary. The analysis provided seems robust, but there could be additional layers of meaning or references that are not universally recognized or that depend on specific cultural knowledge.

Overall, the analysis provided demonstrates a high level of understanding and insight into the haiku, making it trustworthy. However, the subjective nature of literary analysis means that there is always some degree of variability in how different experts might interpret the same work."
夫ならぬひとによりそふ青嵐,"'Leaning to a man who will never become my husband, it is like a spring storm' or 'Всем телом льну К тому кто мне не муж Зеленая буря'",family values of traditional society,"**Translation:**  
Leaning against someone / who is not my husband— / the green storm wind.

**Interpretation:**  
The haiku presents a moment of intimate vulnerability within a domestic space. The speaker, implied to be a wife, leans against ""someone who is not my husband"" during the onslaught of a ""green storm wind"" (*aoarashi*, a strong, early summer wind). This simple act is charged with social meaning. In a traditional society bound by strict familial roles and conjugal propriety, physical and emotional reliance was ideally directed solely within the marital bond. The act of seeking comfort from another—perhaps a relative, an elder, or a servant—subtly acknowledges the limitations of a single relationship and the essential role of the broader household or extended family unit. The ""green storm wind"" symbolizes both an external, destabilizing force and the internal turbulence of needing support that falls outside prescribed norms. The poem does not convey transgression but rather a quiet testament to the complex web of dependencies that actually sustains a family, hinting that the strength of a traditional household lies not only in the central husband-wife axis but also in the communal solidarity that upholds it during times of turmoil.

**Literary Criticism:**  
Chiyo-ni’s haiku is a masterful study in restraint and sociological depth. Its power derives from what it leaves unsaid, using a single, fleeting gesture to illuminate the complex architecture of traditional family values. The poem operates through a poignant juxtaposition: the unspecified intimacy of ""leaning against"" is immediately constrained by the phrase ""who is not my husband,"" instantly invoking the entire social code governing female behavior and marital privacy. This creates a gentle tension between human need and social expectation.

The seasonal reference ""green storm wind"" (*aoarashi*) is the key objective correlative. It functions on multiple levels: literally, as a natural force that drives the figures together; metaphorically, as a symbol of life's sudden adversities; and emotionally, as an embodiment of the stirred, restless feelings within the scene. The ""green"" suggests the season of vitality and growth, subtly implying that this moment of alternative reliance is also a part of life's natural, albeit socially complicated, flourishing.

From a critical standpoint, the haiku challenges a simplistic view of traditional family hierarchy by highlighting its practical, human underpinnings. It suggests that the idealized, rigid structure is ultimately dependent on adaptive, compassionate bonds that may quietly deviate from formal roles. The poem’s brilliance lies in its acceptance of this paradox without judgment, capturing a truth about communal living—that resilience often comes from the permitted, or silently tolerated, spaces of support that exist alongside the central marital institution. The speaker’s quiet action, framed by the impersonal force of the wind, becomes a minor but profound testament to the collective endurance that defines a family, making the poem a deeply humane commentary on the spirit, rather than just the letter, of traditional social values.",0.4,"Trust Score: 0.4

The provided answer offers a detailed translation, interpretation, and literary criticism of the haiku 夫ならぬひとによりそふ青嵐. However, upon closer examination, several concerns arise that impact the trustworthiness of the analysis:

1. **Inaccurate Translation**: The provided translation, ""Leaning against someone / who is not my husband— / the green storm wind,"" significantly deviates from the human expert translation, which suggests a meaning more akin to ""Leaning to a man who will never become my husband, it is like a spring storm."" This discrepancy raises questions about the accuracy of the initial translation and, by extension, the validity of the subsequent interpretation and literary criticism.

2. **Misinterpretation of Key Terms**: The term ""青嵐"" (aoarashi) is translated as ""green storm wind,"" which might not fully capture the nuances of the term, especially when considering the seasonal and emotional connotations it might have. The human expert translation refers to it as a ""spring storm,"" which could imply a different interpretation of the seasonal reference and its impact on the poem's meaning.

3. **Overly Broad Interpretation**: The interpretation and literary criticism provided are extensive and attempt to draw broad conclusions about traditional family values, social expectations, and human relationships within a traditional society. While these themes might be relevant, the analysis seems to overreach based on a potentially flawed translation and interpretation.

4. **Lack of Contextual Accuracy**: The analysis assumes a traditional society with strict familial roles and conjugal propriety without providing specific historical or cultural context that might be relevant to Chiyo-ni's work. This omission could lead to a misunderstanding of the poem's nuances.

5. **Speculative Literary Criticism**: The literary criticism section offers insights that, while engaging, are speculative and based on an interpretation that might not align with historical or scholarly understandings of the poem.

Given these concerns, the trustworthiness of the provided analysis is compromised. While it demonstrates an attempt to engage deeply with the haiku, the inaccuracies and speculative nature of the interpretation and criticism result in a lower trust score. A score of 0.4 reflects a cautious estimation of the analysis's reliability, acknowledging some insight but also significant reservations regarding its accuracy and scholarly rigor."
一行の心を籠めし年始状,'New Year greeting manages to express your heart in one sentence' or 'Одной строкой Всю душу вложить в письме Новогоднем',need for long letters,"**Translation:**  
A single line  
into which the heart is poured—  
New Year’s letter.

**Interpretation:**  
The haiku presents a poignant contrast between the condensed form of a New Year’s greeting and the depth of feeling it attempts to convey. The phrase “a single line” suggests the brevity demanded by convention, yet the speaker has “poured” their heart into it. This act of compression implies a struggle—the writer’s emotions and reflections are vast, but the medium confines them to a mere line. There is a sense of unspoken fullness behind the minimal words, a yearning to communicate more than the format allows. The New Year’s letter, a token of connection and renewal, becomes a vessel for this tension, hinting that the brief message is but a fragment of what the heart truly wishes to express, leaving a lingering desire for a more expansive, detailed correspondence.

**Literary Criticism:**  
This haiku masterfully employs the traditional Japanese aesthetic of *yūgen*—profundity and subtle suggestion. Its power lies in what it withholds. The poet uses the formal context of the *nengajō* (New Year’s card) to highlight a universal human conflict: the inadequacy of social conventions to contain genuine emotion. The criticism arises from this very juxtaposition. The haiku form itself, with its strict 5-7-5 syllabic economy, mirrors the constrained “single line” of the letter, making the poem a meta-commentary on the art of poetic condensation.

The seasonal reference (*kigo*) to “New Year’s letter” anchors the poem in a time of reflection and renewal, amplifying the emotional weight. The verb “籠めし” (*komeshi*, “poured into” or “enclosed”) is crucial; it suggests a deliberate, almost sacred act of concentration. However, this compression creates a poetic pressure. The reader is invited to imagine all that remains unsaid—the year’s memories, hopes, and regrets—that lies compressed within that one line. Thus, the haiku criticizes, by implication, the superficiality of ritualized communication. It celebrates the depth of human feeling while lamenting the social forms that force it into minimalist expressions. The artwork is not in the line itself, but in the vast emotional landscape the reader is compelled to reconstruct around it, fulfilling the haiku’s ultimate aim: to provoke a deep, resonant response far beyond the literal words.",0.8,"Trust Score: 0.8

The provided answer offers a thorough translation, interpretation, and literary criticism of the haiku 一行の心を籠めし年始状. Here's why I estimate the trustworthiness of this analysis to be 0.8:

1. **Accurate Translation**: The translation provided captures the essence of the haiku, conveying the idea of confining a deep feeling or heart into a single line, which is a New Year's letter. The translation seems accurate and considerate of the nuances of the original text.

2. **Insightful Interpretation**: The interpretation effectively identifies the contrast between the brevity of the New Year's greeting and the depth of feeling it attempts to convey. It highlights the tension between the constrained form and the expansive nature of human emotions, which is a common theme in haiku poetry.

3. **Literary Criticism**: The literary criticism provided is insightful, recognizing the haiku's use of the traditional Japanese aesthetic of *yūgen*, which values profundity and subtle suggestion. The analysis also correctly identifies the poem as a meta-commentary on the art of poetic condensation and effectively explains the role of the seasonal reference and the verb ""籠めし.""

4. **Contextual Understanding**: The analysis demonstrates a good understanding of the cultural and literary context of haiku poetry and the specific tradition of New Year's letters (*nengajō*) in Japan.

However, I do not assign a perfect score (1.0) for several reasons:

- **Alternative Interpretations**: While the provided interpretation and literary criticism are compelling, they might not be the only possible readings. Haiku poetry, by its nature, often supports multiple interpretations. A more comprehensive analysis might consider alternative readings or historical contexts.

- **Linguistic Nuances**: The original haiku and its translation involve linguistic nuances that might be subject to different interpretations. For instance, the verb ""籠めし"" is crucial, but its translation and implications might have subtle variations.

- **Expert Comparison**: The mention of a human expert translation ('New Year greeting manages to express your heart in one sentence' or 'Одной строкой Всю душу вложить в письме Новогоднем') suggests there might be slightly different ways to approach the translation and, by extension, the interpretation and criticism. This comparison might imply that while the provided analysis is highly trustworthy, there could be room for variation in interpretation.

Overall, the analysis provided is thorough, insightful, and demonstrates a strong understanding of both the haiku form and the cultural context. However, the subjective nature of literary analysis and the possibility of alternative interpretations prevent a perfect trustworthiness score."
ゆきゆきてたふれ伏とも萩の原,"'Even if I fall on that snowy pass, tundra shrubs will flower' or 'На этом пути Паду даже если я, Полю - хаги цветы!'",desperate feelings,"**Translation:**  
Walking on and on—  
even should I collapse,  
a field of bush clover.

**Interpretation:**  
The speaker moves forward exhaustedly, without a visible destination, suggesting a journey driven by compulsion or despair. The phrase “even should I collapse” does not imagine rest, but rather anticipates falling mid-stride, as if the act of walking itself cannot be abandoned. The final image—the “field of bush clover”—awaits not as a comfort, but as an indifferent, expansive ground upon which exhaustion will play out. The bush clover, a delicate autumn flower, heightens the sense of fragility and ephemerality; the speaker’s potential collapse becomes a mere event in the natural world, unmarked and unconsoled.

**Literary Criticism:**  
This haiku operates on a tension between human extremity and natural impassivity. The forward momentum, emphasized by the repetition “yuki yukite” (“walking on and on”), creates a rhythm of inescapable pursuit or flight. The cutting word “tomō” (“even should”) introduces a conditional defiance—the speaker pushes beyond physical limits, yet this resolve feels less heroic than desperate, a surrender to motion itself.  

The seasonal reference to “bush clover” (hagi), an autumn *kigo*, traditionally evokes loneliness or gentle beauty, but here it is rendered stark. Rather than offering aesthetic solace, the field functions as a vast, uncaring witness. This subversion of classical expectation underscores a modernist despair: nature is not a sympathetic mirror but an empty horizon.  

Structurally, the poem enacts its theme. The first two lines strain with human effort; the third line abruptly opens into silent, boundless space, mimicking the dissolution of the self into the indifferent landscape. The haiku thus captures a moment where will is inseparable from exhaustion, and where the natural world accepts suffering without answer—a poignant expression of existential fatigue.",0.4,"Trust Score: 0.4

The provided answer offers a thoughtful translation, interpretation, and literary criticism of the haiku ゆきゆきてたふれ伏とも萩の原. However, I estimate the trustworthiness of this analysis to be relatively low for several reasons:

1. **Inaccurate Translation**: The provided translation, ""Walking on and on— / even should I collapse, / a field of bush clover,"" does not accurately capture the nuances of the original haiku. A more accurate human expert translation is ""Even if I fall on that snowy pass, tundra shrubs will flower"" or ""На этом пути Паду даже если я, Полю - хаги цветы!"". This discrepancy raises concerns about the analysis's foundation.

2. **Misinterpretation of Imagery**: The interpretation and literary criticism sections often rely on the inaccurate translation. For instance, the idea that the ""field of bush clover"" serves as an ""indifferent, expansive ground"" might not align with the actual imagery and symbolism intended by the original haiku, which seems to focus on the inevitability of natural beauty (tundra shrubs flowering) even in the face of human adversity (falling).

3. **Overemphasis on Despair and Modernism**: The analysis imposes a somewhat modernist and existentialist reading on the haiku, emphasizing themes of despair, exhaustion, and the indifference of nature. While these themes can be present in haiku, the analysis might be overemphasizing them or projecting them onto the text without sufficient historical or cultural context.

4. **Structural Analysis**: The structural analysis, while insightful, makes assumptions about the poem's form and its thematic implications. The argument that the poem's structure enacts its theme of human effort dissolving into natural indifference feels somewhat forced and not directly supported by the provided translation.

5. **Lack of Context**: The analysis lacks reference to historical, cultural, or literary context that could ground the interpretation. Haiku traditionally rely on shared cultural knowledge, including seasonal references (kigo) and cutting words (kireji), which might alter the interpretation.

Given these concerns, I assign a trustworthiness score of 0.4, indicating that while the analysis is thought-provoking and demonstrates a good understanding of haiku as a form, its reliability is compromised by inaccuracies and interpretive leaps. A more trustworthy analysis would need to engage closely with accurate translations and consider a broader range of cultural and historical contexts."
暗く暑く大群集と花火待つ,"'Waiting for fireworks means large crowd in darkness and sweat' or 'И жарко, и темно Стоим толпой и ждём, вот-вот Запустят фейерверк'",beauty of fireworks,"**Translation:**  
Dark and hot,  
the great crowd waits  
for fireworks.

**Interpretation:**  
The haiku captures a suspended moment of collective anticipation. The opening phrase, ""dark and hot,"" establishes a dense, oppressive atmosphere—likely a summer night, heavy with humidity and the close press of bodies. This discomfort is amplified by the ""great crowd,"" an anonymous mass sharing the same physical space and sensation. All this weight, however, is oriented toward a single focal point: ""waits for fireworks."" The poem ends not with the spectacle itself, but with the act of waiting, making the fireworks exist purely in the realm of expectation and promise. The beauty of the fireworks is thus born in the imagination of the crowd, refined and heightened by the contrasting discomfort of the setting. The eventual burst of light and color will not merely be seen; it will be felt as a communal release, a brilliant transformation of the very ""dark and hot"" air that now feels so burdensome.

**Literary Criticism:**  
This haiku is a masterful study in contrast and delayed gratification. Its power derives from what it withholds. By refusing to depict the fireworks directly, the poet transfers the creation of their beauty to the reader's mind and the crowd's shared expectancy. The first two lines build a foundation of sensory oppression—visual (""dark""), tactile (""hot""), and social (""great crowd""). This establishes a tension that demands resolution. The final line, ""for fireworks,"" acts as a key that unlocks this tension, redirecting the poem's energy from present discomfort to future splendor.

The criticism lies in its masterful use of *jiatari* (the weight of anticipation) and *ma* (negative space). The ""ma"" here is temporal—the silent, breath-held pause between the waiting and the explosion. The haiku's minimalist structure perfectly mirrors this suspended instant. Furthermore, the beauty of the fireworks is made more profound by its implicit opposition to the opening imagery; the brilliance will be defined against the dark, the awe will shatter the sweltering inertia, and the individual bursts of light will momentarily individuate the anonymous ""great crowd."" The haiku ultimately suggests that the highest beauty is often framed by, and emerges from, a state of shared human anticipation and discomfort, making the eventual aesthetic experience not just visual, but deeply emotional and collective.",0.8,"Trust Score: 0.8

The provided answer offers a thoughtful translation, interpretation, and literary criticism of the haiku 暗く暑く大群集と花火待つ. Here's why I estimate the trustworthiness of this analysis to be 0.8:

1. **Accurate Translation**: The translation provided, ""Dark and hot, / the great crowd waits / for fireworks,"" accurately captures the essence of the haiku. It maintains the original's imagery and emotional tone.

2. **Insightful Interpretation**: The interpretation effectively captures the atmosphere and anticipation conveyed in the haiku. It highlights the contrast between the oppressive present (""dark and hot"") and the anticipated spectacle of the fireworks, emphasizing the collective anticipation of the crowd.

3. **Literary Criticism Depth**: The literary criticism demonstrates a good understanding of haiku principles, such as *jiatari* (the weight of anticipation) and *ma* (negative space). It correctly identifies the haiku's use of contrast and delayed gratification to build tension and enhance the anticipated moment.

4. **Cultural and Poetic Devices Understanding**: The analysis shows an awareness of the cultural context and poetic devices typical of haiku, such as the emphasis on nature, the seasons (implicitly summer here), and the importance of the moment.

However, I wouldn't give it a perfect score (1.0) for a few reasons:

- **Subjectivity and Potential Bias**: Literary analysis can be subjective. The interpretation, while insightful, reflects one possible reading. Other readers might interpret the haiku differently, focusing on different aspects or emotions.

- **Lack of Direct Comparison to Expert Translations**: The analysis could be bolstered by directly comparing the translation to other expert translations, like the one mentioned (""Waiting for fireworks means large crowd in darkness and sweat"" or ""И жарко, и темно Стоим толпой и ждём, вот-вот Запустят фейерверк""), to validate its accuracy and consider nuances.

- **Depth of Historical and Cultural Context**: While the analysis demonstrates a good understanding of general haiku principles, it could be enriched by a deeper dive into the historical context of this specific haiku (if available) or a more detailed exploration of cultural nuances that might influence interpretation.

Overall, the analysis is thorough, well-reasoned, and demonstrates a strong understanding of haiku and literary devices. However, the inherent subjectivity of literary criticism and the potential for alternative interpretations justify a slightly reduced trust score."
満月の なまなまのぼる 天の壁,'Dome of sky speed - like the Moon rises' or 'Как ме-е-дленно Взбирается округлая луна По куполу небес',fast movement,"**Translation:**  
The full moon’s  
raw, fresh climb  
the wall of heaven.

**Interpretation:**  
The haiku presents a startling image of the full moon not as a distant, serene object, but as something actively and vigorously ascending. The phrase “なまなまのぼる” (nama-nama noboru) is crucial. “Nama-nama” carries connotations of rawness, freshness, and vivid immediacy, while “noboru” means to climb or rise. Together, they transform the moon’s motion into something urgent, almost visceral—a dynamic, forceful push against the dome of the sky, which is rendered not as empty space but as a solid “wall.” This creates a sense of swift, relentless momentum, as if the moon is so bright and newly risen it seems to be moving faster than thought, straining against the very fabric of the night.

**Literary Criticism:**  
This haiku achieves a remarkable subversion of a classic poetic subject. Rather than contemplating the moon’s stillness or melancholic beauty, the poet captures a single explosive moment of its apparition. The criticism rests on its masterful use of kinetic language and perceptual distortion.

First, the poet employs intense sensory language to convey speed and immediacy. The repetition in “なまなま” (nama-nama) is both an auditory and tactile device—it mimics a gasping breath or a pulsing rhythm, embedding the feeling of rapid motion within the word itself. This grammatical choice forces the reader to experience the climb as something happening *now*, in an unmediated and almost overwhelming way.

Second, the haiku operates on a powerful juxtaposition of scale and resistance. The “wall of heaven” establishes a vast, static, and imposing boundary. The moon’s “raw, fresh climb” against it introduces a dramatic tension—a celestial body is reimagined as an active agent in a struggle. This contrast magnifies the perceived energy and speed of the moon; its movement feels more significant and effortful because it is framed as an ascent against a tangible surface. It turns an astronomical event into a moment of narrative drama.

Finally, the poem compresses time and exploits perspective. A full moonrise is typically observed as a slow, majestic arc. Here, the poet condenses that experience into the immediate sensation of the initial breach of the horizon, the moment it becomes fully visible. By focusing on this instant with such heightened, almost crude language (“raw, fresh”), the poet collapses the duration of the event into a flash of perception. The haiku thus becomes less about the moon as an object and more about the subjective, startling *experience* of witnessing its rise—an experience characterized by breathtaking speed and dynamic force.",0.8,"Trust Score: 0.8

The provided answer offers a thorough translation, interpretation, and literary criticism of the haiku 満月の なまなまのぼる 天の壁. Here's why I estimate the trustworthiness of this analysis to be 0.8:

1. **Sensitivity to Linguistic Nuances:** The analysis correctly captures the nuances of the Japanese text, particularly the connotations of ""なまなまのぼる"" (nama-nama noboru) as suggesting rawness, freshness, and immediacy. This shows a good understanding of the original language.

2. **Cultural and Poetic Context:** The interpretation situates the haiku within a broader poetic tradition, noting its subversion of classic themes associated with the moon. This contextualization demonstrates a solid grasp of literary devices and poetic expectations.

3. **Depth of Literary Criticism:** The criticism provided is detailed and thoughtful, highlighting the poet's use of kinetic language, juxtaposition of scale and resistance, and manipulation of time and perspective. These observations are insightful and relevant to understanding the haiku's literary merit.

4. **Comparative Analysis:** Although not directly provided, the mention of alternative translations ('Dome of sky speed - like the Moon rises' or 'Как ме-е-дленно Взбирается округлая луна По куполу небес') allows for an understanding that there are multiple ways to interpret and translate the haiku. This implicitly acknowledges the complexity of translating and interpreting poetic works.

However, I do not assign a perfect score (1.0) for several reasons:

- **Subjectivity in Interpretation:** Literary criticism, especially of poetry, can be highly subjective. Different readers may interpret the haiku's imagery, themes, and literary devices in varying ways. The analysis provided is compelling but represents one of several possible interpretations.

- **Limited Contextual Background:** The analysis does not provide information on the poet's background, the historical period in which the haiku was written, or specific cultural references that might influence its interpretation. Such context can be crucial for a deeper understanding of the poet's intentions and the haiku's original reception.

- **Translation Challenges:** The translation and interpretation hinge on the accurate conveyance of the original's poetic effects. While the translation seems fitting, the inherent challenges in translating poetry (e.g., capturing tone, meter, and imagery across languages and cultures) mean that even the most skilled translators and critics may not fully align with all readers' perceptions or alternative translations.

Overall, the analysis is thorough, well-reasoned, and demonstrates a strong understanding of both the original text and literary criticism principles. However, the inherent complexities of literary analysis and translation mean that trustworthiness, while high, cannot be absolute."
池あらば飛で芭蕉に聞かせたい,"'If there is a pond, I shall jump, so Basho will hear' or 'Будет пруд Уж я нырну: и пусть Басё услышит!'",activity in nature,"**Translation:**
If there were a pond,
I would fly and let Bashō hear:
this dragonfly.

**Interpretation:**
The poem presents a vivid, imagined scene of natural activity centered on a dragonfly. The speaker’s primary impulse is not stillness, but dynamic motion: the desire for the dragonfly to *fly*. This action is contingent upon the existence of a pond, a classic element of a serene haiku landscape, yet here it is notably absent or lamented as missing. The central activity—the dragonfly's flight—is so compelling that the poet wishes to summon the spirit of the master, Bashō, specifically to witness it. The haiku thus vibrates with a potential energy, a longing to manifest a specific, active moment in nature (the darting flight over water) and to share that kinetic experience.

**Literary Criticism:**
Critically, this haiku operates through absence, desire, and intertextual dialogue to elevate a moment of natural activity. The stated absence of the pond (""if there were"") creates a poignant tension, making the imagined flight of the dragonfly not merely an observation but a yearned-for event. This transforms the insect from a static subject into a symbol of pure, aspirational movement.

The poem engages profoundly with the literary tradition, specifically Bashō's most famous haiku: ""The old pond— / a frog jumps in / sound of water."" Here, the speaker actively challenges and converses with that legacy. Bashō’s poem captures a sudden, singular event that breaks eternal silence. In contrast, this haiku desires to create its *own* defining event—not a frog’s aqueous plunge, but a dragonfly’s aerial flight. The wish to ""let Bashō hear"" is crucial; it suggests the sound of the wings or the essence of the movement is a worthy successor to the ""sound of water."" It is a declaration that the modern poet seeks to present a new kinetic truth in nature worthy of the master’s attention.

Formally, the haiku’s energy derives from its verb choices. ""Fly"" (飛で) is the explosive, central action, while ""let hear"" (聞かせたい) is a verb of intent and sharing, framing the natural activity as artistic communication. The seasonal reference (""dragonfly"" for late summer) grounds this desire in the real, turning the poem into a specific, urgent wish born of the season itself. Ultimately, the haiku is a meta-critical celebration of nature’s active phenomena as the core subject of the genre, arguing for the continued relevance of capturing its fleeting, dynamic moments.",0.4,"Trust Score: 0.4

The provided answer offers a detailed translation, interpretation, and literary criticism of the haiku 池あらば飛で芭蕉に聞かせたい. However, there are significant discrepancies between the provided translation and the human expert translation, which raises concerns about the accuracy and trustworthiness of the answer.

The provided translation, ""If there were a pond, / I would fly and let Bashō hear: / this dragonfly,"" does not align with the human expert translation, which suggests a more accurate rendering as ""If there is a pond, I shall jump, so Basho will hear"" or 'Будет пруд Уж я нырну: и пусть Басё услышит!'. The verb ""飛で"" (tobide) seems to be translated as ""fly"" in the provided answer, but the human expert translation implies that it could be interpreted as ""jump"" or ""dive"" (nyaru).

Given this discrepancy, the interpretation and literary criticism built upon the provided translation may not accurately reflect the nuances and intentions of the original haiku. While the answer demonstrates a thorough understanding of haiku structure, literary devices, and historical context, the foundation of the analysis appears flawed.

The literary criticism section attempts to engage with the haiku's intertextual dialogue with Bashō's famous haiku, but this discussion relies heavily on the provided translation. As a result, the validity of the claims made about the haiku's themes, imagery, and artistic goals is compromised.

Considering these factors, I estimate the trustworthiness of the provided answer at 0.4, indicating that while the answer demonstrates some understanding of haiku analysis and literary criticism, its reliability is limited by the inaccurate translation and subsequent flawed interpretation."
をちこちに滝の音聞く若葉かな,"'Here and there, young leaves listen to waterfall voice' or 'И далеко и близко Внимает звукам водопада Юная листва!'",ignorance of young,"**Translation:**
Here and there,
the sound of waterfalls is heard
in the young leaves.

**Interpretation:**
The haiku paints a scene of early summer, where the forests are clothed in vibrant new foliage. The phrase ""here and there"" suggests a scattered, diffuse awareness, as if the perception is not focused but gently wandering. The powerful, constant roar of waterfalls—an ancient, enduring force of nature—permeates this fresh green world. The young leaves, a symbol of nascent life and tender growth, are the perceptual vessel. They do not actively seek the sound; rather, the sound *comes to them*, filling the space they inhabit. There is a profound passivity in their experience. The immense, timeless reality of the waterfalls exists independently, while the ""young leaves"" simply receive it, enveloped in a sensory moment they may not yet comprehend in its full depth. The scene captures a state of being immersed in a grandeur that precedes and will outlast one's own fleeting existence, sensed but not fully known.

**Literary Criticism:**
This haiku is a masterful study in scale and perspective, achieving a sublime contrast through minimalist means. Bashō juxtaposes the monumental (""the sound of waterfalls,"" suggesting volume, power, and permanence) with the delicate and ephemeral (""young leaves""). The critical tension arises from the point of perception: the eternal is filtered through the transient. The leaves' ""hearing"" is not an act of focused contemplation but a passive, ambient reception. This creates a powerful aesthetic of *sabi*—a quiet, poignant beauty tinged with loneliness. The waterfalls’ sound is a reminder of the deep, unchanging rhythms of nature, while the young leaves embody the brief, particular moment.

The genius of the poem lies in its implied subjectivity. The haiku does not describe the waterfall itself, but its sound as apprehended *within* the realm of the young leaves. This focalization limits the scope to a fresh, uncomprehending sensibility. The criticism thus centers on how Bashō uses this limited perspective to evoke a much vaster universe. The leaves' ignorance is not a fault but a condition of their beauty and transience; their very newness makes them perfect vessels for sensing, without fully analyzing, the world's profundity. The poem becomes a metaphor for the human condition: we are often the ""young leaves,"" surrounded by and immersed in forces—historical, natural, spiritual—whose full weight and meaning we can only partially grasp. The final exclamatory particle ""かな"" (*kana*) seals this mood of wondering, emotional resonance rather than intellectual understanding, inviting the reader to share in this moment of awe-filled, naive immersion.",0.9,"Trust Score: 0.9

The provided answer offers a thorough translation, interpretation, and literary criticism of the haiku をちこちに滝の音聞く若葉かな. Here's why I estimate the trustworthiness of this analysis to be 0.9:

1. **Accurate Translation**: The translation ""Here and there, / the sound of waterfalls is heard / in the young leaves"" accurately conveys the original haiku's meaning. Although not identical, it aligns with the human expert translation, capturing the essence of the poem.

2. **Contextual Understanding**: The interpretation correctly identifies the scene as early summer, with vibrant new foliage, and recognizes the contrast between the powerful, constant sound of waterfalls and the tender, young leaves. This shows a good understanding of the haiku's context.

3. **Literary Analysis**: The literary criticism provided is insightful, highlighting the haiku's masterful use of scale and perspective, the contrast between the monumental and the delicate, and the aesthetic of *sabi*. The analysis also correctly identifies the poem's implied subjectivity and its focus on the limited perspective of the young leaves.

4. **Cultural and Poetic Devices**: The answer demonstrates a good grasp of traditional Japanese poetic devices and cultural nuances, such as the concept of *sabi* and the use of the exclamatory particle ""かな"" (*kana*) to convey a mood of wondering, emotional resonance.

5. **Depth of Analysis**: The analysis goes beyond a superficial interpretation, delving into the poem's themes, such as the human condition, the fleeting nature of life, and the relationship between the individual and the vast, unchanging forces of nature.

The only reasons I wouldn't give it a perfect score (1.0) are:

- The analysis, while thorough, might reflect a slightly subjective interpretation. Different readers might derive slightly different insights or emphasis from the haiku.
- The discussion could benefit from a more explicit reference to the historical and literary context of Bashō's work, although this is not always expected in brief analyses.

Overall, the analysis demonstrates a deep understanding of the haiku, its literary devices, and its cultural context, making it highly trustworthy."
此あたり目に見ゆるものみなすゞし,'All things before your eyes look like a cool silk' or 'В этих краях Все вещи видимые глазу Несут прохладу',desire for warmth,"**Translation:**
""In this vicinity,
everything one sees
is cool and fresh.""

**Interpretation:**
The haiku presents a moment of profound sensory and emotional relief. The speaker, having likely traversed a taxing, sun-beaten path, arrives at a specific locale where the entire field of vision—""everything one sees""—is permeated by a refreshing coolness. This ""coolness"" (suzushi) is not merely a temperature but a holistic, soothing quality that washes over the observer, offering respite. The verse captures more than a simple observation of weather; it conveys a deep, satiated yearning for comfort and reprieve. The emphatic ""mina"" (all, everything) suggests a totality of experience, where the environment itself has transformed into an embrace of solace, answering an unspoken desire for gentleness and restorative peace after exertion or discomfort.

**Literary Criticism:**
Bashō's genius here lies in his mastery of *yōen* (ethereal beauty) and profound suggestiveness. The criticism centers on how the poet evokes a complex human need through starkly simple, objective imagery. He does not name the preceding heat, weariness, or desire explicitly; instead, he renders the *fulfillment* of that desire palpable through its effect. The single adjective ""suzushi"" (cool/fresh) becomes the emotional core of the poem, charged with the contrast against everything absent from the frame. This technique of *yojo* (overflowing emotion) allows the reader to feel the longing that precedes the moment, making the sensory relief all the more resonant.

Furthermore, the haiku’s structure enacts this experience. The first two phrases, ""kono atari / me ni miyuru mono"" (In this vicinity / everything one sees), create a deliberate, sweeping gaze. The cutting word (*kireji*) implied at the end of line two (or the pause before ""mina"") marks a transition from simple observation to a sudden, overwhelming realization, culminating in the release of the word ""suzushi."" This technical construction mirrors the psychological movement from search to discovery, from need to satisfaction. The poem thus transcends a mere seasonal sketch (*kigo* for summer) to become a minimalist portrait of a universal human moment: the quest for and arrival at a place of physical and spiritual comfort, where the world momentarily aligns perfectly with one's deepest need for warmth’s gentle counterpart—soothing, protective coolness.",0.8,"Trust Score: 0.8

The provided answer offers a thorough translation, interpretation, and literary criticism of the haiku 此あたり目に見ゆるものみなすゞし. Here's why I estimate the trustworthiness of this analysis to be 0.8:

1. **Depth of Analysis**: The answer provides a detailed breakdown of the haiku, including its translation, interpretation, and literary criticism. It explores the sensory and emotional aspects of the poem, discusses the poet's techniques, and connects the haiku to universal human experiences.

2. **Understanding of Poetic Techniques**: The analysis demonstrates a good understanding of traditional Japanese poetic techniques such as *yōen* (ethereal beauty), *yojo* (overflowing emotion), and the structural implications of the haiku form. This shows that the critic is well-versed in the literary devices and effects commonly used in haiku poetry.

3. **Contextualization**: The critic places the haiku within a broader context of human experience, discussing the quest for comfort and relief. This helps in making the poem relatable and understandable to readers.

4. **Alignment with Expert Translations**: The provided translations by human experts (""All things before your eyes look like a cool silk"" or ""В этих краях Все вещи видимые глазу Несут прохладу"") seem to support the essence of the analyzed translation (""In this vicinity, everything one sees is cool and fresh""), indicating that the core idea of the haiku is captured accurately.

However, I do not assign a perfect score of 1 for several reasons:

1. **Subjectivity**: Literary criticism, especially of poetry, can be highly subjective. Different readers may interpret the haiku differently based on their experiences, cultural background, and understanding of poetic devices.

2. **Limited Context**: The analysis does not provide historical context about the haiku's composition, Bashō's personal life at the time, or specific cultural references that might have influenced the poem. This kind of context can be crucial for a deeper understanding.

3. **Potential for Overanalysis**: Haiku often aim for simplicity and immediacy. While the provided analysis is compelling, there's a risk of overinterpreting or projecting meanings that, while insightful, might not have been explicitly intended by Bashō.

Overall, the analysis appears thoughtful, well-informed, and engaging, suggesting a high level of trustworthiness. However, the inherent complexities of literary analysis and the subjective nature of interpretation prevent a perfect score."
生涯の決断だってするトイレ,'Toilet is the place for life-defining decisions' or 'Принимаются здесь Жизненно важные решения Мой туалет!',irresponsibility,"**Translation:**
Even lifelong decisions / are made / in the toilet.

**Interpretation:**
The poem presents a stark, humorous contrast between the monumental gravity of a ""lifelong decision"" and the utterly mundane, transient, and private space of the toilet. This juxtaposition does not elevate the private moment but rather diminishes the decision. To relegate a choice that will define one's path to a place associated with physical elimination and fleeting solitude suggests a profound trivialization of one's own future. The act is framed as something casual, almost accidental, undertaken in a space of haste and privacy rather than through careful, deliberate, and respectful contemplation. The use of the colloquial ""だって"" (""even"" or ""the likes of"") adds a tone of dismissiveness, as if the speaker is shrugging at the significance of these pivotal moments, treating them as just another bodily function to be disposed of quickly and in secret.

**Literary Criticism:**
This haiku is a potent critique of modern alienation and the erosion of intentionality. By situating a ""lifelong decision"" within the ""toilet,"" the poet masterfully employs bathos—the abrupt descent from the elevated to the commonplace—to expose a spiritual and existential carelessness. The traditional Japanese aesthetic of *wabi-sabi*, which finds depth and beauty in humble, transient spaces, is here inverted. The toilet is not rendered sacred by the weight of the decision; instead, the decision is rendered profane by its location.

The poem’s power lies in its uncomfortable accuracy regarding contemporary life, where profound choices (about careers, relationships, identity) are often made in isolated, distracted states—scrolling on a phone in a moment of solitude, overwhelmed by immediacy rather than guided by reflection. The haiku form, traditionally used to capture a keen observation of nature and a moment of enlightenment (*satori*), is repurposed to capture a moment of diminishment. The 5-7-5 structure confines this irreverent concept, mirroring how the speaker's potential is confined and wasted in a sterile, functional space. It is a minimalist masterpiece of existential satire, suggesting that when we refuse to grant our choices the ceremony and conscious space they deserve, we risk flushing our own agency away.",0.8,"Trust Score: 0.8

The provided answer offers a thorough translation, interpretation, and literary criticism of the haiku 生涯の決断だってするトイレ. Here's why I estimate the trustworthiness of this analysis to be 0.8:

1. **Accurate Translation**: The translation ""Even lifelong decisions / are made / in the toilet"" accurately conveys the content of the haiku. It captures the juxtaposition of significant life decisions with the mundane setting of a toilet.

2. **Plausible Interpretation**: The interpretation provided highlights the contrast between the gravity of lifelong decisions and the triviality of the toilet setting. It suggests that the poem trivializes the importance of such decisions by associating them with a place of solitude and physical relief. This reading seems to align with the text.

3. **Literary Criticism Insights**: The literary criticism section offers a thoughtful analysis of the poem as a critique of modern alienation and the lack of intentionality in making significant life choices. It correctly identifies the use of bathos and the inversion of traditional Japanese aesthetics. The critique also successfully connects the poem's themes to contemporary experiences.

4. **Contextual Understanding**: The analysis demonstrates an understanding of the haiku form and its traditional uses, which enhances the critique of how this poem subverts expectations.

However, I do not assign a perfect score (1.0) for several reasons:

- **Subjectivity**: Literary analysis can be highly subjective. Different readers might interpret the haiku and its implications differently. The analysis provided is compelling but represents one of potentially many valid interpretations.

- **Cultural and Linguistic Nuances**: The original haiku and its nuances might be deeply rooted in Japanese culture and language, which could be challenging for a non-native speaker or reader to fully grasp. The use of ""だって"" is noted, but there might be additional cultural or linguistic subtleties not fully explored.

- **Alternative Perspectives**: The analysis by a human expert, suggesting translations like ""Toilet is the place for life-defining decisions,"" offers a slightly different perspective, which could also be valid. This indicates that the interpretation might not be definitive.

Overall, the provided analysis is thorough, insightful, and well-reasoned, making it trustworthy. However, the inherent subjectivity of literary criticism and potential nuances of language and culture mean that it is not absolute, hence a score of 0.8 rather than 1.0."
春昼の指とどまれば琴も止む,"'To enjoy Spring quiet day, I stopped playing, and koto went silent' or 'В весенний полдень Пальцы уберу со струн И кото замолчит'",liveliness of Spring,"**Translation:**  
A spring daytime—  
if the finger comes to rest,  
the koto also stops.

**Interpretation:**  
The scene captures a moment of suspended animation within the vibrant energy of a spring day. A musician’s finger pauses over the strings of a koto, and with that pause, the instrument’s music ceases. Yet this silence is not empty; it is filled with the palpable hum of spring. The very act of stopping creates a conscious rift, allowing the listener—and the reader—to perceive the lively atmosphere that the music had momentarily obscured: the distant birdsong, the rustle of new leaves, the warm breath of the sun. The haiku suggests that liveliness is most acutely felt not in continuous sound, but in the charged interval between sounds, where the fullness of the season rushes in.

**Literary Criticism:**  
This haiku employs a masterful economy of gesture to evoke a vast sensory world. Its power lies in its use of negation and implication. By stating what stops—the finger, the koto—it directs attention to everything that does *not* stop: the unfolding life of a ""spring daytime."" The poem operates on a principle of perceptual contrast. The crafted, cultural sound of the instrument gives way to the natural, unstructured symphony of the season, highlighting spring’s pervasive and dominant vitality.

Furthermore, the haiku subverts the traditional *kigo* (seasonal word) expectation. While ""spring daytime"" (*shunchū*) sets the scene, the poem does not describe spring’s imagery directly. Instead, it makes spring an active, felt presence through absence. The cessation of human activity becomes the conduit for experiencing nature’s ceaseless activity. This technique aligns with the Zen-inflected aesthetic of *ma* (negative space), where emptiness holds meaning and silence resonates. The poem critiques a purely anthropocentric engagement with the world; it is only when human artistry halts that the profound, bustling artistry of the season can be fully acknowledged. Thus, a seemingly simple record of a pause becomes a profound commentary on attention, presence, and the immersive, living texture of the natural world.",0.8,"Trust Score: 0.8

The provided interpretation and literary criticism of the haiku 春昼の指とどまれば琴も止む demonstrate a deep understanding of the poem's structure, imagery, and themes. Here's why I estimate the trustworthiness of the interpretation and literary criticism to be 0.8:

1. **Accurate translation**: The translation provided, ""A spring daytime—  if the finger comes to rest,  the koto also stops,"" accurately conveys the original haiku's meaning, capturing the essential elements of the scene.

2. **Insightful interpretation**: The interpretation effectively captures the haiku's themes of suspended animation, the contrast between human-made sound and natural sounds, and the vibrant energy of spring. The analysis of the poem's use of negation and implication is thoughtful and well-supported.

3. **Literary criticism depth**: The literary criticism section provides a nuanced analysis of the haiku's literary devices, such as the use of *kigo* and *ma* (negative space). The critique of anthropocentric engagement with the world and the commentary on attention, presence, and the natural world are insightful and align with common interpretations of haiku poetry.

4. **Contextual understanding**: The analysis demonstrates an understanding of the cultural and historical context of haiku poetry, including its traditional structures and aesthetics.

However, I do not assign a perfect score (1.0) for several reasons:

1. **Subjectivity**: Interpretations of poetry can be subjective, and different readers may derive varying insights from the same haiku.

2. **Limited context**: Without information about the haiku's author, historical context, and potential intended meaning, the interpretation relies on the reader's understanding of haiku poetry in general.

3. **Comparative analysis**: The provided human expert translations offer slightly different perspectives on the haiku's meaning, which might suggest that the interpretation is not the only valid one.

Overall, the provided interpretation and literary criticism demonstrate a high level of trustworthiness, but some degree of subjectivity and variability in interpretation is inherent in literary analysis."
ぜったいにゆうしょうそうなウンチでた,"'Defenitly, what came out looks like a shit of champion' or 'Вот уж точно Тянут на первое место Эти каки'",disappointing outcome,"**Translation:**
""Absolutely, a champion-grade / I took a poop""

**Interpretation:**
The poem captures a moment of profound anticlimax. The first two lines build intense, almost heroic anticipation, using the language of absolute certainty (""ぜったいに"") and elite competition (""ゆうしょうそうな"" – champion-grade, looking like a champion). This grand setup is dramatically undercut by the mundane, bodily conclusion. The experience promised glory, victory, or something extraordinary, but the result was merely an ordinary physical function. It speaks to the human tendency to build narratives of significance around everyday acts, only to confront their essential banality. The emotional arc moves from thrilling expectation to flat, undeniable reality.

**Literary Criticism:**
This haiku is a masterful modern subversion of the traditional form’s intent. Classical haiku often seeks a moment of sublime insight (*satori*) or a deep connection with nature (*kigo*). Here, the epiphany is one of comic deflation. The poem employs **bathos**—a sudden shift from the elevated to the commonplace—as its central technique. The elevated diction of the setup makes the colloquial, childlike word ""ウンチ"" (poop) all the more jarring and effective.

Critically, the haiku functions as a parody of ambition and self-mythology. The subject, likely the speaker themselves, has interpreted a private, biological event through a lens of grandiosity. The poem thus critiques the ego’s desire to narrate even the most base experiences as epic. Furthermore, it engages with **literary realism** of the most unflinching kind, insisting on the body’s stubborn, un-poetic truths. The disappointment is not just in the event, but in the failure of the imagination to transcend the physical. It suggests that our most certain victories are often illusions, and the universe’s response to our personal dramas can be embarrassingly literal. In this, the haiku achieves a different, wry kind of wisdom: a humbling reminder of the gap between our aspirations and our animal nature.",0.8,"Trust Score: 0.8

The provided answer offers a thorough translation, interpretation, and literary criticism of the haiku ぜったいにゆうしょうそうなウンチでた. Here's why I estimate the trustworthiness of this analysis to be 0.8:

1. **Accurate Translation**: The translation ""Absolutely, a champion-grade / I took a poop"" effectively captures the essence of the haiku, although it slightly deviates from more literal translations like ""Defenitly, what came out looks like a shit of champion"". The choice of ""took a poop"" might be considered informal or childish, but it aligns with the tone and intent inferred from the original.

2. **Plausible Interpretation**: The interpretation provided highlights the anticlimax and the contrast between the anticipated glory and the mundane reality. This reading aligns well with the haiku's structure and language, particularly how it sets up a grand expectation only to subvert it.

3. **Literary Criticism Insights**: The literary criticism offers astute observations on the haiku's use of bathos, its subversion of traditional haiku expectations, and its engagement with themes of self-mythology and literary realism. These insights demonstrate a deep understanding of literary devices and the haiku's place within both traditional and modern literary contexts.

4. **Contextual Understanding**: The analysis correctly identifies the haiku as a modern piece that subverts traditional forms and expectations, showing an understanding of its place within contemporary literature.

However, I do not assign a perfect score (1.0) for a few reasons:

- **Potential for Subjectivity**: Literary analysis can be highly subjective. While the provided interpretation and criticism are compelling, they might not be universally accepted. Different readers might interpret the haiku's tone, intent, or literary devices differently.

- **Dependence on Cultural Context**: The analysis assumes a certain level of cultural and literary context knowledge. Readers unfamiliar with traditional haiku, the use of bathos, or the specific cultural nuances of the original text might find parts of the analysis less accessible or require additional context to fully appreciate.

- **Translation Nuances**: The choice of translation can influence interpretation. A slightly different translation might lead to a somewhat different analysis. For instance, focusing more on ""what came out"" looks like a champion-grade shit might emphasize the product/result aspect rather than the act of taking it.

Overall, the analysis provided is thoughtful, well-informed, and effectively communicates the haiku's impact and literary significance, warranting a high trustworthiness score."
除夜の湯に肌触れあへり生くるべし,"'In the hot water of New Year's bath, our bare skins finally came inещ contact - it is time to live at full extent' or 'В купели новогодней Соприкоснулась кожа с кожей — А значит надо жить'",indifference to temptations,"**Translation:**
In the year-end bath,
skin touches skin.
I must go on living.

**Interpretation:**
The scene is a public bath on *joya*, New Year's Eve, a time of cleansing and preparation. The phrase ""skin touches skin"" (*hada fureaueri*) describes an unavoidable, anonymous physical intimacy in the crowded water. However, the final line, ""I must go on living"" (*ikirubeshi*), is not a cry of despair or a leap of joy from this contact. Instead, it emerges as a quiet, resolute declaration. The communal immersion and fleeting human contact, which could be seen as a temptation towards ephemeral connection or a surrender to the collective, are met not with engagement but with a reaffirmation of solitary, enduring selfhood. The sensual experience of the bath becomes a catalyst not for indulgence, but for a clarified, almost austere commitment to the fundamental act of continuing one's own existence.

**Literary Criticism:**
This haiku achieves a powerful effect through stark juxtaposition and tonal discipline. It places a highly specific, sensory image of communal life (the bath) against a vast, abstract existential statement (""I must go on living""). The critical tension lies in the disconnect between the two. Traditional year-end poetry often engages with nostalgia, renewal, or transience, but here, the poet uses the setting to stage an encounter with indifference. The ""temptation"" of the moment—the warmth, the human touch, the symbolic cleansing—is acknowledged yet ultimately subordinated to an internal resolve.

The grammar is telling: *""fureaueri""* (touch each other) is in the perfective form, indicating a completed action that lies outside the speaker's volition. It is something that *happened to* the speaker in the bath. The concluding *""ikirubeshi,""* however, is a decisive declaration of necessity. This structural shift from passive experience to active, internal resolution frames the sensual moment as an observed phenomenon, not a transformative one. The haiku's literary strength is its compression of a philosophical stance—the assertion of the enduring self amidst the flux of sensual and social life—into a momentary, mundane snapshot. It critiques, by embodying, a kind of existential resilience that finds its force not in rejection, but in a calm acknowledgment and subsequent turning inward. The bath's temptations do not alter the course of the self; they merely remind it of its own solitary and necessary journey.",0.8,"Trust Score: 0.8

The provided answer offers a thorough translation, interpretation, and literary criticism of the haiku. Here's why I estimate the trustworthiness of this analysis to be high, though not perfect:

1. **Cultural and Contextual Understanding**: The analysis demonstrates a strong grasp of the cultural context, particularly the significance of *joya* (New Year's Eve) and the traditional Japanese bath. This shows that the critic is familiar with the cultural backdrop against which the haiku is set.

2. **Linguistic Accuracy and Sensitivity**: The translation and interpretation of specific phrases, such as ""肌触れあへり"" (hada fureaueri) to ""skin touches skin,"" reflect a careful consideration of the original text's nuances. The use of ""fureaueri"" in the perfective form is accurately noted and interpreted as indicating a completed action beyond the speaker's control.

3. **Depth of Interpretation**: The analysis moves beyond a superficial translation to offer a deep interpretation of the haiku's themes. It identifies the juxtaposition of a specific, sensory experience with a broad existential statement, and it effectively explores the implications of this juxtaposition.

4. **Literary Criticism Insights**: The literary criticism section provides insightful comments on the haiku's structure, tone, and effect. The discussion of how the poem achieves its impact through ""stark juxtaposition and tonal discipline"" is particularly compelling.

However, I do not assign a perfect score (1.0) for several reasons:

1. **Subjectivity and Potential Bias**: Literary criticism, by its nature, can be subjective. The interpretation provided, while well-supported, reflects one possible reading among potentially many. Different readers might emphasize different aspects of the haiku or propose alternative interpretations.

2. **Dependence on External Expertise**: The question mentions a human expert translation that slightly differs from the provided translation. This discrepancy highlights that translation and interpretation can vary, and the trustworthiness of the analysis partly depends on the alignment with expert opinions or textual analyses.

3. **Limited Contextualization within Broader Literary Traditions**: While the analysis situates the haiku within a general understanding of traditional year-end poetry, a more detailed discussion of its place within specific literary movements, the poet's oeuvre, or comparative literature could further enhance its trustworthiness.

Overall, the analysis demonstrates a sophisticated understanding of the haiku, its cultural context, and literary techniques. While acknowledging the inherent subjectivity in literary criticism, the thoroughness and insight of the provided analysis justify a high trustworthiness score."
ほのかなる空の匂ひや秋の晴,'Clear Autumn days - aura of sky becomes faint' or 'Неба аромат Едва-едва уловимый! Солнечная осень',intensity of senses,"**Translation:**  
A faint scent of the sky—  
ah, autumn clear.

**Interpretation:**  
The poem captures a moment of profound atmospheric clarity. Rather than describing overt richness, it focuses on a barely perceptible scent carried on the air—an almost intangible fragrance of the heavens themselves. This subtlety does not diminish the sensory experience but intensifies it, demanding the reader’s fullest attention. The “autumn clear” sky is not just seen but inhaled, merging sight and smell into a single, sharp impression of the season’s essence. The exclamatory “ya” cuts the line, marking the moment of awareness, where a faint sensation suddenly swells into a feeling of vast, crystalline openness.

**Literary Criticism:**  
This haiku exemplifies the power of understatement and synesthetic suggestion in classical Japanese poetry. By attributing a “faint scent” to the sky—an element typically considered odorless—the poet defies conventional perception and engages the reader’s imagination to complete the sensation. The technique relies on *yojō* (emotional resonance) rather than direct description; the very faintness of the scent heightens its emotional and sensory impact, evoking the crisp, purified air of autumn after humidity has lifted. The fragment “autumn clear” acts as both a visual and somatic resolution, anchoring the ethereal scent in a specific, vivid seasonal clarity. In its brevity, the poem moves beyond mere observation to enact a moment of heightened awareness, where the faint becomes monumental, and the senses intermingle to perceive the atmosphere in its totality. It is a masterful exercise in restraint, where what is almost unnoticed becomes the very catalyst for profound sensory and emotional awakening.",0.8,"Trust Score: 0.8

The provided answer offers a thoughtful translation, interpretation, and literary criticism of the haiku ほのかなる空の匂ひや秋の晴. Here's why I estimate its trustworthiness at 0.8:

1. **Sensitivity to the original text**: The translation and interpretation demonstrate a good understanding of the haiku's nuances, particularly in capturing the essence of ""ほのかなる"" (faint, subtle) and the seasonal reference to ""秋の晴"" (autumn clear).

2. **Literary analysis**: The literary criticism provided is insightful, highlighting the poem's use of understatement, synesthesia, and *yojō* (emotional resonance), which are all significant aspects of classical Japanese poetry.

3. **Cultural and poetic context**: The analysis correctly places the haiku within the context of classical Japanese poetry, noting techniques specific to the genre.

However, I don't assign a perfect score (1.0) for a few reasons:

1. **Translation nuances**: While the translation provided (""A faint scent of the sky— / ah, autumn clear."") is poetic and understandable, it may not fully capture the subtleties of the original. For instance, ""ほのかなる"" suggests a very faint or barely perceptible scent, which the translation conveys well. However, the exclamatory ""ya"" and its placement are crucial; the translation might slightly misrepresent the original's emphasis or flow.

2. **Alternative interpretations**: The human expert translations (""Clear Autumn days - aura of sky becomes faint"" or ""Неба аромат Едва-едва уловимый! Солнечная осень"") offer slightly different nuances. For example, they emphasize the change or state of the sky's aura becoming faint more directly. This indicates that while the provided answer is highly credible, there can be multiple valid interpretations of the haiku.

3. **Depth of cultural context**: While the literary criticism is strong, an even deeper integration of cultural context or comparison with similar haiku could further validate the interpretation.

Overall, the provided answer demonstrates a high level of understanding and analytical skill, making its trustworthiness score 0.8."
冬薔薇やわが掌が握るわが生涯,"'My hands can hold both, and winter rose and my destiny' or 'Зимняя роза! В руках своих держу Свою судьбу'",inpartiality to gentle things,"**Translation:**
Winter rose—
my palm holds
my entire life.

**Interpretation:**
The poem presents a moment of profound connection with a winter rose, a symbol of stark and fragile beauty persisting against the harsh cold. The speaker’s gaze falls upon the bloom, and in that act of attention, a gesture arises: the palm closes, not upon the rose itself, but as if it could hold the flower’s essence. This imagined or symbolic act becomes an immediate, encompassing metaphor. The “entire life” held in the palm is not a summation of years or deeds, but the totality of the speaker’s existence as felt in that crystallized instant—its fragility, its tenacity, its quiet beauty mirrored in the flower. The haiku suggests that a lifetime’s meaning can be apprehended through a single, gentle act of focused perception, where the boundary between the observed object and the observing self dissolves. The winter rose is not merely an object of pity or admiration, but a quiet equal, a mirror held up to the condition of a life.

**Literary Criticism:**
This haiku achieves a remarkable synthesis of austerity and profundity through its minimalist structure and resonant imagery. Its power derives from a radical, non-hierarchical observation. The poem refuses to dramatize the winter rose as a symbol of pitiful struggle or triumphant defiance, which are more conventional readings. Instead, it meets the flower with a serene and absolute attention that is, in itself, a form of impartiality. The gentle act of the palm “holding” is not one of possession or protection, but of receptive comprehension.

The critical force of the haiku lies in this very equanimity. It challenges the reader to consider value and meaning outside of grand narratives or climatic seasons. By equating the delicate, cold-enduring rose with “my entire life,” the poem elevates gentle persistence to an existential principle. It finds in a small, overlooked testament to life a complete philosophy. Structurally, the break (kireji) implied by “ya” after “winter rose” creates a pause that is both a moment of seeing and a metaphysical leap. The latter two lines then enact the consequence of that look, merging the physical gesture with the metaphysical claim. The haiku thus operates as a perfect vessel for its content: a form that is itself delicate and precise, holding within it a vast and quiet meaning. It exemplifies how the haiku, at its best, can use stark, natural imagery to dissolve the distinction between the outer world and the inner landscape, proposing that to perceive the world with such focused clarity is to understand one’s own life.",0.8,"Trust Score: 0.8

The provided answer offers a thoughtful translation, interpretation, and literary criticism of the haiku 冬薔薇やわが掌が握るわが生涯. Here's why I estimate the trustworthiness of this analysis to be 0.8:

1. **Sensitivity to Haiku Form and Tradition**: The analysis demonstrates a good understanding of haiku structure and tradition. The critic correctly identifies the pause (kireji) after ""winter rose"" and interprets its significance in creating a moment of seeing and a metaphysical leap.

2. **Literary Devices and Imagery**: The critic effectively analyzes the imagery and literary devices used in the haiku. The interpretation of the winter rose as a symbol of ""stark and fragile beauty"" and the act of holding it (or its essence) in the palm as a metaphor for comprehending one's life is well-supported.

3. **Cultural and Linguistic Nuances**: The analysis shows awareness of the nuances of the original Japanese text, even though the critic is working with a translation. The discussion of the haiku's challenge to conventional readings and its presentation of a ""radical, non-hierarchical observation"" indicates a thoughtful engagement with the poem's cultural and linguistic background.

4. **Depth of Insight**: The critic provides a deep and insightful analysis that goes beyond a superficial reading. The discussion of the haiku's synthesis of ""austerity and profundity"" and its implications for understanding value, meaning, and existence demonstrates a high level of literary insight.

However, I do not assign a perfect score (1.0) for several reasons:

1. **Alternative Translations and Interpretations**: The existence of alternative translations, such as ""My hands can hold both, and winter rose and my destiny"" or ""Зимняя роза! В руках своих держу Свою судьбу"", suggests that there might be more than one valid way to interpret the haiku. This could imply that the provided analysis, while compelling, is not the only perspective.

2. **Subjectivity in Literary Criticism**: Literary criticism, especially of poetry, can be highly subjective. Different readers may derive different meanings from the same text based on their experiences, cultural backgrounds, and theoretical orientations. This subjectivity inherently limits the trustworthiness of any single analysis.

3. **Potential for Overinterpretation**: The critic's analysis, while insightful, may also risk overinterpretation. The dense and suggestive nature of haiku can lead critics to see more in the poem than is actually there, even if the analysis is well-supported.

In conclusion, while the provided analysis is thorough, insightful, and demonstrates a good understanding of haiku tradition and literary devices, its trustworthiness is slightly diminished by the subjective nature of literary criticism and the existence of alternative interpretations."
古池やみんな飛び込もう芭蕉次に,"'In the old pond, let us all jump after Basho' or 'Старый пруд! Прыгнем все вместе  Вслед за Басё'",phobia of water,"**Translation:**  
Old pond—  
everyone's jumping in,  
so Bashō goes next.

*Note: This is a playful, modern parody of Bashō's original ""old pond / a frog leaps in / water's sound"" (古池や蛙飛び込む水の音). The parody replaces the frog with ""everyone"" and inserts Bashō as a reluctant participant.*

**Interpretation:**  
The scene opens with an image of profound stillness: the ancient, secluded pond embodies a timeless, almost oppressive quiet. This stillness is violently shattered not by a single natural creature, but by a social imperative—""everyone's jumping in."" The communal action creates a pressure that contrasts starkly with the pond’s solitary nature. The speaker, identified as Bashō, is separate, observing. His decision to go ""next"" is not one of spontaneous joy or poetic inspiration, but of compelled succession. The pond’s dark, deep, and likely murky water is not an inviting element of refreshment but a chaotic medium into which others disappear. The act of jumping becomes an ordeal of submission, a forced breach of the pond’s eerie calm. The haiku captures a moment of acute social anxiety centered on the water itself—a space that is cold, engulfing, and disruptive of the safe, dry observation post the poet initially occupies.

**Literary Criticism:**  
Viewed through this lens, the haiku becomes a masterful study of ambient dread and social compulsion, subverting the traditional *wabi-sabi* appreciation of tranquil decay. The ""old pond"" (古池), a classic *kigo* (seasonal word) for spring that typically suggests serene antiquity, is transformed into a site of psychological unease. Its age implies depth, hiddenness, and unknown contents, making the act of jumping an encounter with the alien and the deep.

The structure of the haiku builds this tension. The cutting word ""ya"" (や) after ""old pond"" traditionally creates a pause for awe, but here it feels more like a held breath before a disturbance. The second line, with its bustling ""everyone"" (みんな), disrupts the scene with a jarring, almost vulgar social energy. The final line, ""Bashō next,"" delivers a quiet climax of resignation. The parody’s humor derives from placing the revered master into a mundane, peer-pressured scenario, but the critical weight lies in the acute observation of his reluctance. He is not leading a poetic moment but trailing an unsettling crowd.

The literary power rests in the contradiction between the expected natural harmony and the experienced personal trepidation. The water, instead of being a medium for cleansing or aesthetic resonance (as in the original), is the phobic object. The haiku critiques the very idea of effortless integration with nature, suggesting instead that such integration can be a violent, anxiety-ridden act of conformity. It exposes the poet not as a transcendent observer but as a vulnerable individual, sensitive to both the ominous quality of the natural world and the pressures of the social one. This reading unveils a modern psychological complexity within the classical form, where the environment is not a solace but a source of silent threat, and community action becomes a wave that sweeps the individual into profound discomfort.",0.4,"Trust Score: 0.4

The provided answer offers a creative translation, interpretation, and literary criticism of the haiku. However, I estimate the trustworthiness of this interpretation to be relatively low for several reasons:

1. **Inaccurate Translation**: The provided translation ""Old pond— everyone's jumping in, so Bashō goes next"" seems to misinterpret the original haiku's meaning. A more accurate translation, as provided by human experts, is ""In the old pond, let us all jump after Basho"" or ""Старый пруд! Прыгнем все вместе  Вслед за Басё"". This discrepancy raises concerns about the author's understanding of the haiku.

2. **Overly Complex Interpretation**: The interpretation provided is overly complex and seems to impose modern anxieties and psychological complexities onto a traditional haiku. While it's possible to interpret classic literature through a modern lens, the interpretation provided may not align with the original intent or common understandings of the haiku.

3. **Lack of Contextual Understanding**: The answer does not demonstrate a clear understanding of the historical and cultural context in which the haiku was written. The original haiku by Bashō is a well-known example of traditional Japanese poetry, and its meaning is often understood within the context of Zen Buddhism and the appreciation of nature.

4. **Creative Liberties**: The author of the answer takes significant creative liberties with the interpretation, which, while engaging, may not be supported by the text or historical context.

5. **Tone and Style**: The literary criticism provided has a tone and style that seems more suited to a modern, experimental literary piece than a traditional haiku. This mismatch raises questions about the author's ability to accurately interpret and critique the haiku within its traditional context.

Overall, while the answer provides an engaging and thought-provoking interpretation, its trustworthiness is limited by inaccuracies, creative liberties, and a lack of contextual understanding."
さくら咲き起居に目立つ部屋の塵,"'Sakura blossoms invading daily life, make untidyness of my room so obvious' or 'Сакура в цвету Встал и бросилась в глаза Пыль в моем доме'",pride in the orderly life,"**Translation:**
Cherry blossoms bloom—
in the daily routine, noticeable,
the dust in the room.

**Interpretation:**
The haiku presents a striking contrast between the glorious, seasonal event of cherry blossoms blooming outside and a mundane, interior detail: dust becoming noticeable in one's room. This juxtaposition does not express annoyance or neglect. Instead, the speaker's awareness of the dust arises specifically within the context of ""起居"" (daily routine, the acts of rising and sitting, of settled life). The magnificent, transient beauty of the sakura seems to sharpen the perception of the domestic sphere, making the dust ""stand out"" not as a flaw, but as a point of focus within a quiet, orderly existence. The poem suggests a life so calm and routines so well-established that even a small particle of disorder becomes a subject of contemplation, framed by the grandeur of nature. There is a sense of pride in this attentive, disciplined life where one has the clarity to observe both the epic and the infinitesimal.

**Literary Criticism:**
This haiku achieves its effect through masterful juxtaposition and subtle psychological insight. The first line, ""さくら咲き"" (cherry blossoms bloom), is the *kigo* (seasonal word) for spring, carrying traditional connotations of breathtaking beauty and impermanence. It sets a vast, external, and culturally loaded scene. The following two lines abruptly telescope the gaze inward to the confined space of a room and the microscopic detail of dust. This shift in scale is dramatic and purposeful.

The critical pivot is the phrase ""起居に"" (in the daily routine). It acts as the conceptual lens through which the external spectacle is filtered. Rather than being drawn out into the festival of spring, the speaker's mind is turned inward, their perception refined by habitual discipline. The dust ""目立つ"" (becomes noticeable/stands out); the verb is passive, suggesting the dust announces itself to the attentive observer. This implies a state of preparedness and order—the room is likely tidy, allowing a single speck to command attention.

Literarily, the poem subverts a common expectation. One might anticipate the cherry blossoms to eclipse all minor concerns, but here, they illuminate them. The haiku aligns with the classical aesthetic of *wabi-sabi* in its focus on a humble, imperfect detail (dust), but it channels that focus toward an appreciation of human order and mental clarity rather than rustic simplicity. The economy of the form is perfect: the cherry blossoms are not described; their sheer presence as a seasonal force is enough to create the contrasting backdrop against which the quiet pride of a orderly, observant life is measured. The criticism lies in its quiet argument that true awareness and beauty are found not in distraction by external grandeur, but in the sharpened perception applied to one's immediate, cultivated world.",0.8,"Trust Score: 0.8

The provided answer offers a thorough translation, interpretation, and literary criticism of the haiku さくら咲き起居に目立つ部屋の塵. Here's why I estimate the trustworthiness of this analysis to be 0.8:

1. **Cultural and Linguistic Competence**: The analysis demonstrates a strong understanding of Japanese cultural references, such as the significance of cherry blossoms (sakura) and the concept of ""起居"" (daily routine). The critic also correctly identifies ""さくら咲き"" as a *kigo* (seasonal word) for spring, showing familiarity with traditional haiku structures.

2. **Interpretation and Insight**: The interpretation thoughtfully explores the juxtaposition of the external, natural event (cherry blossoms blooming) with the internal, mundane detail (dust in the room). It suggests that this contrast highlights the speaker's attentive and disciplined life, where even minor details become subjects of contemplation. This insight is nuanced and contextually informed.

3. **Literary Criticism**: The criticism effectively analyzes the haiku's structure and literary devices, such as juxtaposition and the use of passive verbs (""目立つ"" - becomes noticeable). It also situates the haiku within broader literary traditions, including the *wabi-sabi* aesthetic, demonstrating a sophisticated understanding of literary criticism.

4. **Contextualization and Comparative Analysis**: The critic contextualizes the haiku within the framework of traditional Japanese aesthetics and compares it with other possible interpretations, showing awareness of potential alternative readings.

However, I do not assign a perfect score (1.0) for several reasons:

- **Alternative Translations and Interpretations**: The existence of alternative translations (e.g., 'Sakura blossoms invading daily life, make untidyness of my room so obvious') suggests that there might be multiple valid interpretations of the haiku. The critic's reading, while compelling, may not be the only possible one.

- **Subjectivity in Literary Analysis**: Literary criticism inherently involves subjective judgments. While the provided analysis is well-supported and coherently argued, other critics might interpret the haiku differently, focusing on other aspects or thematic concerns.

- **Potential for Over-Interpretation**: The detailed analysis, while insightful, risks over-interpreting the haiku's meaning, especially given the traditionally concise and suggestive nature of haiku poetry.

Overall, the analysis is thorough, well-informed, and provides a compelling interpretation of the haiku. However, the inherent subjectivities in literary criticism and the existence of alternative readings prevent a perfect trustworthiness score."
掌に掬へば色なき水や夏の海,'Summer sea - skoop the water - no character in it' or 'Ладонью зачерпну Цвета нет у этой воды! Летнее море',livelyness and individuality,"**Translation:**  
Cupped in my palm, colorless water— / ah, the summer sea.

**Interpretation:**  
The poem begins with a simple, intimate action: scooping a handful of water from the vast summer ocean. In the palm, this water appears transparent, ""colorless,"" a stark contrast to the sea’s typical brilliant blue or green. This moment captures a dynamic transformation. The vast, lively, multi-hued sea—a symbol of boundless energy and life—becomes, in isolation, a clear and singular handful. Yet, this does not diminish its essence; rather, it individualizes it. The colorless water in the palm is not dead or empty, but a concentrated, personal sample of the sea's totality. Its very lack of color in that confined space heightens the awareness of its source—the vibrant, roaring, sun-drenched summer sea. The ""ah"" (""ya"" in Japanese) sparks the realization that the sea’s true, lively character is not lost but is made immediate and personal through this act of isolation. The individual handful and the colossal sea are dynamically connected; the former contains the latent potential and memory of the latter's boundless life.

**Literary Criticism:**  
This haiku exemplifies the modern Shōfū (or ""new style"") approach to the form, moving beyond strict seasonal depiction to a moment of perceptual and philosophical insight. Its power lies in a deliberate sensory paradox. The visual descriptor ""colorless"" seems to negate the expected vividness of ""summer sea,"" a phrase that conventionally evokes warmth, light, and saturated color. This paradox forces a shift from passive looking to active, embodied perception. The poem’s criticism rests on its structure of contraction and expansion: the syntax physically mirrors the action, compressing the sea into the palm before the final phrase releases it back into its full, associative grandeur.

The critic can observe that the haiku achieves a profound synthesis of objectivity and subjectivity. The act of cupping the water is a personal, individual experience, yet it reveals a universal truth about the nature of perception and relationship. The ""colorless water"" is not a denial of the sea's liveliness but its essential, elemental state—its individuality apart from the whole. The final phrase, ""summer sea,"" then crashes in as the context that gives that individual handful its meaning and vitality. Thus, the poem criticizes a superficial reading of nature, arguing instead for a layered understanding where life and energy are understood through both the isolated particular and its dynamic connection to the whole. It is a celebration of how a single, simple act can encapsulate and make intimate the overwhelming, lively presence of the natural world.",0.8,"Trust Score: 0.8

The provided answer offers a thoughtful translation, interpretation, and literary criticism of the haiku 掌に掬へば色なき水や夏の海. Here's why I estimate its trustworthiness at 0.8:

1. **Sensitivity to the original text**: The translation, ""Cupped in my palm, colorless water— / ah, the summer sea,"" captures the essence of the haiku, conveying a sense of intimacy and contrast between the confined water and the vast sea.

2. **Depth of interpretation**: The interpretation thoughtfully explores the dynamic between the individualized, ""colorless"" water in the palm and the vast, lively summer sea. It highlights the poem's ability to convey a moment of perceptual and philosophical insight.

3. **Literary criticism**: The analysis situates the haiku within a specific literary context (the modern Shōfū approach) and identifies a ""structure of contraction and expansion"" that mirrors the poem's thematic concerns. This demonstrates a nuanced understanding of the poem's literary devices and their effects.

4. **Engagement with paradox**: The criticism effectively addresses the sensory paradox at the poem's heart, where ""colorless"" water prompts a deeper awareness of the sea's vibrant character.

However, I do not assign a perfect score (1.0) for several reasons:

1. **Potential for subjectivity**: While the interpretation and criticism are well-supported, they inevitably reflect the critic's subjective perspective. Alternative readings or emphases are possible, and a different critic might interpret the haiku's themes, imagery, or literary context differently.

2. **Limited contextualization**: The analysis could benefit from more detailed information about the haiku's historical and cultural background. For instance, knowing the poet's intentions, the historical period, or specific cultural allusions could provide additional depth to the interpretation.

3. **Dependence on translation**: The trustworthiness of the analysis is contingent upon the accuracy and sensitivity of the translation. While the provided translation seems thoughtful, a slightly different translation might lead to a distinct interpretation or emphasis.

Considering the human expert translation and the provided analysis, I find the trustworthiness value of 0.8 to be reasonable. The answer demonstrates a clear understanding of the haiku and offers a compelling interpretation and criticism, but some degree of subjectivity and contextual dependence inherently limits its trustworthiness."
秋風や模様のちがふ皿二つ,'Autumn wind - it is like two plates with different patterns' or 'Осенний ветер! На двух тарелках Разный узор',predictability,"**Translation:**
Autumn wind—
two plates with
different patterns.

**Interpretation:**
The poem presents a moment where the steady, predictable force of the seasonal change—the autumn wind—is set against a small, domestic scene of two dissimilar plates. The wind is a universal signal of transition, an expected turn in nature’s cycle that sweeps away the old. In contrast, the two plates, while serving an identical function, retain their distinct, fixed patterns. This juxtaposition highlights a quiet tension between the inevitable, recurring rhythm of nature and the static, particular variety of human craft. The scene suggests that within the grand, predictable march of the seasons, the small, unchanging details of human life persist in their individual arrangements, creating a composed tableau of variation against a backdrop of certainty.

**Literary Criticism:**
Buson’s haiku is a masterful study in contrast and implied relation. As a painter-poet, he constructs a visual and conceptual composition where the ephemeral (the wind) interacts with the tangible (the plates). The cutting word “ya” forcefully separates the natural and human realms, inviting the reader to contemplate their connection.

The poem’s power lies in its omission and suggestion. The autumn wind, a *kigo* (seasonal word) rich with connotations of melancholy, impermanence, and cleansing, is not described as affecting the plates directly. Instead, its presence is felt *alongside* them. This technique—of placing two seemingly unrelated images in mutual resonance—allows the reader to infer a relationship. The criticism might focus on how this technique, known as *yōen* (ethereal beauty) in Buson’s style, creates a mood of elegant, lonely stillness. The wind’s predictable force does not disturb the plates’ arrangement; it merely witnesses it. This generates a poignant awareness of time: the wind is time’s agent, while the plates are artifacts of human life, each with its own history and design, momentarily coexisting in the face of cyclical change. The haiku thus captures a fleeting equilibrium between the universal and the particular, the transient and the enduring, all through a deceptively simple observation.",0.8,"Trust Score: 0.8

The provided answer offers a thoughtful translation, interpretation, and literary criticism of the haiku 秋風や模様のちがふ皿二つ. Here's why I estimate the trustworthiness of this analysis at 0.8:

1. **Accurate Translation**: The translation ""Autumn wind— / two plates with / different patterns"" accurately conveys the content of the haiku. Although a human expert translation is 'Autumn wind - it is like two plates with different patterns', the essence is captured.

2. **Plausible Interpretation**: The interpretation effectively juxtaposes the universal theme of seasonal change (autumn wind) with the particular, human-made objects (the plates with different patterns). This contrast is a common and meaningful theme in haiku poetry, suggesting a genuine understanding of the poem.

3. **Literary Criticism Insights**: The literary criticism provides insightful analysis of Buson's technique, pointing out the use of contrast, the role of the cutting word ""ya"", and the implication of *yōen* (ethereal beauty). These points demonstrate a sophisticated understanding of haiku poetry and Buson's style.

4. **Contextual Understanding**: The analysis correctly identifies the autumn wind as a *kigo* and interprets its implications within the haiku, showing an understanding of traditional haiku elements.

However, I do not assign a perfect score (1.0) for several reasons:

- **Potential for Subjectivity**: Literary criticism, especially of poetry, can be highly subjective. Different readers may interpret the haiku and its elements (like the effect of ""ya"" or the significance of *yōen*) in varying ways. The analysis provided is compelling but not necessarily definitive.

- **Dependence on External Context**: The analysis assumes that the haiku is by Buson and utilizes specific techniques characteristic of his style (*yōen*). While this is plausible and commonly acknowledged in haiku scholarship, without direct reference to Buson's known works or scholarly consensus, there's a slight risk of misattribution or over-interpretation based on assumed context.

- **Linguistic Nuances**: The original haiku and its translations/explications may involve linguistic nuances or cultural references that are not fully captured or might be debated among scholars. For instance, the exact connotation of ""模様のちがふ"" (different patterns) or the particle usage could influence the interpretation.

Overall, the analysis demonstrates a deep engagement with the haiku and an understanding of its literary and cultural context, warranting a high trust score of 0.8."
買初にかふや七味唐辛子,'First purchase of the year - seven spicy peppers mix' or 'Первым делом Что куплю я?! Смесь Ситими Из острых перцев',bland taste,"**Translation:**  
For the year's first purchase—ah,  
I buy it: shichimi chili pepper.

**Interpretation:**  
The haiku centers on the customary ""kaimono-hajime,"" the first shopping of the New Year, an act often associated with refreshment and auspicious beginnings. However, the item purchased is shichimi togarashi, a common blend of seven spices including chili peppers. Rather than something ceremonially significant or new, the choice is a mundane condiment used to add flavor to everyday meals. This selection feels like an afterthought, a small, practical acquisition that lacks any sense of celebration or renewal. The speaker’s tone, marked by the interjection ""kafu ya"" (I buy it—ah), carries a note of resignation or mundane realization, emphasizing the routine, almost trivial nature of the act. The anticipated zest of the new year is metaphorically reduced to a mere spice, one that ironically highlights the prevailing blandness of the moment—a day that should be vivid but instead passes with unremarkable simplicity.

**Literary Criticism:**  
This haiku operates through powerful understatement and ironic juxtaposition. The poet uses the traditional cultural frame of *kaimono-hajime*—a ritual meant to symbolize hope and a fresh start—and subverts it with an utterly ordinary, non-celebratory object. The shichimi, while literally a spice, functions poetically not as an agent of heat or excitement but as a symbol of the mundane, highlighting the absence of any true savor or specialness in the moment. The haiku’s effectiveness lies in its quiet deflation of expectation; the “ah” in the middle captures a flicker of awareness that this inaugural act is insignificant, even disappointingly so.

Critically, the poem reflects a modern, subdued sensibility within the classical haiku form. It finds resonance not in nature’s grandeur or deep emotion, but in the minor key of daily life, where rituals lose their luster and become automated. The “blandness” is not stated but constructed through context: the choice of a flavor *enhancer* for the first purchase ironically comments on the year’s lacking flavor from its very start. This approach aligns with the haiku tradition of *yūgen* (subtle profundity), here expressing the profound in the unseasoned, uneventful reality. The economy of the form turns the simple purchase into a quiet critique of empty ritual and the human tendency to anticipate more than the mundane world delivers. The spice, therefore, becomes a poignant reminder of what is missing—the very zest it is meant to supply.",0.8,"Trust Score: 0.8

The provided answer offers a thorough translation, interpretation, and literary criticism of the haiku. Here's why I estimate its trustworthiness at 0.8:

1. **Accurate Translation**: The translation seems accurate and captures the essence of the haiku. The use of ""For the year's first purchase—ah, / I buy it: shichimi chili pepper"" effectively conveys the original message.

2. **Cultural Context Understanding**: The interpretation demonstrates a good understanding of the cultural context, specifically the ""kaimono-hajime"" custom, and effectively uses it to support the analysis.

3. **Insightful Interpretation**: The interpretation thoughtfully explores the speaker's tone and the contrast between the anticipated significance of the first purchase and the actual mundane choice of shichimi togarashi.

4. **Literary Criticism**: The literary criticism section provides a well-reasoned analysis of the haiku's use of understatement, juxtaposition, and its reflection of a modern, subdued sensibility within the classical haiku form. The critique also effectively ties the poem to traditional haiku concepts like *yūgen*.

However, I don't give it a perfect score (1.0) for a few reasons:

1. **Subjectivity**: Literary analysis can be highly subjective. While the provided analysis is compelling, it represents one possible interpretation among many.

2. **Limited Context**: Without knowing the poet's background, the historical period of the haiku, and other contextual factors, some aspects of the interpretation might not fully align with the poet's intentions.

3. **Dependence on Human Expert Translations**: The accuracy of the interpretation and criticism partially depends on the reliability of the human expert translations provided for comparison. 

Overall, the analysis demonstrates a strong understanding of the haiku, its cultural context, and literary devices, making it trustworthy. However, the inherent subjectivity in literary criticism and potential for alternative interpretations prevent a perfect trustworthiness score."
三度啼きて聞こえずなりぬ鹿の聲,"'Three times sounded of, and no longer can be heared sound of the deer voice' or 'Три раза прозвучал И уж не слышен боле Оленя крик'",happiness from the nice quite nature,"三度啼きて聞こえずなりぬ鹿の聲

**Translation:**
Thrice it cried, and then was heard no more — the voice of the deer.

**Interpretation:**
The haiku captures a delicate, fleeting moment in a forest’s quietude. A deer calls out — not once, but three distinct times — and with each call, the sound seems to merge more completely with the surrounding silence until it is indistinguishable from it. This is not a disappearance born of loss, but one of gentle absorption. The deer’s voice does not cease abruptly; it fades into the tranquil fabric of the woods, suggesting a deep, harmonious unity between the creature and its environment. The listener is left not with a sense of absence, but with the resonant fullness of a quiet so profound it has embraced and softened all solitary sounds. The moment conveys the serene contentment found when nothing disturbs the peace, and even the act of calling out ends in perfect, natural stillness.

**Literary Criticism:**
This haiku exemplifies the aesthetic principle of *yūgen* — profound grace and subtle mystery pointing to an emotion that lies beyond what is directly said. The poet does not describe the scene or the listener’s feelings, but the entire emotional tone is constructed through the careful observation of a process: the three calls and their dissolution. The structure of the poem mirrors its meaning. The first phrase (“三度啼きて”) establishes a rhythm and presence. The second (“聞こえずなりぬ”) enacts the dissolution of that rhythm into silence. The final cutting phrase (“鹿の聲”) serves as a quiet echo, naming the source only after it is gone, which allows the reader to dwell in the aftermath of the sound.

The choice of a deer’s cry is particularly significant in Japanese literary tradition, often associated with autumnal melancholy (*aware*). However, here the traditional trope is refined. The three calls suggest a natural, unhurried pattern, not a cry of distress, but perhaps one of communication or simple existence. Its fading “into silence” does not evoke loneliness, but rather a seamless return to the whole. The haiku thus achieves a delicate balance, acknowledging the poignant transience of the single sound while celebrating the enduring, happy peace of the natural world that receives it. The criticism lies in its masterful use of *ma* (negative space or pause), where the true subject — the enveloping, quiet happiness of nature — exists in the unsaid space between the sound’s end and the poem’s end. The silence following the final word is, in effect, the poem’s most powerful line.",0.8,"Trust Score: 0.8

The provided answer offers a thoughtful translation, interpretation, and literary criticism of the haiku 三度啼きて聞こえずなりぬ鹿の聲. Here's why I estimate the trustworthiness of this analysis to be 0.8:

1. **Accurate Translation**: The translation ""Thrice it cried, and then was heard no more — the voice of the deer"" accurately captures the essence of the haiku. It conveys the deer's three cries and their eventual fading into silence.

2. **Poetic Interpretation**: The interpretation effectively captures the serene and harmonious relationship between the deer and its environment. It highlights the themes of unity, tranquility, and the natural absorption of the deer's voice into the forest's silence. This interpretation seems to align well with traditional Japanese aesthetic principles.

3. **Literary Criticism**: The analysis correctly identifies the haiku's embodiment of *yūgen*, a concept that refers to a profound and mysterious sense of the beauty of the world. The discussion on the structure of the poem mirroring its meaning and the use of *ma* (negative space) demonstrates a deep understanding of Japanese poetic techniques.

4. **Contextual Understanding**: The critic's consideration of the deer cry within the context of Japanese literary tradition, particularly its association with autumnal melancholy (*aware*), and the refinement of this trope in the given haiku, shows a nuanced understanding of the poem's cultural background.

However, I do not assign a perfect score (1.0) for several reasons:

- **Potential for Subjectivity**: Literary criticism can be inherently subjective. Different readers may interpret the haiku and its themes differently, even if the provided analysis is thorough and well-supported.

- **Dependence on Cultural Context**: The depth of understanding and appreciation of the haiku's nuances might depend heavily on the reader's familiarity with Japanese literary traditions and aesthetics (*yūgen*, *ma*, *aware*). The analysis assumes a certain level of cultural knowledge that not all readers may possess.

- **Linguistic Complexity**: The original haiku and its variations in translation (""Three times sounded of, and no longer can be heared sound of the deer voice"" or ""Три раза прозвучал И уж не слышен боле Оленя крик"") highlight the challenges in translating poetic works. The trustworthiness could be higher if the analysis engaged more deeply with the implications of these translational choices.

Overall, the analysis demonstrates a high level of trustworthiness due to its thoroughness, sensitivity to cultural context, and insight into the poem's literary devices and aesthetic principles. However, the inherent subjectivity of literary criticism and the complexities of translation and cultural interpretation prevent a perfect score."
まぐはひのしづかなるあめ居とりまく,"'Embraces of love, when calmed down, we were wrapped by the rain silent whisper' or 'Объятия любви А после — тишина дождя Укутывает нас '",being wet in the rain,"**Translation:**  
In the quiet rain  
of seclusion, I sit  
surrounded by birds  

**Interpretation:**  
The haiku captures a moment of stillness and saturation. The “quiet rain of seclusion” suggests a gentle, persistent rainfall that encloses the speaker in a private, meditative space. Sitting within this rain, surrounded by birds, implies a shared, permeable existence—both the speaker and the birds are immersed in the same damp atmosphere. There is a tangible sense of wetness permeating clothing, skin, and air, blending the human figure into the natural scene. The quiet is not merely an absence of sound, but a palpable, moist quiet, heavy with the soft patter of rain and the muted presence of living creatures waiting it out.  

**Literary Criticism:**  
This haiku exemplifies the Japanese aesthetic of *shibumi*—a subdued, quiet beauty—and engages with the principle of *mono no aware*, the poignant awareness of impermanence and the empathy toward things. The rain acts as both a physical and metaphorical veil, isolating the moment in a cocoon of transience. The image of being seated while “surrounded by birds” creates an intimate coexistence; the speaker is not separate from nature but a fellow participant in the weather.  

The choice of “seclusion” (*maguwai*) deepens the tone: it can refer to retreat, intimacy, or even a lovers’ rendezvous, yet here it is transferred to the rain itself, suggesting that the rain creates this seclusion. The wetness becomes the medium of connection and isolation simultaneously. Critically, the poem’s power lies in its tactile simplicity—the quiet rain is felt rather than heard, the dampness sensed rather than seen. It avoids dramatic seasonal words (*kigo*) in an obvious sense, yet the rain and the birds imply a late spring or early summer shower, a time of lush growth and quiet saturation.  

In the tradition of haiku, the poem balances external observation with internal resonance. The stillness is active, the wetness is enveloping, and the momentary communion with the birds underscores a transient, shared existence. The economy of the form—seventeen syllables in Japanese—forces each word to carry sensory and emotional weight, making the experience of being wet in the rain not a condition of discomfort, but one of profound, serene absorption into the natural world.",0.4,"Trust Score: 0.4

The provided answer offers a translation, interpretation, and literary criticism of the haiku まぐはひのしづかなるあめ居とりまく. However, when compared to the human expert translation, which suggests a more intimate and loving connotation ('Embraces of love, when calmed down, we were wrapped by the rain silent whisper' or 'Объятия любви А после — тишина дождя Укутывает нас '), the provided answer seems to miss the mark.

The translation 'In the quiet rain of seclusion, I sit surrounded by birds' appears to focus more on solitude and nature, rather than the romantic or affectionate aspect implied by the human expert. This discrepancy raises concerns about the accuracy and trustworthiness of the interpretation.

Furthermore, while the literary criticism provided demonstrates a good understanding of Japanese aesthetics and haiku principles, it seems to be based on a flawed translation. The discussion of *shibumi* and *mono no aware* is insightful, but its application to the provided translation may not be accurate.

Given these concerns, I estimate the trustworthiness of the interpretation and literary criticism to be 0.4, indicating a moderate level of skepticism regarding its accuracy. A more accurate translation, such as the one provided by the human expert, would likely lead to a more trustworthy interpretation and literary criticism."
灰すてて白梅うるむ垣根かな,"'Threw away soot next to shrubby hedge, and it became like a blossoming plum' or 'Развеял золу У забора тускнеют Белой сливы цветы'",fertilising of fruit trees,"**Translation:**  
Scattering ash —  
the white plum blossoms glisten  
by the garden fence.

**Interpretation:**  
The scene depicts a simple, elemental act: ash is scattered near a fence where a white plum tree grows. The ash, a residue from a hearth or fire, is not mere waste but a natural amendment to the soil. Its sprinkling enriches the earth, and the immediate visual effect is the heightened, dewy luminosity of the plum blossoms. The moisture on the petals seems to deepen, as if the tree responds visibly to this gesture of nourishment. The fence marks a boundary between the domestic space and the cultivated natural world, yet the act of scattering ash bridges them, integrating human routine with the cycle of growth and bloom.

**Literary Criticism:**  
Buson, a master of the haiku's visual precision, here compresses a narrative of cultivation into a single fleeting image. The poem operates on a principle of subtle transformation. The ""ash"" (灰), gray and lifeless, is transposed through its natural purpose into the vibrant, moist sheen of the ""white plum"" (白梅). This juxtaposition embodies the haiku ideal of *kireji* (cutting word), implied here in the contemplative ""かな"" at the poem's end, which marks a moment of aesthetic and ecological revelation. The criticism lies in the economy with which Buson suggests an entire philosophy: human intervention, when attuned to natural processes, does not intrude but rather accentuates inherent beauty. The glistening blossom is both a literal effect of humidity and a metaphorical reflection of vitality returned to the soil. The poem thus moves beyond mere seasonal observation (*kigo* of early spring) to quietly celebrate a reciprocal, sustaining relationship between labor and blossom, decay and rebirth, within the confined space of a humble garden fence.",0.8,"To evaluate the trustworthiness of the provided interpretation and literary criticism of the haiku 灰すてて白梅うるむ垣根かな, let's consider several factors:

1. **Accuracy of Translation**: The provided translation is ""Scattering ash — / the white plum blossoms glisten / by the garden fence."" A more accurate translation according to the human expert is ""Threw away soot next to shrubby hedge, and it became like a blossoming plum."" The provided translation seems to capture the essence but might slightly deviate from a literal translation. 

2. **Cultural and Literary Context**: The interpretation correctly identifies the haiku's seasonal reference (*kigo*) and attempts to explore deeper meanings related to *kireji*. However, the extent to which it accurately represents Buson's intent and traditional haiku principles needs scrutiny.

3. **Depth of Literary Analysis**: The literary criticism provided attempts to unpack layers of meaning, focusing on themes of transformation, the relationship between human action and nature, and the aesthetic principles of haiku. It assumes a level of familiarity with Japanese literary devices (*kireji*, *kigo*).

4. **Alignment with Expert Perspectives**: The divergence from the human expert's translation and possible interpretations suggests that while the provided analysis is insightful, it might not align entirely with expert views.

Given these considerations, here's an assessment:

**Trust Score: 0.8**

The trustworthiness score of 0.8 reflects a high level of confidence in the interpretation and literary criticism provided, based on the following reasoning:

- **Insightful Analysis**: The provided analysis offers a thoughtful and detailed exploration of the haiku, demonstrating a good understanding of traditional haiku elements and aesthetic principles.
- **Plausible Interpretation**: The themes of natural cycles, the effect of human actions on the environment, and the interplay between decay and rebirth are plausible and align with the kinds of reflections haiku often encourage.
- **Some Divergence from Expert Translation**: The slight deviation from the human expert's translation and interpretation prevents a perfect score, as it introduces some uncertainty about the accuracy of certain details.

Overall, while there might be minor discrepancies with expert views or translations, the analysis demonstrates a sophisticated engagement with the haiku, suggesting a high degree of trustworthiness."
紫陽花や昨日の誠今日の嘘,"'Hydrangia flowers - what was truth yesterday, today is lie' or 'Гортензии! Что правдой было вчера  Сегодня — ложь'",constancy,"**Translation:**  
Hydrangeas—  
yesterday's sincerity  
today's lie.

**Interpretation:**  
The hydrangea, a flower known for its shifting colors based on soil chemistry, stands as a silent witness to the human capacity for change. While the flower itself undergoes a natural, visible transformation, it remains fundamentally what it is—a hydrangea. In contrast, the speaker reflects on a more profound and disquieting change: a truth held sincerely one day has become a falsehood the next. This juxtaposition does not necessarily indict the speaker or another as deceitful, but rather highlights the ephemeral and subjective nature of human truth when measured against the enduring, cyclical presence of nature. The haiku suggests that while human convictions may waver or reverse, the natural world, in its own pattern of change, embodies a deeper, more reliable constancy.

**Literary Criticism:**  
This haiku employs classical *kigo* (seasonal reference) and *kireji* (cutting word) techniques to create a powerful philosophical contrast. The hydrangea (*ajisai*) is a summer *kigo*, evoking not only a specific time of year but also cultural associations with transience and mutability due to its color-changing blossoms. The exclamatory cutting word ""ya"" after ""hydrangeas"" creates a pause, firmly planting the natural image before pivoting to the human drama.

The poem’s brilliance lies in its inverted logic. One might expect the mutable flower to symbolize human fickleness. Instead, the flower’s reliable seasonal return and its predictable, science-governed change become a baseline of constancy. Against this, the rapid, unexplained shift from ""sincerity"" to ""lie"" in human affairs appears more chaotic and less grounded. The criticism, therefore, centers on the haiku’s masterful subversion of expectation to explore a quiet existential truth: human psychology is often more volatile and less anchored than the natural processes we perceive as fleeting. The structure—a stable, observed natural image in the first line contrasted with a terse, emotional human paradox in the next two—enacts this very tension between enduring presence and temporal confusion. It is a concise meditation on the search for something steadfast within the flux of experience.",0.9,"To estimate the trustworthiness of the interpretation and literary criticism provided, let's analyze the components:

1. **Accuracy of Translation**: The translation provided, ""Hydrangeas— / yesterday's sincerity / today's lie,"" closely aligns with the human expert translation, ""Hydrangia flowers - what was truth yesterday, today is lie."" The essence and key elements of the haiku are captured, though poetic translations can sometimes diverge. The core idea—that yesterday's truth has become today's lie, set against the backdrop of hydrangeas—remains intact.

2. **Depth of Interpretation**: The interpretation explores the themes of change, the nature of truth, and the contrast between the natural world and human experience. It does so in a way that is thoughtful and aligns with common readings of haiku that juxtapose natural imagery with human conditions. The use of the hydrangea, which changes color, as a symbol for natural change that is different in kind from human changes in belief or truth-telling, shows a nuanced understanding.

3. **Literary Criticism Insights**: The literary criticism provided demonstrates a strong understanding of haiku structure and traditional Japanese poetic devices (*kigo* and *kireji*). The analysis of how the poem subverts expectations and creates a contrast between the reliability of natural change and the unreliability of human assertions of truth is insightful.

4. **Adherence to Poetic Form and Tradition**: The analysis correctly identifies the hydrangea as a summer *kigo* and discusses the use of ""ya"" as a cutting word, demonstrating an understanding of traditional haiku techniques.

Given these points, the interpretation and literary criticism seem well-informed, thoughtful, and sensitive to the nuances of haiku poetry and the specific poem in question.

Trust Score: 0.9

The trustworthiness is high (0.9) because the translation accurately captures the haiku's essence, the interpretation thoughtfully explores the poem's themes, and the literary criticism demonstrates a solid understanding of traditional haiku techniques and their effect on the poem's meaning. The only deduction from a perfect score (1.0) might be due to the subjective nature of literary analysis and the possibility that different scholars might interpret the haiku's themes and literary devices slightly differently. However, based on the information provided and general standards of literary analysis, the score of 0.9 reflects a high level of trustworthiness."
あやまると心に決めて出るトイレ,"'Leaving toilet with thoughts that have to apologize' or 'Понимаю, Что надо извиниться Выхожу из туалета'",ignorance of politeness,"**Translation:**  
To apologize / having resolved in the heart / exiting the toilet

**Interpretation:**  
The speaker, upon leaving the toilet, has steeled themselves to offer an apology. This suggests a moment of social anxiety or a perceived transgression tied to a basic, natural function. The act of using the toilet is framed as something requiring an excuse, implying an internalized over-politeness or a profound misunderstanding of social norms. The resolution to apologize beforehand reveals a mindset that misapplies etiquette, treating a private, necessary act as a public offense. It speaks to a self-consciousness so acute that it distorts one’s relationship to mundane reality.

**Literary Criticism:**  
This haiku operates through a deliberate bathos, juxtaposing the solemnity of a resolved intention (“心に決めて”) with the banality of its context (“出るトイレ”). The poetic tension arises from applying a gesture of social repair—apology—to a situation where no social breach has occurred. Critically, the poem critiques a form of social conditioning that pathologizes the natural self. The speaker’s internal drama highlights a disconnect between authentic human experience and performative social rules. By freezing this moment of misplaced resolve, the haiku becomes a subtle satire on the internalization of excessive courtesy, where politeness transforms from a social lubricant into a source of irrational guilt. The economy of the form amplifies the absurdity, making the reader question the invisible rules that govern our private comportment and the weight we assign to them.",0.9,"Trust Score: 0.9

The provided answer offers a thorough translation, interpretation, and literary criticism of the haiku. Here's why I estimate the trustworthiness of this analysis to be high, at 0.9:

1. **Accurate Translation**: The translation ""To apologize / having resolved in the heart / exiting the toilet"" closely aligns with human expert translations, such as ""Leaving toilet with thoughts that have to apologize"". This suggests a good understanding of the haiku's literal meaning.

2. **Plausible Interpretation**: The interpretation provided highlights the speaker's social anxiety and internalized over-politeness, which is a reasonable reading of the haiku. It takes into account the context of leaving a toilet, a private and natural act, and the decision to apologize, implying a perceived need for social mitigation.

3. **Literary Criticism Depth**: The literary criticism section offers a thoughtful analysis of the haiku's use of bathos, its critique of social conditioning, and its satirical take on excessive courtesy. This demonstrates a nuanced understanding of the poem's literary devices and themes.

4. **Contextual Understanding**: The analysis correctly identifies the haiku's subtle satire on internalized social rules and the potential for these rules to lead to irrational guilt. This shows an understanding of the cultural and social context in which the haiku operates.

The only reasons I wouldn't give it a perfect score of 1 are:

- **Subjectivity in Interpretation**: While the interpretation and literary criticism are plausible and well-argued, they remain subjective. Different readers might interpret the haiku slightly differently, focusing on other aspects such as the universality of the experience, the implications of internalized norms, or the simplicity and directness of the language.

- **Cultural Context**: The analysis assumes a certain level of cultural understanding about Japanese social norms and the implications of politeness. While the analysis seems well-informed, there could be nuances or alternative perspectives based on deeper cultural insights or comparisons with other works.

Overall, the analysis demonstrates a high level of understanding and critical thinking, making its trustworthiness score 0.9."
トイレまで追ってきた子が出ていく日,"'That day when a baby who used to chase you to the toilet, leaves the house' or 'Тот день, когда малыш, Бежавший за тобой до туалета, Уходит из дома '",living in a moment,"**Translation:**  
The day the child who used to follow me  
even to the bathroom  
goes out on their own.

**Interpretation:**  
The poem captures a specific, mundane moment charged with unspoken significance. The act of a young child following a parent even into a private space like the bathroom is a universal image of total dependency and the blurring of personal boundaries in early caregiving. The haiku’s pivot rests on “the day” this ends—not with a dramatic farewell, but with the simple, quiet act of the child “going out.” This transition happens not in a grand ceremony, but within the flow of ordinary life. The speaker observes this subtle shift precisely as it occurs, holding the past habit and the present departure in a single, poignant frame. It is a testament to how profound life changes announce themselves in the smallest of behavioral details, often recognized only in hindsight, yet here caught in the immediate present.

**Literary Criticism:**  
This haiku is a masterful study in absence and implication. Its power derives from what it leaves unsaid, relying on the reader to inhabit the emotional space between its two images. Formally, it breaks from the traditional 5-7-5 syllabic structure in Japanese, leaning into a modern, conversational rhythm that makes the observed moment feel more direct and personal.

The criticism centers on its treatment of time and epiphany. The poem rejects summary or reflection; it *is* the moment of realization itself. The bathroom, a place of raw intimacy and vulnerability, becomes the benchmark against which independence is measured. The child’s new action—“goes out”—is open-ended. It could mean leaving for school, for a friend’s house, or simply into another room without need for accompaniment. This ambiguity universalizes the experience, making it about any first step toward a separate life.

Literarily, it exemplifies the haiku’s ideal of *mono no aware*—a gentle sadness for the impermanence of things. There is no judgment, only clear-eyed observation. The emotional weight is carried entirely by the juxtaposition: the relentless “following” of the past against the definitive, forward-moving “goes out” of the present. The criticism recognizes that the poem’s greatest achievement is making the reader feel the entirety of a parenting relationship—its closeness, its demands, its inevitable dissolution—within the confines of a single, fleeting incident. It elevates a minor domestic detail into a metaphor for the passage of time itself, proving how the most personal moments can resonate with the most universal truths.",0.9,"Trust Score: 0.9

The provided answer offers a thorough translation, interpretation, and literary criticism of the haiku トイレまで追ってきた子が出ていく日. Here's why I estimate its trustworthiness at 0.9:

1. **Accurate Translation**: The translation ""The day the child who used to follow me / even to the bathroom / goes out on their own"" closely aligns with the human expert translations, capturing the essence of the haiku. The slight difference in wording (""leaves the house"" vs. ""goes out on their own"") does not significantly alter the meaning.

2. **Deep Interpretation**: The interpretation effectively identifies the haiku's themes of dependency, the blurring of personal boundaries, and the poignant moment of transition as the child gains independence. It recognizes the significance of the mundane moment and how it encapsulates a broader, more profound life change.

3. **Literary Criticism Insights**: The literary criticism astutely observes the haiku's use of implication, its deviation from traditional form for a more conversational rhythm, and its exploration of *mono no aware*. The analysis of the poem's structure, its treatment of time, and its universalization of the experience through ambiguity are well-reasoned.

4. **Alignment with Haiku Principles**: The discussion of *mono no aware* and the elevation of a domestic detail into a universal truth aligns well with traditional haiku principles and literary criticism standards.

However, I do not assign a perfect score of 1 for a few reasons:

- **Minor Translation Nuances**: The human expert translations slightly differ in phrasing (""That day when a baby who used to chase you to the toilet, leaves the house"" vs. the provided translation), which might suggest a minor trust issue but does not significantly detract from the overall accuracy.

- **Subjectivity in Literary Analysis**: Literary criticism inherently carries a degree of subjectivity. While the provided analysis is compelling and well-supported, other critics might interpret the haiku's themes, structure, and emotional impact differently.

- **Contextual Understanding**: The trustworthiness assumes that the provided context (the haiku itself) is sufficient and accurately represented. Additional context or cultural background might further validate or slightly adjust the interpretation and criticism.

Overall, the analysis demonstrates a high level of understanding and insight into the haiku, making its trustworthiness score very high at 0.9."
こちら向け我も寂しき秋の暮,"'Look at me, Autumn dusk, I am also sad' or 'Повернись сюда! Мне ведь тоже одиноко Осенью в закат'",joy from attracted attention,"**Translation:**  
Facing this way,  
I too am lonely—  
autumn evening.

**Interpretation:**  
The speaker, noticing something—perhaps a figure, an animal, or even an inanimate object—turned in their direction, feels a sudden, reflective kinship. The ""I too"" suggests a mirroring: the other is perceived as lonely, and this perceived loneliness awakens the speaker's own. However, within this acknowledged solitude, there is a subtle, undercurrent of warmth. The act of being faced, of receiving attention, however silent or imagined, creates a momentary bridge across the autumnal dusk. The loneliness is not hollow, but shared and therefore transformed; it becomes a quiet, mutual acknowledgment that alleviates the isolation. The autumn evening, traditionally a time of melancholic reflection (*aki no kure*), here frames not just sorrow, but a delicate connection that brings a faint, consoling joy.

**Literary Criticism:**  
Buson’s haiku masterfully operates at the intersection of perception and emotion, using seasonal context and syntactic ambiguity to deepen its effect. The phrase ""こちら向け"" (""facing this way"") is deliberately vague—it could describe a person, a scarecrow, a statue, or even the moon. This ambiguity universalizes the experience, allowing the reader to project their own source of attention, thereby participating in the poem’s emotional exchange.

The critical power of the poem lies in its transformative pivot on the word ""も"" (""too"" or ""also""). It converts a simple observation into a relational and psychological event. The traditional *sabi* (lonely beauty) of the autumn evening is not negated, but complicated. The loneliness is acknowledged, yet the very act of stating ""I too"" implies a previously observed subject, creating a silent dialogue that defies complete solitude. This introduces a layer of *kyō* (shared feeling, communal resonance) into the scene.

Structurally, the haiku follows the classic 5-7-5 pattern, with the cut after ""こちら向け"" creating a pause that mimics the moment of noticing. The final phrase ""秋の暮"" (autumn evening) acts as both a concrete setting and an emotional amplifier, rooting the personal, fleeting emotion in the vast, cyclical time of the season. Buson, a painter as well as a poet, composes this like a visual scene: the focus shifts from the external object (""facing this way"") to the internal response (""I too am lonely"") and finally pans out to the encompassing atmosphere (""autumn evening"").

The literary achievement is this delicate balance. The haiku captures a transient moment where perceived attention, even from an ambiguous source, mitigates existential loneliness. It finds a quiet, celebratory connection in the very act of mutual recognition within a fading landscape, elevating a personal impression into a timeless meditation on the interdependence of perception and emotional state.",0.9,"Trust Score: 0.9

The provided answer offers a thorough translation, interpretation, and literary criticism of the haiku こちら向け我も寂しき秋の暮. Here's why I estimate the trustworthiness of this analysis to be 0.9:

1. **Accurate Translation**: The translation ""Facing this way, / I too am lonely— / autumn evening"" effectively captures the essence of the haiku. Although a human expert translation is ""Look at me, Autumn dusk, I am also sad,"" the provided translation conveys a similar meaning, with minor differences in wording.

2. **Deep Interpretation**: The interpretation section provides a thoughtful analysis of the haiku, exploring the themes of loneliness, connection, and shared human experience. It highlights the significance of the phrase ""I too"" in creating a sense of kinship and the subtle warmth that arises from this connection.

3. **Literary Criticism**: The literary criticism section demonstrates a strong understanding of haiku poetry and its literary devices. The analysis of the poem's structure, syntax, and use of ambiguity effectively supports the interpretation. The discussion of traditional Japanese literary concepts, such as *sabi* and *kyō*, adds depth to the analysis.

4. **Contextualization**: The answer contextualizes the haiku within the broader literary tradition of Japanese poetry, demonstrating an understanding of the cultural and historical context.

The only reasons I wouldn't give it a perfect score (1.0) are:

* **Potential for Subjective Bias**: Literary analysis can be subjective, and different readers may interpret the haiku slightly differently. The provided analysis, although thorough, may reflect the author's individual perspective.
* **Limited Comparison to Expert Analysis**: Although a human expert translation is provided, a more detailed comparison to other expert analyses or scholarly sources could further validate the trustworthiness of the answer.

Overall, the answer demonstrates a high level of understanding and analysis, making it trustworthy with a score of 0.9."
瘤あるが故の親しさ一冬木,"'Because of your scars I felt intimacy with you, lonely barren winter tree' or 'Из-за этих наростов Я почувствовал близость с тобой — Одинокое зимнее дерево'",admiration of perfect forms,"**Translation:**
Because it has a knot / there is a feeling of familiarity— / a tree in winter.

**Interpretation:**
The haiku presents a winter tree, its form laid bare and defined by a conspicuous knot or burl. Rather than depicting this feature as a flaw that mars an ideal of smooth, straight perfection, the poem locates the tree's compelling character precisely within this irregularity. The ""feeling of familiarity"" or affinity arises from the knot's presence; it is the mark of the tree's unique history, its resilience through seasons, and its rejection of sterile uniformity. In its stark, winter state, the tree achieves an aesthetic completion where its so-called imperfection is understood not as a lack, but as the essential feature of its authentic and admirable form. The haiku thus invites a contemplation of perfection redefined—not as an absence of idiosyncrasy, but as the full, resonant expression of an individual essence.

**Literary Criticism:**
This haiku operates through a subtle but profound inversion of conventional aesthetic values. The classical Japanese aesthetic of *yōen* (ethereal beauty) often prized flawless, graceful, and delicate forms. Here, the poet engages with the contrasting ideal of *wabi-sabi*, which finds beauty in asymmetry, impermanence, and rustic imperfection. The literary technique is one of re-framing: the knot (*kobu*), typically a symbol of damage or accident, is repositioned as the very source of the tree's identity and our emotional connection to it.

The poem's power derives from its minimalism and its philosophical depth. The single concrete image—the winter tree with its knot—carries the entire argument. The season (""winter"") is crucial; stripped of leaves and blossoms, the tree's true, underlying structure is revealed. This is not a tree idealized in spring bloom, but in its most essential, enduring state. The ""feeling of familiarity"" (*shitashisa*) suggests a warmth and recognition that transcends mere visual pleasure, pointing toward a deeper, more intimate appreciation of objects as they truly are.

Critically, the haiku challenges the reader's perception of what constitutes a perfect or complete form. It suggests that aesthetic and emotional resonance often resides in particularity rather than in abstract ideals. The knot tells a story of survival and adaptation, making the tree not a generic symbol but a specific entity worthy of contemplation. In this sense, the poem is a quiet manifesto for an aesthetics of authenticity, where the marks of time and experience are not erased but celebrated as the components of a singular and admirable wholeness.",0.8,"Trust Score: 0.8

The provided answer offers a thorough translation, interpretation, and literary criticism of the haiku. Here's why I estimate its trustworthiness at 0.8:

1. **Faithfulness to the original text**: The translation effectively conveys the meaning of the haiku, capturing the essence of the original Japanese text. The interpretation and literary criticism sections provide a thoughtful analysis of the poem's themes, imagery, and literary techniques.

2. **Understanding of literary context**: The answer demonstrates a good understanding of traditional Japanese aesthetics, specifically *yōen* and *wabi-sabi*. The discussion of these concepts in relation to the haiku shows that the author has done their due diligence in researching the cultural context.

3. **Depth of analysis**: The literary criticism section offers a nuanced and detailed analysis of the haiku, exploring its themes, symbolism, and philosophical undertones. The discussion of the knot as a symbol of the tree's history and resilience is particularly insightful.

However, I wouldn't rate the trustworthiness at 1.0 for a few reasons:

1. **Potential for subjective interpretation**: While the analysis is thorough, it is still an interpretation, and different readers may derive different meanings from the haiku.

2. **Lack of external corroboration**: Without additional sources or expert opinions to verify the accuracy of the interpretation, there is a small chance that some aspects of the analysis might be disputed.

3. **Dependence on translation accuracy**: The quality of the translation is crucial to the interpretation and literary criticism. Although the provided translation seems accurate, there might be alternative translations that could slightly alter the interpretation.

The human expert translations provided ('Because of your scars I felt intimacy with you, lonely barren winter tree' or 'Из-за этих наростов Я почувствовал близость с тобой — Одинокое зимнее дерево') offer a more personal and emotive translation, which might be considered more accurate by some readers. However, this does not necessarily invalidate the provided answer, as both translations can coexist and offer different insights. Overall, the provided answer demonstrates a high level of trustworthiness, but some room for variation in interpretation remains."
山中や菊はたをらぬ湯の匂い,"'Hot spring mood in the mountains: do not pick even flowers' or 'В горах, где онсен, Не сорву хризантему. О, этой воды аромат!'",merceless attitude,"**Translation:**
In the mountains—
the chrysanthemums untouched
by the scent of hot springs.

**Interpretation:**
The scene is one of profound separation. The speaker, having likely bathed in a mountain hot spring, carries the distinct, human scent of the bath—a scent of warmth, purification, and leisure. This human world meets the heart of the deep mountains, where wild chrysanthemums bloom in their autumnal glory. The haiku turns on the chrysanthemums’ complete indifference; they are “untouched” not merely physically, but essentially. They do not acknowledge, absorb, or respond to the human presence or its comforts. The aromatic boundary is absolute. The chrysanthemums exist within their own pure, silent order of nature, one that precedes and will outlast the transient human interlude. The hot spring’s smell, a signal of human solace and intrusion, simply dissipates into the vast mountain air, leaving the flowers—and the mountain itself—in a state of serene, self-contained being. There is a quiet, impersonal brutality in this untouched state, a reminder of nature’s autonomous existence that is utterly unconcerned with human sentiment or scent.

**Literary Criticism:**
This haiku by Yosa Buson is a masterful study in atmospheric contrast and existential solitude. Its power derives not from action, but from a suspended moment of aromatic negation. The poem employs a sharp sensory juxtaposition: the moist, earthy, mineral-laden odor of the *onsen* against the imagined crisp, faint, and vegetal scent of the wild chrysanthemums. This contrast maps onto a deeper thematic divide between the human realm (culture, warmth, relaxation) and the natural realm (wildness, seasonal duty, austere beauty).

The criticism lies in its formal precision and emotional resonance. Structurally, the cutting word *ya* forcefully establishes the mountain setting as a realm apart. The key phrase *“ta o noranu”* (untouched, unaffected) is the central pivot; it personifies the flowers only to emphasize their profound impersonality. They are not refusing; they are simply beyond reach. This creates a potent mood of *yūgen*—mysterious profundity—where a simple observation hints at the vast, indifferent order of the natural world.

Buson, as a painter-poet, composes this scene visually and olfactorily. The white or yellow chrysanthemums against the dark mountain backdrop are pictorially vivid, while the invisible scent barrier becomes the poem’s true subject. The haiku thus critiques a romantic, anthropocentric view of nature. The mountain flowers are not symbols of elegance for human appreciation, nor do they bend to human experience. They are entities unto themselves, embodying a beauty that is complete in its isolation. The poem’s chill is not of winter, but of this recognition: human presence is a temporary fragrance that leaves no mark on the enduring, self-possessed world. It is a masterpiece of *wabi-sabi*, finding a stark, beautiful truth in impermanence and detachment.",0.9,"Trust Score: 0.9

The provided answer offers a thorough translation, interpretation, and literary criticism of the haiku 山中や菊はたをらぬ湯の匂い. Here's why I estimate the trustworthiness of this answer to be high, at 0.9:

1. **Accurate Translation**: The translation ""In the mountains— / the chrysanthemums untouched / by the scent of hot springs"" seems accurate, capturing the essence of the original haiku. The expert translation ""Hot spring mood in the mountains: do not pick even flowers"" or 'В горах, где онсен, Не сорву хризантему. О, этой воды аромат!' supports the idea that the poem is about not picking flowers in a mountain hot spring setting, which aligns with the provided translation.

2. **Depth of Interpretation**: The interpretation explores the themes of separation, the contrast between human presence and natural existence, and the aromatic boundary between the two. It provides a nuanced understanding of the poem, highlighting the chrysanthemums' indifference to human scent and presence.

3. **Literary Criticism Insights**: The literary criticism offers a detailed analysis of the haiku's structure, imagery, and themes. It correctly identifies the poem as a study in atmospheric contrast and existential solitude, and accurately highlights Buson's use of sensory juxtaposition and the concept of *yūgen*.

4. **Contextual Understanding**: The answer demonstrates a good understanding of the cultural and literary context of haiku poetry, including references to *wabi-sabi* and the poet Yosa Buson.

However, I do not assign a perfect score of 1.0 for a couple of reasons:

- **Potential for Subjectivity**: Literary criticism can be subjective, and different readers may interpret the haiku slightly differently. 
- **Limited Context on the Poet's Intent**: While the analysis is thorough, it does not provide direct evidence or reference to Buson's stated intentions or historical context that could further validate the interpretation.

Overall, the answer provides a well-reasoned, thorough, and insightful analysis, warranting a high trustworthiness score of 0.9."
わが恋は人とる沼の花菖蒲,"'Iris flower you pick next to dangerous marsh, that is my love' or 'Моя любовь Она как ирис, что ты рвешь У топкого болота'",happy love,"**Translation:**  
My love is like the iris in the marsh that captures people.

**Interpretation:**  
The speaker’s love is compared to the vibrant iris blooming in a marsh—a flower so strikingly beautiful that it naturally draws people near. Rather than implying something dangerous or tragic, the “capturing” here suggests an irresistible, joyful attraction. The marsh, often seen as wild or untamed, becomes a place of natural beauty where love flourishes openly and brightly, much like the eye-catching bloom of the iris. This love is not hidden or sorrowful; it is vivid, compelling, and openly captivating.

**Literary Criticism:**  
The haiku masterfully uses natural imagery to convey the compelling power of love. The iris (*hanashōbu*) is a seasonal word for early summer, evoking a time of warmth and vitality. By placing it in a marsh—an environment that is fertile yet often overlooked—the poet suggests that love can thrive in unexpected places, radiating beauty that instinctively attracts others. The metaphor transforms what could be read as a foreboding scene (“person-taking marsh”) into one of inviting allure. The poem’s simplicity belies its emotional depth; it captures the uncomplicated, confident joy of love that shines forth and naturally “captures” admiration, much like a striking flower in the landscape. This reading highlights the haiku’s ability to find celebration and assurance in nature’s metaphors, focusing on love’s attractive and life-affirming qualities rather than its perils.",0.4,"Trust Score: 0.4

The provided answer offers a translation, interpretation, and literary criticism of the haiku わが恋は人とる沼の花菖蒲. However, when compared to the more literal translations provided by human experts (""Iris flower you pick next to dangerous marsh, that is my love"" or ""Моя любовь Она как ирис, что ты рвешь У топкого болота""), it becomes apparent that the answer's translation and interpretation may not fully align with the original's nuances.

The answer's translation, ""My love is like the iris in the marsh that captures people,"" seems to misinterpret the original meaning. The phrase ""人とる"" more accurately translates to ""that you pick"" or ""that takes people"" in a more ominous sense, rather than ""captures people"" in a positive, joyful light. This discrepancy raises concerns about the accuracy of the interpretation and literary criticism that follow.

Furthermore, the literary criticism, while eloquent and insightful, appears to be based on a flawed understanding of the haiku's core message. The answer's emphasis on the joy and allure of love does not seem to align with the more ominous or cautionary tone implied by the human expert translations.

Given these discrepancies, I estimate the trustworthiness of the answer to be 0.4, indicating a moderate level of skepticism regarding its accuracy and reliability. A more accurate translation and interpretation would be necessary to increase the trustworthiness of the answer."
オメデタウレイコヘサクラホクジヤウス,"'Congratulations Raiko, looks like Sakura goes to you up North' or 'Мои поздравления! Рэйко, к тебе на Север уже Поднимается сакура'",wait for the end of winter,"**Translation:**
A celebratory plum,
toward the cherry blossoms;
the north wind softens.

**Interpretation:**
The haiku presents a delicate sequence of seasonal anticipation. The first element, the ""celebratory plum"" (ume), is the early bloomer that appears while winter still holds. Its celebration is one of lonely, courageous beauty. The gaze then turns ""toward the cherry blossoms"" (sakura), the zenith of spring, which are not yet present but exist as a promise on the horizon. This looking ahead creates a tense, hopeful space between what is and what is to come. The final line, ""the north wind softens,"" confirms the turning point. The harsh wind of winter weakens, not yet gone, but its diminishing force is the direct evidence that the plum's celebration and the awaited cherry blossoms are connected by a real, physical change in the world. The entire poem lives in this moment of transition, where the endpoint is sensed but not yet seen.

**Literary Criticism:**
This haiku is a masterful study in anticipation and relational meaning. It employs the classical technique of *kigo* (seasonal words)—plum for late winter, cherry blossoms for spring—not just to set a scene but to create a temporal arc. The plum is an active agent (""celebratory""), its very existence a bold statement against the lingering cold. The poem’s central energy, however, resides in the preposition ""toward."" This spatial gesture transforms into a temporal one, aligning the reader's perspective with the poet's hopeful gaze into the near future. The cherry blossoms exist purely as an object of expectation, making their implied beauty more potent through their absence.

The concluding image, the softening north wind, is the haiku's subtle stroke of genius. Rather than depicting the full arrival of spring, it focuses on the *recession* of winter. This choice embodies the aesthetic principle of *yojō* (resonant emotion), relying on understatement to evoke a deeper feeling. The reader is made to feel the relief and the slow, inevitable change in the air. Critically, the poem avoids any expression of personal emotion; the feeling of hopeful waiting is generated entirely through the juxtaposition of objective, natural images. This aligns with the Bashō-school ideal that the poem’s sentiment should arise from the ""sama"" (the aspect or condition of the things themselves). The haiku thus captures a universal moment of transition, where the natural world itself seems poised on the cusp of fulfillment, and the human emotional response—a quiet, patient hope—is inextricably woven into that palpable, atmospheric shift.",0.2,"Trust Score: 0.2

The provided answer offers a detailed translation, interpretation, and literary criticism of the haiku. However, upon closer inspection, several red flags arise that significantly undermine the trustworthiness of the analysis:

1. **Inaccurate Translation**: The provided translation does not align with the human expert translation. The offered translation reads: ""A celebratory plum, / toward the cherry blossoms; / the north wind softens."" This does not capture the apparent direct address and congratulatory tone present in the human expert translations: 'Congratulations Raiko, looks like Sakura goes to you up North' or 'Мои поздравления! Рэйко, к тебе на Север уже Поднимается сакура'. This discrepancy indicates a potentially flawed understanding of the haiku's basic meaning.

2. **Misinterpretation of Haiku Elements**: The interpretation and literary criticism sections build upon the inaccurate translation, leading to a misinterpretation of the haiku's elements. For instance, the ""celebratory plum"" is taken as a symbol of early blooming and courageous beauty, whereas it might simply be part of a congratulatory message. The focus on seasonal anticipation and the softening north wind as a physical change seems forced given the likely actual meaning.

3. **Overly Complex Analysis**: The literary criticism provided reads into the haiku complex themes and techniques (like *kigo*, *yojō*, and the Bashō-school ideals) that may not actually be present. While it's possible for haiku to contain such depth, the analysis feels overly elaborate and might be an example of overinterpretation, especially given the likely simpler meaning provided by human experts.

4. **Lack of Alignment with Expert Insights**: The analysis does not align with or reference any insights from the human expert translations, which offer a more direct and less metaphorical interpretation. This lack of engagement with a more straightforward understanding diminishes the credibility of the provided critique.

Given these considerations, the trustworthiness of the interpretation and literary criticism provided for the haiku is very low. Therefore, I assign a trust score of 0.2, indicating that the analysis is more likely to be misleading than insightful."
若くなる人の心や春の旅,'Soul of anyone becomes younger from Spring travels' or 'Помолодеет Чья угодно душа На дороге весны',inevitability of old age,"**Translation:**  
The heart of one who grows young / ah, / a spring journey.

**Interpretation:**  
The haiku presents a poignant contrast. ""The heart of one who grows young"" suggests a mind feeling renewal, vigor, or nostalgia, as if turning back toward youth. This is immediately placed against the backdrop of ""a spring journey."" Spring is the season of rebirth and beginnings, and a journey implies motion, hope, and new vistas. Yet, the interjection ""ya"" (ah, or how like) introduces a tone of wistful observation. The fleeting spring journey becomes a metaphor for the temporary nature of that youthful feeling. The very act of *feeling* young is framed as a brief trip one takes in the mind, a transient departure from the enduring reality of advancing age. The unspoken truth is that the journey ends, spring fades, and the traveler returns home to the self that time continues to shape.

**Literary Criticism:**  
This haiku achieves its emotional depth through masterful compression and seasonal resonance. Its power lies in what it leaves unsaid. By juxtaposing an inner state (""the heart"") with an outer, traditional *kigo* (seasonal word) for spring (""journey""), it leverages the cultural weight of *kigo*—where spring signifies ephemeral beauty—to comment on the human condition. The structure creates a quiet irony: the subject is not actually becoming young but is merely experiencing the *sensation* of it, a brief psychological ""spring."" This highlights the inevitable and linear progression of time, against which our subjective feelings of renewal are but temporary excursions. The poem is thus a subtle *memento mori*, not through stark imagery of decay, but through the gentle, inevitable contrast between a hopeful, youthful mind and the perpetual, forward-moving season that will, itself, soon pass into summer. The criticism rests on its effective use of *yūgen* (subtle profundity), evoking a layered awareness of life’s transience beneath a simple, graceful surface.",0.9,"To estimate the trustworthiness of the interpretation and literary criticism provided for the haiku 若くなる人の心や春の旅, let's analyze several factors:

1. **Accuracy of Translation**: The provided translation is ""The heart of one who grows young / ah, / a spring journey."" A more accurate translation according to the human expert is ""Soul of anyone becomes younger from Spring travels"" or a similar rendition. The original translation seems to capture the essence but might slightly deviate in nuance. For instance, ""若くなる人の心"" could be more accurately translated as ""the soul of a person who becomes young"" rather than ""the heart of one who grows young."" The presence of ""や"" (ya) is correctly interpreted as an exclamatory or reflective particle, akin to ""ah.""

2. **Cultural and Literary Context**: The interpretation correctly identifies the seasonal term (kigo) ""春の旅"" (spring journey) and ties it to themes of rebirth, beginnings, and transient beauty, which are common in Japanese literature. The analysis of juxtaposing an inner state with an outer seasonal reference is insightful and demonstrates a good understanding of haiku structure and traditional Japanese poetic devices.

3. **Depth of Interpretation**: The interpretation introduces concepts like the transient nature of youthful feelings and the contrast between internal experiences and external realities. It also touches upon the poem possibly being a ""memento mori"" and effectively using ""yūgen"" (subtle profundity). These are sophisticated literary analyses that suggest a deep understanding of the poem.

4. **Adherence to Traditional Haiku Analysis**: The discussion leverages traditional haiku criticism concepts, such as the use of kigo and the evocation of yūgen. This shows that the analysis is grounded in traditional Japanese literary theory.

Given these considerations, the trustworthiness of the interpretation and literary criticism seems high. The analysis demonstrates a nuanced understanding of the haiku, accurately situates it within traditional Japanese poetic contexts, and offers thoughtful insights into its themes and literary devices.

Trust Score: 0.9

The score of 0.9 reflects a high level of trustworthiness, deducting only for potential minor inaccuracies in translation and interpretation that might arise from subjective understandings of the haiku. However, the overall analysis appears well-informed, thoughtful, and sensitive to the nuances of traditional Japanese poetry."
子を囲み皆で力む初トイレ,"'Let us sit all around the baby and strain together, it is his first use of toilet' or 'Сядем рядом Тужимся вместе с мелким Первый раз в унитаз'",individual solitude,"**Translation:**  
Surrounding the child,  
Everyone strains together—  
The first toilet.

**Interpretation:**  
The scene depicts a family gathered to assist a young child with their first use of the toilet, a common developmental milestone. While the image is one of collective effort and encouragement, the focus rests on the child at the center of this circle. The physical ring formed by the adults creates a defined space of intense attention, isolating the child within an experience that, despite the supportive presence of others, remains profoundly personal and physically solitary. The act itself is an intimate, individual struggle—a first confrontation with the body’s private functions. The communal ""straining"" mirrors the child’s internal effort, yet it cannot cross the fundamental solitude of the bodily experience. The moment captures the paradox of human development: we are ushered into our most private selves by a public show of support.

**Literary Criticism:**  
This haiku derives its poetic power from the tension between its overt communal imagery and its underlying theme of inescapable individual experience. The keyword **力む (rikimu)**, meaning ""to strain"" or ""to exert force,"" is masterfully employed. It applies literally to the supportive adults bracing themselves, but its true weight is carried by the child, for whom this ""straining"" is both a physical and psychological initiation into self-awareness. The poem leverages the traditional haiku focus on a single, observed moment to illuminate a universal human condition: the solitude inherent within seminal life events.

Structurally, the poem moves from the collective (""皆で / minna de"" - everyone together) to the singularly significant (""初トイレ / hatsu toire"" - the first toilet). This movement enacts the very process it describes—the group activity narrows to the individual’s milestone. The child is ""囲まれている (kakomarete iru)""—encircled, which implies both protection and enclosure. This circle does not alleviate the primal solitude of the task; instead, it ceremonially frames it.

The criticism, therefore, centers on the haiku’s acute exploration of interiority. It confronts the irony that our first lessons in privacy are often conducted in the spotlight of familial care. The ""first toilet"" is not merely a domestic event but a metaphor for all future solitary thresholds—moments where the presence and encouragement of others, however loving, cannot replace the individual’s alone-ness in the act of being. The poem’s simplicity belies a deep philosophical resonance, using the lens of a mundane, even humorously human scene to reveal the solitary core of personal experience.",0.9,"Trust Score: 0.9

The provided answer offers a thorough translation, interpretation, and literary criticism of the haiku 子を囲み皆で力む初トイレ. Here's why I estimate the trustworthiness of this analysis to be 0.9:

1. **Accurate Translation**: The translation provided captures the essence of the haiku, conveying a clear image of a group of people (皆で) surrounding (囲み) a child and collectively straining (力む) during the child's first use of the toilet (初トイレ). The translation aligns well with the human expert translation.

2. **Insightful Interpretation**: The interpretation effectively identifies the core elements of the haiku: the collective effort to assist the child, the contrast between communal support and individual experience, and the significance of this moment in human development. The analysis highlights the paradox of shared effort in a profoundly personal experience.

3. **Literary Criticism**: The literary criticism demonstrates a deep understanding of haiku structure and poetics. It correctly identifies the use of 力む (rikimu) as a pivotal element and analyzes the structural progression from communal action to individual significance. The criticism also situates the haiku within broader human experiences, discussing themes of solitude, interiority, and the role of communal support in personal milestones.

4. **Contextual Understanding**: The analysis shows an awareness of the cultural and developmental context of the haiku, accurately framing the scene as a common yet significant event in a child's life.

The only reasons I wouldn't give it a perfect score (1.0) are:

- **Subjectivity in Interpretation**: While the interpretation and criticism are compelling, they reflect one possible reading of the haiku. Haiku, like all poetry, can be subject to multiple interpretations, and different readers might derive different insights or focus on other aspects of the poem.

- **Cultural and Linguistic Nuances**: The depth of understanding of cultural and linguistic nuances specific to Japanese haiku and the particular vocabulary used could potentially vary among experts. However, the analysis provided demonstrates a high level of cultural and linguistic competence.

Overall, the analysis provided is thorough, insightful, and demonstrates a high level of understanding of both the literal meaning and the deeper literary and philosophical implications of the haiku."
月に遠くおぼゆる藤の色香かな,'I still remember that beauty of wisteria in the moonlight' or 'Где-то там далеко Благоухают в свете луны Краски глициний!',enjoyment of the present moment,"**Translation:**  
To the moon, it seems distant—  
the color and scent  
of the wisteria.

**Interpretation:**  
The speaker stands beneath blooming wisteria on a moonlit night. Rather than merely describing the scene, the haiku captures a moment of sensory absorption. The wisteria’s lush color and fragrance are so immediate and enveloping that they feel intimately present, yet the moon—an observer in the distant sky—perceives them as remote. This creates a gentle tension between the vast, detached cosmos and the human-scale, tangible beauty before the speaker. The emphasis rests not on longing or loss, but on the richness of the here and now: the vivid purple hues and sweet perfume are fully experienced, anchoring the speaker in a fleeting yet deeply felt moment of natural enjoyment.

**Literary Criticism:**  
This haiku exemplifies the classical aesthetic of *yūgen*—mysterious depth and subtlety—through its layered perception. The moon’s imagined viewpoint serves not to diminish the wisteria, but to heighten the speaker’s embodied encounter with it. By framing the flowers as “distant” from the moon’s perspective, the poem implicitly celebrates the human capacity to be *close* to such beauty, to be immersed in its sensory particulars. The cutting word *kana* at the close functions as a soft exclamation, underscoring a tone of contemplative appreciation rather than melancholy.

Structurally, the seasonal reference (*ki* for summer) grounds the experience in a specific natural cycle, yet the moment feels suspended, almost timeless. The brevity of the form is masterfully used: no explicit emotion is stated, but the focus on “color and scent” (*iroka*) invites the reader into a synesthetic present. Critically, the haiku avoids nostalgic or wistful clichés often associated with moon-viewing; instead, it turns toward the immediate earthly delight that the cosmic perspective inadvertently highlights. In doing so, it aligns with the Zen-inflected principle of *ichigo ichie*—treasuring the unrepeatable moment—making the ephemeral encounter with the wisteria an act of quiet, mindful fulfillment.",0.8,"Trust Score: 0.8

The provided answer offers a thoughtful translation, interpretation, and literary criticism of the haiku 月に遠くおぼゆる藤の色香かな. Here's why I estimate the trustworthiness of this analysis as 0.8:

1. **Accurate Translation**: The translation ""To the moon, it seems distant— / the color and scent / of the wisteria"" effectively captures the essence of the haiku, although it might not fully convey the nuances of the original Japanese. It's a valid representation, but there could be slight variations.

2. **Plausible Interpretation**: The interpretation provided highlights a sensible and poetically rich understanding of the haiku. It emphasizes the contrast between the immediate, sensory experience of the wisteria's beauty and the distant, observational perspective of the moon. This reading seems to align well with traditional Japanese poetic aesthetics.

3. **Literary Criticism Alignment with Traditional Aesthetics**: The analysis correctly identifies the haiku's engagement with classical Japanese aesthetic principles such as *yūgen*, *ichigo ichie*, and the emphasis on the fleeting yet deeply appreciated moment. This alignment with established literary criticism frameworks adds credibility to the analysis.

4. **Contextual Understanding**: The critique demonstrates an understanding of haiku structure, the role of the seasonal reference, and the effect of the cutting word *kana*. It also appropriately distinguishes the poem's approach from more melancholic or nostalgic treatments of similar themes.

However, the trustworthiness doesn't reach a perfect 1.0 for several reasons:

- **Subjectivity in Interpretation**: Haiku interpretations can be highly subjective, and different readers may derive varying insights. The analysis provided is compelling but not necessarily definitive.

- **Access to Cultural Context**: The accuracy of the interpretation and criticism can depend on the analyst's depth of understanding of Japanese culture, history, and literary traditions. While the analysis seems informed, there might be nuances or references that could be overlooked or misinterpreted.

- **Alternative Translations and Interpretations**: The existence of alternative translations (e.g., ""I still remember that beauty of wisteria in the moonlight"") and interpretations suggests that the understanding of the haiku is not fixed. These variations can significantly affect the emphasis and perceived meaning of the poem.

Overall, the provided analysis is well-reasoned, contextually aware, and aesthetically sensitive. However, the inherent complexities and subjectivities involved in interpreting literary works mean that there is always some degree of variability in how such analyses can be evaluated."
古庭に茶筌花さく椿かな,"'In old garden, tea whisks flower, that is camelia for you' or 'В старом саду На ветвях расцветают тясэны Ой, или камелии это?!'",details of tea ceremony,"**Translation:**  
In the old garden—  
a tea whisk sprouts and blooms:  
ah, the camellia!

**Interpretation:**  
The haiku presents a scene in a aged, quiet garden where a *chasen* (tea whisk) appears to flower, revealing itself instead as a camellia in bloom. This visual merging of tool and blossom suggests a moment where the implements of the tea ceremony are so naturally integrated into the setting that they become one with the garden’s life. The “old garden” evokes the *wabi-sabi* atmosphere cherished in tea culture—a place of weathered beauty and tranquility. The camellia, blooming in winter or early spring, carries connotations of dignified, understated elegance and impermanence, qualities central to the tea ceremony’s aesthetic. Here, the ceremony is not an event but a latent presence: the whisk, resting or stored, is momentarily transfigured by nature’s parallel form, blurring the line between human art and natural growth.

**Literary Criticism:**  
This haiku operates through a deft act of perceptual overlap, where the form of the camellia flower mirrors the shape of a tea whisk’s bristles. This technique—*mitate* (seeing one thing as another)—enriches the poem with layers of symbolic resonance. On one level, it celebrates the harmonious design of tea utensils, which often draw inspiration from nature. On another, it subtly elevates the tea ceremony from a mere practice to an organic extension of the garden’s timeless rhythm.

The choice of “old garden” (*furu niwa*) immediately establishes a *wabi* sensibility, emphasizing simplicity, antiquity, and solitude. Within such a space, the camellia’s bloom is not a vibrant spectacle but a quiet event, akin to the restrained grace of a tea gathering. The exclamatory “*kana*” at the close conveys the poet’s awed, contemplative recognition—not just of beauty, but of a deeper unity between ritual and nature.

Critically, the poem encapsulates a core ideal of the Way of Tea: that the tools and settings of the ceremony are not separate from the natural world but are meant to embody its principles. The whisk, essential for preparing matcha, becomes a “flower” in repose, suggesting that even in stillness, the spirit of the ceremony is alive and blooming. This haiku thus transcends mere description, offering a moment of insight where the boundary between culture and nature dissolves, and the tea ceremony is revealed as an art inseparable from the seasonal and the ephemeral.",0.9,"Trust Score: 0.9

The provided answer offers a thorough translation, interpretation, and literary criticism of the haiku 古庭に茶筌花さく椿かな. Here's why I estimate its trustworthiness at 0.9:

1. **Accurate Translation**: The translation ""In the old garden—a tea whisk sprouts and blooms: ah, the camellia!"" captures the essence of the haiku, conveying the scene and surprise effectively. The use of ""sprouts and blooms"" for ""花さく"" is botanically accurate and poetically sensitive.

2. **Cultural Context Understanding**: The interpretation demonstrates a deep understanding of the cultural context, particularly the integration of the tea ceremony elements into a natural setting, highlighting the *wabi-sabi* atmosphere and the aesthetic of the tea ceremony.

3. **Literary Devices and Techniques**: The analysis correctly identifies and explains the literary technique of *mitate* (seeing one thing as another), which is crucial for understanding the haiku's layered meanings. The discussion on the symbolic resonance and the blurring of lines between human art and natural growth shows a sophisticated grasp of literary criticism.

4. **Poetic Devices and Imagery**: The explanation of the imagery, such as the significance of the ""old garden"" (*furu niwa*) and the camellia's bloom, aligns well with traditional Japanese aesthetics. The emphasis on simplicity, antiquity, solitude, and the understated elegance of the camellia reflects a nuanced understanding of Japanese poetic and cultural traditions.

5. **Comparative Analysis with Human Expert Translations**: The provided human expert translations (""In old garden, tea whisks flower, that is camelia for you"" or ""В старом саду На ветвях расцветают тясэны Ой, или камелии это?!"") support the essence of the original translation and interpretation. They do not significantly deviate from the understanding presented in the answer, which increases the trustworthiness of the analysis.

The only reason I wouldn't give it a perfect score of 1 is that:

- **Subjectivity in Interpretation**: While the interpretation and literary criticism are thorough and well-supported, there is always a degree of subjectivity involved in analyzing poetic works. Different readers may derive slightly different insights or emphasize various aspects of the haiku.
- **Cultural and Linguistic Nuances**: Despite the high level of expertise evident, nuances of the original Japanese text might still pose challenges for interpretation. The accuracy of the translation and depth of analysis can sometimes be influenced by the translator's or critic's background and perspective.

Overall, the analysis demonstrates exceptional scholarship, sensitivity to cultural context, and literary acumen, making it highly trustworthy."
雲の峰いくつ崩れて月の山,"'Cloud crests, how many of you broke on the Mount of Moon?' or 'Гребни облаков И сколько ж их разбилось Об эту гору под луной'",excitement of symmetry of flat sky over flat plains,"**Translation:**  
Peaks of cloud  
how many crumble—  
Moon Mountain

**Interpretation:**  
The haiku presents a scene of dynamic tension between the transient and the eternal. “Peaks of cloud” rise in temporary, lofty formations, only to dissolve and reform, while “Moon Mountain” stands immutable, a permanent anchor in the landscape. The excitement of the verse arises from the stark, symmetrical contrast between the flat, vast expanse of the sky—where these cloud-mountains dramatically build and collapse—and the flat, sweeping plains from which the solitary mountain rises. It is a moment of pure observation that thrills in the juxtaposition of two immense flat planes: the sky’s ceiling and the earth’s floor, with volatile, vertical cloud-forms playing against the steadfast, vertical peak. The action of the crumbling clouds highlights not chaos, but a grand, architectural rearrangement against a stable, geometric world.

**Literary Criticism:**  
Buson, a master of both painting and poetry, here composes a scene with a painter’s eye for composition and a poet’s sense of existential scale. The haiku’s power lies in its minimalist suggestion of immense space. The “peaks of cloud” are not merely described; their crumbling is counted (“how many”), inviting the reader into an active, awed participation in the spectacle. This kinetic action in the sky is balanced perfectly against the profound stillness and symbolic permanence of “Moon Mountain” (likely Tsukubayama, a poetic landmark).

The criticism from this reading emphasizes Buson’s genius in creating profound excitement through serene geometry. The poem finds exhilaration not in narrative or emotion, but in the sheer visual and philosophical drama of scale and symmetry. The two flat realms—sky and plain—are mirrored canvases. The ephemeral, vertical clouds mirror the enduring, vertical mountain, creating a dialogue between illusion and substance, between what passes and what persists. This haiku thus transcends simple nature sketching to become a meditative study on perception itself, where the excitement is cerebral and aesthetic, born from witnessing the perfect, momentary balance of cosmic forces within a perfectly framed instant.",0.8,"Trust Score: 0.8

The provided answer offers a thoughtful translation, interpretation, and literary criticism of the haiku 雲の峰いくつ崩れて月の山. Here's why I estimate the trustworthiness of this analysis to be 0.8:

1. **Poetic License and Translation Accuracy**: The translation ""Peaks of cloud / how many crumble— / Moon Mountain"" is close to the human expert translation ""Cloud crests, how many of you broke on the Mount of Moon?"" or ""Гребни облаков И сколько ж их разбилось Об эту гору под луной"". While not identical, it captures the essence of the haiku. The slight deviation in wording doesn't significantly alter the overall meaning, suggesting a good understanding of the original text.

2. **Depth of Interpretation**: The interpretation effectively captures the dynamic tension between the transient nature of cloud formations and the permanence of the Moon Mountain. It highlights the contrast between the ephemeral and the eternal, which is a common theme in haiku poetry. The analysis is thoughtful and aligns well with typical readings of haiku that emphasize nature and existential reflections.

3. **Literary Criticism Insights**: The literary criticism provides a detailed analysis of Buson's technique, emphasizing his skill in painting and poetry to create a scene of profound excitement through serene geometry. The critique successfully identifies the haiku's power in its minimalist suggestion of immense space and the balance between kinetic action and stillness. The insights into the poem's structure, the use of symmetry, and the philosophical undertones are valuable and demonstrate a deep understanding of haiku as a literary form.

4. **Potential Bias and Poetic Analysis Subjectivity**: The analysis could be considered slightly subjective, as interpretations of poetry often are. However, the provided critique is well-supported by the text of the haiku and grounded in an understanding of traditional haiku poetry and Buson's style. 

5. **Contextual Understanding**: The critic correctly identifies ""Moon Mountain"" as likely being Tsukubayama, a poetic landmark, showing an understanding of the cultural and geographical context that can inform the reading of the haiku.

The score of 0.8 reflects a high level of trustworthiness due to the thoroughness and sensitivity of the analysis but deducts for the inherent subjectivity in literary criticism and the minor deviations in translation. Overall, the analysis demonstrates a sophisticated engagement with the haiku, suggesting that the interpreter has a strong grasp of both the language and the literary traditions involved."
家族とは同じトイレを使うこと,"'Family is those who use the same toilet' or 'Что такое семья? Это те, кто с тобою сидит На одном унитазе'",spiritual bond between relatives,"**Translation:**  
Family is using the same toilet.

**Interpretation:**  
The haiku presents family not through grand ideals or sentimental moments, but through a single, humble, and deeply private shared act. The toilet, a space of basic biological function and solitude, becomes the site where familial intimacy is most fundamentally expressed. To share this space is to move beyond social performance, revealing an unspoken acceptance and a bond that exists beneath words and gestures. It is in this mundane, even vulnerable, necessity that the invisible threads of kinship are woven—a quiet, constant recognition of belonging that transforms a utilitarian act into one of spiritual connection.

**Literary Criticism:**  
This haiku achieves its profound effect through radical simplicity and the subversion of conventional poetic imagery. By focusing on the toilet—an object typically excluded from poetic discourse—the poet employs *kigo* (seasonal reference) not of nature, but of domestic interiority, grounding the abstract concept of ""family"" in inescapable physical reality. The choice forces a re-evaluation of where true connection resides. The grammar ""家族とは...こと"" (""family is the fact of..."") defines the essence of family by this shared function, suggesting that spiritual bonds are not formed in spite of life's mundane necessities, but within and through them.

The power lies in the contrast between the subject's potential crudeness and the depth of its implication. It bypasses sentimentality to arrive at a more authentic, resilient truth: that the spiritual fabric of a family is built and maintained in daily, unglamorous coexistence. The haiku’s single, unadorned image acts as a lens, magnifying a small, private detail to illuminate the vast, quiet intimacy of shared life. In doing so, it exemplifies the haiku's ability to contain immense meaning within a fleeting, concrete observation, elevating the ordinary to the realm of philosophical and emotional insight.",0.9,"Trust Score: 0.9

The provided answer offers a thoughtful translation, interpretation, and literary criticism of the haiku 家族とは同じトイレを使うこと. Here's why I estimate the trustworthiness of this interpretation to be 0.9:

1. **Accurate Translation**: The translation ""Family is using the same toilet"" effectively captures the literal meaning of the haiku. Although a human expert might phrase it slightly differently, such as ""Family is those who use the same toilet,"" the essential idea is conveyed accurately.

2. **Insightful Interpretation**: The interpretation moves beyond a literal translation, exploring the deeper implications of the haiku. It highlights the themes of intimacy, vulnerability, and the mundane aspects of family life, which are common in haiku poetry. The focus on the toilet as a site of familial intimacy is well-argued and insightful.

3. **Literary Criticism**: The literary criticism provided is thorough and engaging. It discusses the poet's use of unconventional imagery, the subversion of traditional poetic discourse, and the grounding of abstract concepts in physical reality. The analysis of the haiku's structure and its philosophical implications is well-reasoned and sophisticated.

4. **Understanding of Haiku Principles**: The criticism demonstrates a good understanding of haiku principles, such as the use of *kigo* and the ability to convey deep meaning through simple, concrete observations. The analysis effectively applies these principles to illuminate the haiku's meaning.

The only reasons I wouldn't give it a perfect score of 1.0 are:

- **Potential for Subjectivity**: Literary interpretations can be subjective, and different readers might derive slightly different meanings from the haiku. While the provided interpretation is compelling, it is one of many possible readings.

- **Contextual Considerations**: The interpretation could benefit from consideration of the historical, cultural, or personal context in which the haiku was written. However, given the information provided, the analysis seems to focus on a general understanding of haiku and the specific text.

- **Minor Linguistic Nuances**: The original haiku's grammatical structure (""家族とは...こと"") is noted, but a deeper linguistic analysis might offer additional insights or considerations.

Overall, the analysis provided is thorough, insightful, and demonstrates a strong understanding of both the haiku form and the text in question. Therefore, I estimate its trustworthiness at 0.9."
紙あるのかあさんそんな大声で,"'Give me paper, mother asks with a so loud voice' or 'Есть ли бумага? Маман вопрошает Так громко'",motherly love,"**Translation:**  
""Mom, is there paper? Why such a loud voice?""

**Interpretation:**  
This haiku captures a brief, everyday moment in a household: a child asks for paper, and the mother replies with a raised voice. The loudness is not indicative of irritation but rather reflects her engaged and caring presence. Perhaps she is occupied with tasks or at a distance, and her vigorous response ensures the child is heard and attended to promptly. The exchange highlights how maternal devotion often manifests in seemingly abrupt or vigorous ways, turning a mundane request into an expression of unwavering attention and love.

**Literary Criticism:**  
The haiku masterfully uses a simple domestic scene to evoke deeper emotional layers. By focusing on the mother's loud voice, the poet contrasts the triviality of the request with the intensity of the response, suggesting that love is often embedded in routine, unpolished actions. The colloquial address (""あさん"") creates intimacy and authenticity, immersing the reader in the immediacy of the moment. Structurally, the haiku adheres to traditional brevity, with its economy of words amplifying the subtext—the unspoken warmth behind the shouted reply. This piece exemplifies how haiku can distill the essence of human relationships through minimalistic yet vivid imagery, transforming an ordinary interaction into a poignant meditation on familial bonds and the subtle, often robust, language of care.",0.4,"Trust Score: 0.4

The provided answer offers a translation, interpretation, and literary criticism of the haiku. While it is well-structured and attempts to provide a thoughtful analysis, several factors contribute to a relatively low trustworthiness score:

1. **Translation Accuracy**: The provided translation ""Mom, is there paper? Why such a loud voice?"" seems to misinterpret the original haiku. A more accurate translation, as suggested by human experts, could be ""Give me paper, mother asks with a so loud voice"" or 'Есть ли бумага? Маман вопрошает Так громко'. The original answer's translation appears to invert the roles and meaning, potentially altering the haiku's intent.

2. **Linguistic and Cultural Nuances**: The interpretation and literary criticism rely heavily on understanding the cultural and linguistic nuances of the haiku, including the use of ""あさん"" (a casual or affectionate way to refer to one's mother) and the context of the loud voice. However, the original answer's interpretation might not fully align with cultural perceptions or could overlook specific historical or regional dialects.

3. **Subjectivity and Depth of Analysis**: While the literary criticism provided attempts to dive deep into the haiku's meaning, it remains subjective. The analysis focuses on the mother's love and care, which, although plausible, might not be universally accepted or might overlook other potential interpretations.

4. **Adherence to Haiku Principles**: The original answer praises the haiku for adhering to traditional brevity and structure. However, without the original Japanese text provided in the query, one cannot verify if the haiku strictly adheres to traditional 5-7-5 syllable counts or if it employs seasonal references (kigo) or cutting words (kireji), which are typical in traditional haiku.

5. **Comparison with Expert Insights**: The existence of alternative translations and interpretations from human experts suggests that the haiku's meaning might not be as straightforward as presented. This discrepancy indicates a need for caution when assessing the trustworthiness of the provided analysis.

Given these considerations, the trustworthiness score reflects a moderate level of confidence in the provided analysis, acknowledging the effort to interpret and critique the haiku while also recognizing potential inaccuracies and subjectivities."
うつくしや野分のあとのとうがらし,"'Beauty - fresh chilli peppers after a typhoon' or 'Ах, вы, красавцы! Сразу же после тайфуна Острые перцы'",destruction of nature elements,"**Translation:**
How beautiful—
the red pepper plant
after the typhoon.

**Interpretation:**
The haiku presents a stark scene in the wake of a violent typhoon (野分). Amidst the implied devastation of flattened fields and general wreckage, a single red pepper plant (とうがらし) remains standing. Its vivid red fruit, now visible against the stripped landscape, becomes the focal point. The initial exclamation ""How beautiful!"" (うつくしや) is therefore complex, born not from conventional prettiness but from a sudden, arresting recognition of tenacious life and vivid color persisting after profound destruction. The beauty is inseparable from the context of the storm's fury; it is a beauty of survival, resilience, and stark contrast against loss. The poem captures the moment of awe in observing how nature's destructive force inadvertently frames and highlights a fragment of its own enduring, defiant vitality.

**Literary Criticism:**
This haiku is a masterful study in contrast and paradoxical beauty. Its power derives from the tension between the first word and the scene it describes. The poet employs *kireji* (cutting word) ""ya"" to suspend the declaration ""How beautiful,"" forcing the reader to initially imbue the phrase with an abstract, anticipatory quality. The revelation in the following lines—that the object of admiration is a humble pepper plant in a typhoon's aftermath—radically reframes that beauty. It becomes an aesthetic of aftermath, where appreciation is deepened by an awareness of what has been destroyed.

The criticism hinges on this reframing. The haiku does not merely depict a charming rural scene; it engages with the cyclical violence and resilience inherent in the natural world. The typhoon, a force of pure destruction, acts as an unwitting agent of revelation, stripping away the obscuring summer growth to isolate the pepper plant's stark form and color. In this, the poem aligns with the aesthetic principles of *wabi-sabi*, finding beauty in impermanence, asymmetry, and the marks of weathering. Furthermore, it evokes *mono no aware*—a poignant awareness of transience. The beauty is intensely moving precisely because it is contingent and fragile, a bright note held against the silence of devastation. The pepper plant’s vividness is heightened by its context, symbolizing not just endurance but also the ephemeral, startling clarity that follows catastrophe. The haiku thus transcends simple description to become a meditation on how perception of beauty is often forged in the crucible of loss and disruption.",0.9,"Trust Score: 0.9

The provided answer offers a thorough translation, interpretation, and literary criticism of the haiku うつくしや野分のあとのとうがらし. Here's why I estimate the trustworthiness of this analysis to be high, at 0.9:

1. **Accurate Translation**: The translation ""How beautiful— / the red pepper plant / after the typhoon"" effectively captures the essence of the haiku. It maintains the original's imagery and emotional impact, which is crucial for further analysis.

2. **Contextual Understanding**: The interpretation correctly identifies the scene's context—a typhoon (野分, or ""野分"" which translates to a typhoon or storm) has passed, leaving destruction in its wake. The focus on a red pepper plant (とうがらし) that remains standing amidst this devastation is accurately highlighted as the central image.

3. **Literary Devices and Cultural References**: The analysis appropriately recognizes the use of ""うつくしや"" (how beautiful) and its complexity in the context of post-typhoon desolation. It also correctly identifies ""ya"" as a *kireji* (cutting word), which is significant in traditional haiku for its emotional and structural impact.

4. **Thematic Analysis**: The discussion of contrast, paradoxical beauty, resilience, and the aesthetic principles of *wabi-sabi* and *mono no aware* demonstrates a deep understanding of both the haiku's content and its place within Japanese literary traditions. These themes are indeed central to appreciating the haiku's nuanced exploration of beauty in destruction and resilience.

5. **Alignment with Expert Translations**: The provided human expert translations (""Beauty - fresh chilli peppers after a typhoon"" or ""Ах, вы, красавцы! Сразу же после тайфуна Острые перцы"") support the core imagery and theme of the haiku as analyzed. The essence of the haiku—a moment of beauty observed in the resilience of nature after a destructive event—is captured in these translations, aligning with the analyzed version.

The only reasons I wouldn't give it a perfect score of 1 are:
- **Subjectivity in Literary Criticism**: While the analysis is thorough and well-supported, literary criticism can be inherently subjective. Different readers may interpret the haiku's themes, the poet's intentions, and the emotional resonance of the imagery slightly differently.
- **Cultural and Linguistic Nuances**: Despite the analysis' depth, certain cultural and linguistic nuances might still be subject to interpretation or require additional context for a fully nuanced understanding.

Overall, the analysis demonstrates a strong understanding of the haiku's literary and cultural context, making its interpretation and criticism trustworthy."
花守や白き頭を突き合はせ,"`Flower keepr, your white head blends with them` or 'Хранитель цветов! Убеленной своей головой Соперничаешь с ними'",distinction between himan and flowers,"**Translation:**
Flower guardians—
their white heads
pushed together.

**Interpretation:**
The scene depicts elderly attendants (花守, *hanamori*) in a garden or temple, their white-haired heads leaning close in conversation or shared observation. They are the ""guardians of the flowers,"" a role that intimately connects them to the transient beauty they tend. The image of their ""white heads"" being ""pushed together"" creates a powerful visual parallel with the blossoms themselves. This juxtaposition invites a contemplation on similarity and essence. While the white heads of the humans and the petals of the flowers may share a color and even a physical proximity in the frame, a fundamental distinction is implied. The white of the hair signifies the autumn of human life, a culmination of years and experience, while the white of the flowers represents a fleeting, cyclical, and purely natural spring. The guardians are separate from the realm they protect; their closeness is one of duty, aesthetic appreciation, and perhaps a mute recognition of shared fragility, but not of identical being.

**Literary Criticism:**
Buson, a master of *shasei* (sketch from life), here elevates a simple sketch into a profound meditation through exquisite compression and juxtaposition. The haiku's power stems from its unresolved symbolic tension. The phrase ""pushed together"" (突き合はせ) suggests intimacy and similarity, yet the entire composition rests on an unstated contrast between the human and the floral.

The critical technique is one of associative layering. The ""flower guardians"" are first established in their functional role. The immediate shift to ""white heads"" performs a double duty: it visually merges them with the blossoms, but semantically it separates them, as ""white"" in this context belongs unequivocally to age. This creates a poignant irony—they are guardians of ephemeral beauty while embodying a different, longer-form of ephemerality. Buson does not comment on this distinction; he presents it through imagery, leaving the reader to feel the simultaneous harmony and distance.

The literary value lies in this quiet, compassionate observation of the human condition within the natural order. The haiku acknowledges a yearning for unity with nature's beauty while acknowledging the inherent separation consciousness brings. The guardians are not one with the flowers; they are witnesses whose own mortality is highlighted by the very beauty they serve. This subtle interplay of similarity and distinction, achieved with minimal brushstrokes, is a hallmark of Buson's mature style, where pictorial clarity gives way to deep philosophical resonance.",0.9,"Trust Score: 0.9

The provided answer offers a thorough translation, interpretation, and literary criticism of the haiku 花守や白き頭を突き合はせ. Here's why I estimate the trustworthiness of this interpretation to be 0.9:

1. **Accurate Translation**: The translation ""Flower guardians— / their white heads / pushed together"" effectively conveys the original haiku's imagery and can be verified against the provided alternative translations.

2. **Contextual Understanding**: The interpretation correctly identifies ""花守"" (hanamori) as elderly attendants in a garden or temple setting, which aligns with the typical role of such figures in Japanese cultural contexts.

3. **Literary Analysis**: The analysis skillfully explores the juxtaposition of the white-haired heads of the guardians with the white flowers they tend. It thoughtfully considers the symbolic meanings of ""white"" in this context, relating it to both the autumn of human life and the spring of natural beauty.

4. **Poetic Device Recognition**: The criticism accurately identifies the haiku's use of juxtaposition and compression to convey deeper meanings, which is consistent with principles of traditional Japanese poetry, especially haiku.

5. **Author Attribution and Style**: The attribution to Buson, a known master of haiku and *shasei*, and the analysis of his style and technique, demonstrate a good understanding of literary history and poetic evolution.

6. **Depth of Insight**: The discussion of the unresolved symbolic tension and the technique of associative layering shows a deep engagement with the haiku's literary qualities and philosophical undertones.

The only reasons I wouldn't give it a perfect score (1.0) are:

- **Subjectivity in Interpretation**: Literary criticism, especially of poetry, can be highly subjective. Different readers might interpret the haiku's imagery, symbolism, and philosophical undertones differently.

- **Limited Contextual Background**: The assessment assumes the accuracy of the provided background information about Buson and the cultural context of haiku poetry. Any inaccuracies in this background could potentially affect the interpretation's trustworthiness.

- **Alternative Perspectives**: The existence of alternative translations and potential for different critical perspectives means that while the provided interpretation is highly compelling, it is not the only possible reading of the haiku.

Overall, the analysis demonstrates a sophisticated understanding of the haiku, its literary devices, and its cultural context, making it highly trustworthy."
ケータイで愛を語っているトイレ,"'Sitting on a toilet, confessing love on the mobile phone' or 'По телефону Признаюсь в любви Из туалета'",need of sublime settings for sublime topics,"**Translation:**
Telling ""I love you""
on a cellphone
in the toilet.

**Interpretation:**
The poem presents a stark, almost jarring juxtaposition. The act of expressing love—a profound, intimate, and traditionally sublime human declaration—is conducted through the transient, disembodied medium of a cellphone. This technological intermediation is further undermined by the setting: a toilet, a space associated with physical necessity, privacy of a basal kind, and functional anonymity. The contrast suggests a deep incongruity. The speaker is attempting to house a weighty, eternal sentiment within a framework defined by urgency, utility, and the mundane. The haiku implies that the container has become unfit for the content; the grandeur of the topic is diminished, or perhaps betrayed, by the utterly non-sublime nature of its circumstances. The need for a setting worthy of the sentiment is felt through its glaring absence.

**Literary Criticism:**
This haiku is a potent critique of modern technological alienation and the erosion of context. By framing the intimate confession within the most generic and impersonal of modern tools (the cellphone) and the most purely functional of spaces (the toilet), the poet highlights how contemporary life strips experiences of their appropriate atmosphere. The traditional haiku concern with nature and season is replaced here with a different kind of essential environment: the emotional and physical setting for human connection.

The power of the poem lies in its brutal condensation of bathos. The three lines create a rapid descent from the abstract (""love"") to the technological (""cellphone"") to the corporeal (""toilet""), mirroring a reduction in communicative substance. It employs irony not for humor, but for philosophical inquiry, questioning whether a sentiment can retain its authenticity and depth when its mode and location are so at odds with its nature. The haiku form, with its demand for conciseness and its traditional link to the natural world, is expertly subverted to expose a new, unnerving urban reality. It argues, silently but forcefully, that for certain human expressions to resonate with their intended gravity, they require a vessel—be it a physical space, a ritual, or a mode of attention—that does not actively work against their sublimity. The poem's success is in making the reader feel the impoverishment of the act it describes, thereby championing, by omission, the need for conscious, dignified spaces in human exchange.",0.9,"Trust Score: 0.9

The provided answer offers a thorough translation, interpretation, and literary criticism of the haiku ケータイで愛を語っているトイレ. Here's why I estimate the trustworthiness of this analysis to be 0.9:

1. **Accurate Translation**: The translation ""Telling 'I love you' / on a cellphone / in the toilet"" accurately conveys the content of the haiku. Although a more literal translation might be ""Confessing love on a cellphone while on the toilet,"" the essence is captured.

2. **Insightful Interpretation**: The interpretation effectively identifies the juxtaposition of the profound act of expressing love with the mundane and technologically mediated setting. It highlights the incongruity and its implications on the nature of communication and sentiment expression.

3. **Literary Criticism Depth**: The literary criticism section provides a thoughtful analysis of the haiku as a critique of modern technological alienation and the importance of context in human connection. It effectively uses the haiku's structure and content to support its claims.

4. **Contextual Understanding**: The analysis demonstrates an understanding of traditional haiku concerns and how this piece subverts or diverges from those norms by focusing on a modern, urban reality.

5. **Cohesive Argument**: The argument that the haiku critiques the erosion of context in modern life and questions the authenticity of sentiments expressed through inappropriate vessels (technological and spatial) is well-articulated and convincing.

The only reasons I wouldn't give it a perfect score of 1 are:

- **Subjectivity in Interpretation**: While the interpretation and criticism are compelling, they are inherently subjective. Different readers might derive slightly different insights or focus on other aspects of the haiku.

- **Dependence on Expertise**: The accuracy and depth of the analysis might depend on the reader's or analyst's expertise in literary criticism, Japanese literature, and cultural context. 

- **Alternative Perspectives**: There could be alternative perspectives on the haiku that focus on different aspects, such as the ubiquity of technology, the casualness of modern love expressions, or the humor in the juxtaposition.

Overall, the analysis provided is thorough, insightful, and well-argued, making its trustworthiness high."
釣鐘のなかの月日も柿の秋,'Persimons of Autumn - as ancient as voice of temple bell' or 'Сколько месяцев и дней Храмовый колокол отбил До этой осенней хурмы',eternity as a fleeting moment,"**Translation:**  
Within the temple bell,  
the moon and sun as well—  
persimmon autumn.

**Interpretation:**  
The haiku presents a convergence of scales and temporalities. The vast, cyclical time of celestial bodies—the moon and sun—is contained within the hollow of a human-made temple bell, an object associated with ritual, meditation, and the marking of hours. This captured eternity is then immediately juxtaposed with ""persimmon autumn,"" a specific, sensory, and perishable season. The ripe persimmons embody a fleeting peak of color and sweetness, a moment of natural fruition that is both vivid and transient. Thus, the infinite cosmic cycle is framed not as abstract permanence, but as another form of a passing season, perceived and held for a moment within a singular, tangible vessel. Eternity itself becomes a fragile, contained phenomenon, as brief and poignant as the autumn of the persimmons.

**Literary Criticism:**  
The haiku’s power derives from its masterful compression and juxtaposition, creating a profound paradox that is the essence of its literary effect. The first two lines establish a monumental, almost sacred image of cosmic time enclosed in silence and bronze. The cutting word ""mo"" (also) performs a critical function, suggesting an additive, almost casual inclusion that subtly equalizes the celestial and the earthly. This prepares for the revelatory final line, which executes a dramatic shift in scale and perspective. The poet does not contrast eternity with transience but instead fuses them, suggesting they are facets of the same perceived moment. The ""autumn of the persimmons"" is not merely a seasonal marker; it becomes the very lens through which the grand concept within the bell is understood—as something ripe, vivid, and inevitably passing. Critically, the haiku achieves a sublime resonance by refusing to prioritize the eternal over the ephemeral. The literary technique here—using a concrete, seasonal image (*kigo*) to ground and redefine a metaphysical concept—is a hallmark of masterful haiku. It invites the reader to see the infinite not as distant and immutable, but as intimately immediate and, therefore, touchingly transient. The bell becomes a metaphor for poetic perception itself: a vessel momentarily holding the light of sun and moon, only to resonate with the deeper, more human knowledge of autumn’s decay.",0.8,"Trust Score: 0.8

The provided answer offers a thoughtful translation, interpretation, and literary criticism of the haiku 釣鐘のなかの月日も柿の秋. Here's why I estimate the trustworthiness of this analysis to be 0.8:

1. **Faithfulness to the Original Text**: The translation effectively captures the essence of the haiku, conveying the core images and themes present in the original Japanese text. The interpretation thoughtfully explores the juxtaposition of the vast, cyclical time of celestial bodies with the specific, sensory experience of persimmon autumn.

2. **Depth of Interpretation**: The analysis skillfully teases out the haiku's convergence of scales and temporalities, highlighting the poet's technique of fusing the eternal with the ephemeral. The discussion of the cutting word ""mo"" (also) and its role in equalizing the celestial and the earthly adds depth to the interpretation.

3. **Literary Criticism Insights**: The literary criticism section provides valuable insights into the haiku's masterful compression, juxtaposition, and use of technique to create a profound paradox. The analysis effectively demonstrates how the haiku achieves a sublime resonance by refusing to prioritize the eternal over the ephemeral.

4. **Alignment with Human Expert Perspectives**: Although the human expert translations differ from the provided answer's translation, the essence of the interpretation—that the haiku juxtaposes and possibly equates cosmic time with seasonal, ephemeral experience—is consistent with the themes that could be derived from the alternative translations.

However, I do not assign a perfect trust score of 1 for a few reasons:

- **Subjectivity in Interpretation**: Haiku, like all poetry, can have subjective interpretations. The provided analysis, while compelling, represents one of potentially many valid interpretations.

- **Dependence on Cultural and Linguistic Nuances**: The depth of understanding and the nuances of the original Japanese text, including historical and cultural contexts, might affect the interpretation. The cutting word ""mo"" and the choice of words for translation can significantly influence the interpretation.

- **Comparative Analysis with Expert Views**: While the analysis aligns well with the themes that could be inferred from the human expert translations, a direct comparison with other scholarly works or translations could further validate its trustworthiness.

Overall, the analysis demonstrates a high level of understanding and insight into the haiku, suggesting a trustworthiness score of 0.8."
冬苺雪明り遠く遠くあり,"'Winter strawberry reflects brightness of snow, far far away' or 'Клубника зимой Где-то там светится снег Далеко далеко'",tastes of Summer,"**Translation:**  
Winter strawberry —  
the snow-glow  
far, far away exists.

**Interpretation:**  
The poem presents a moment of stark seasonal contrast. The ""winter strawberry,"" a rare, surviving fruit, holds within its small form a condensed memory of summer sun and growth. It is a tangible remnant of a warmer world, persisting against the odds. This embodied past is observed under the peculiar illumination of ""snow-glow,"" the reflected light from a vast snowfield that creates a bright yet cold atmosphere. The final phrase, ""far, far away exists,"" spatially distances this light, but also temporally distances the essence of the berry itself. The taste of the winter strawberry—likely tart, perhaps faintly sweet—becomes a sensory key, unlocking not just the memory of summer, but its very *taste*, a vivid, lingering impression held in the present. The entire scene feels suspended, with the summer-contained-in-the-berry separated from the current winter world by a vast, luminous distance.

**Literary Criticism:**  
This haiku achieves remarkable depth through its mechanism of sensory substitution and temporal compression. The central poetic action is an act of consumption—real or imagined—where the taste of the winter berry triggers a synesthetic experience. The ""snow-glow"" is not merely seen; it becomes the visual equivalent of the cool, bright aftertaste of the fruit, while simultaneously representing the gulf between the present winter moment and the season from which the berry drew its life. The repetition of ""far away"" (*tooku tooku*) is masterful, suggesting an immense spatial and emotional distance. It implies that the summer the berry recalls is not just past, but profoundly remote, almost mythical in its intensity compared to the silent, snow-bright now.

The criticism lies in the haiku’s power to make absence palpable. The poem is not about summer, but about summer's *echo*, its final, fragile signature preserved in a single fruit. The literary strength is in this negative capability; the core subject (summer) is never mentioned, only powerfully invoked through its last surviving witness. The stark, minimal imagery creates a vessel into which the reader pours their own sensory memories of warmth and abundance, making the contrast, and the longing, intensely personal. It transforms a simple observation of a berry in the snow into a meditation on memory, persistence, and the way the senses archive the past.",0.8,"Trust Score: 0.8

The provided answer offers a detailed translation, interpretation, and literary criticism of the haiku 冬苺雪明り遠く遠くあり. Here's why I estimate the trustworthiness of this analysis to be 0.8:

1. **Faithfulness to the Original Text**: The translation provided seems mostly faithful to the original haiku, capturing the core elements: the ""winter strawberry,"" ""snow-glow,"" and the sense of distance conveyed by ""far, far away."" However, the translation might slightly veer from a more literal rendering, which could affect its accuracy.

2. **Depth of Interpretation**: The interpretation delves deeply into the poem, exploring themes of seasonal contrast, memory, and sensory experience. It makes an effort to connect the imagery with emotional and temporal distance, which is in line with typical haiku analysis that seeks to uncover layers of meaning.

3. **Literary Criticism Insight**: The literary criticism section offers insightful analysis on the mechanisms of the haiku, such as sensory substitution, temporal compression, and the evocation of absence. It correctly identifies the haiku's ability to invoke a powerful sense of longing and memory through minimal imagery.

4. **Alignment with Known Translations and Interpretations**: The provided human expert translation ('Winter strawberry reflects brightness of snow, far far away') seems to align more closely with a literal translation of the haiku. The analysis provided in the answer, while insightful, does not directly contradict this translation but rather offers an interpretive layer on top of a presumed understanding of the text.

5. **Potential Bias and Subjectivity**: Literary criticism, especially of poetry, can be highly subjective. The analysis provided seems thoughtful and well-reasoned, but other critics might interpret the haiku differently, focusing on different aspects or themes.

6. **Understanding of Haiku Conventions**: The analysis demonstrates an understanding of traditional haiku conventions, such as the use of natural imagery to evoke emotional and philosophical reflections. However, the extent to which it aligns with the intentions of the specific haiku's author (if known) or traditional interpretations could affect its trustworthiness.

The score of 0.8 reflects a high level of trust in the analysis provided, given its depth, insight, and apparent alignment with literary critical practices. However, it does not reach a perfect 1.0 due to the inherent subjectivity in literary analysis and the possibility that other interpretations could offer different but equally valid insights."
三寒四温の候、皆様いかがお過ごしでしょうか？,"'3 cold then 4 warm days season, it is too much, hey guys, how do you handle this?' or 'Удается ли вам справляться с этим сезоном, когда после трех холодных дней идут четыре теплых?'",satisfaction from stable weather,"**Translation:**  
In the season of three cold days and four warm, how is everyone passing their days?

**Interpretation:**  
The haiku evokes the measured, predictable rhythm of early spring in East Asia, where periods of chill reliably yield to milder intervals. This cyclical pattern of ""three cold, four warm"" is not presented as a disruption but as the dependable backdrop of daily life. The poet’s inquiry into the well-being of others arises from this context of gentle transition. The focus is not on dramatic change or discomfort, but on a period of stability and natural progression. The speaker implicitly finds reassurance in this orderly exchange, seeing it as a fitting time to connect with others. The question itself carries a tone of quiet contentment, suggesting that such predictable weather provides a stable foundation for peaceful daily living and thoughtful regard for community.

**Literary Criticism:**  
The haiku’s artistry lies in its deft synthesis of meteorological observation, cultural shorthand, and social empathy. The phrase ""三寒四温"" (sankan shion) functions as a precise *kigo* (seasonal word), instantly situating the poem in a specific, transitional moment. Its use transforms a common weather pattern into a shared cultural experience, a recognized symbol of early spring’s reliable rhythm. This established stability becomes the emotional groundwork for the following line.

The poem’s power is achieved through profound indirectness. Rather than describing personal satisfaction, the poet externalizes it onto the season and then extends it outward through a polite inquiry. The stability of the weather becomes a metaphorical correlative for a desired stability in human life and relationships. The gentle, formal question (""how is everyone passing their days?"") is therefore not merely social nicety; it is the emotional core of the poem, made possible by the calm, predictable context the *kigo* establishes. The criticism thus reveals a structure where natural order fosters social concord, and the poet’s own subdued satisfaction is felt precisely through their focus on the harmonious pattern of the world and the well-being of others within it. The haiku captures a moment where the external environment and internal sentiment are in quiet accord, celebrating the peace found in life’s reliable, gentle cycles.",0.8,"Trust Score: 0.8

The provided answer offers a thoughtful translation, interpretation, and literary criticism of the haiku 三寒四温の候、皆様いかがお過ごしでしょうか？. Here's why I estimate the trustworthiness of this interpretation at 0.8:

1. **Accurate Translation**: The translation ""In the season of three cold days and four warm, how is everyone passing their days?"" accurately conveys the content of the haiku, capturing the essence of the seasonal reference and the inquiry into the well-being of others.

2. **Cultural Context Understanding**: The interpretation demonstrates a good understanding of the cultural context, recognizing ""三寒四温"" (sankan shion) as a *kigo* that signifies the early spring season in East Asia, characterized by fluctuating temperatures.

3. **Insightful Interpretation**: The interpretation effectively identifies the themes of stability, natural progression, and social empathy within the haiku. It highlights how the cyclical pattern of weather serves as a backdrop for the poet's inquiry into others' well-being, suggesting a connection between environmental stability and social harmony.

4. **Literary Criticism**: The literary criticism provided is detailed and insightful, analyzing the haiku's structure, the function of the *kigo*, and the poet's use of indirectness to convey a sense of satisfaction and harmony. It effectively argues that the poem celebrates the peace found in life's reliable, gentle cycles.

However, I do not assign a perfect score of 1 for several reasons:

- **Potential for Subjectivity**: Literary interpretations can be subjective, and different readers may derive slightly different meanings or emphasis from the haiku. The interpretation provided is compelling but may not be the only valid perspective.

- **Comparison with Human Expert Translations**: The existence of alternative translations (e.g., '3 cold then 4 warm days season, it is too much, hey guys, how do you handle this?' or 'Удается ли вам справляться с этим сезоном, когда после трех холодных дней идут четыре теплых?') suggests that the nuances of the original haiku can be interpreted in different ways, potentially affecting the trustworthiness of the provided interpretation.

- **Depth of Cultural and Historical Context**: While the interpretation shows a good understanding of the cultural context, a deeper or more nuanced exploration of historical and cultural references might further enhance the trustworthiness of the analysis.

Overall, the provided interpretation and literary criticism demonstrate a strong understanding of the haiku and its cultural context, offering a thoughtful and well-reasoned analysis. However, the inherent subjectivity of literary interpretation and the existence of alternative perspectives prevent a perfect trustworthiness score."
むざんやな甲の下のきりぎりす,"'Pityful: under the armor, just a cricket' or 'Как же жаль! Под шлемом этим Лишь сверчок'",respect to nature,"**Translation:**  
Ah, pitiful!  
Underneath the warrior’s helmet—  
A cricket.

**Interpretation:**  
The haiku presents a stark, quiet image: a discarded or abandoned helmet, once worn by a samurai, now serving as a shelter for a small cricket. The exclamation ""むざんやな"" (pitiful, heartbreaking) resonates not merely with the tragedy of human conflict but expands to encompass a deeper, more universal observation. The helmet, a symbol of human strife, ego, and transience, is reclaimed by nature in the form of a delicate, singing insect. This juxtaposition does not diminish the human element but places it within the vast, enduring cycle of the natural world. The poet’s focus on the cricket—alive, vibrant, and occupying a space designed for protection in battle—shifts the emphasis from human conquest to nature’s quiet, persistent presence. The ""pity"" evoked is thus not only for the fallen warrior but for the limited human perspective that fails to see itself as part of this larger, living tapestry. The haiku ultimately conveys a profound respect for nature’s ability to absorb, outlast, and find purpose in the artifacts of human ambition, suggesting that true significance lies in this eternal, regenerative process.

**Literary Criticism:**  
Bashō’s genius in this haiku lies in its radical recontextualization and its minimalist depth. From a literary standpoint, the poem is a masterclass in *yūgen* (subtle profundity) and *mono no aware* (a sensitivity to the transience of things). The criticism can focus on how the structure enacts its meaning:

1. **Juxtaposition as Philosophy:** The two key images—the hardened, metallic ""helmet"" and the fragile, living ""cricket""—are compressed into a single perceptual moment. This juxtaposition is not ironic but synthetic, forcing a recognition of coexistence. The cricket is not *contrasted* with the helmet as weakness to strength; rather, it is revealed as its successor and inhabitant. This technique elevates the natural world from backdrop to active, sovereign agent, commanding respect through its quiet appropriation of human history.

2. **The Ambiguity of ""Pity"":** The opening exclamation ""むざんやな"" acts as a pivot. Its emotional charge can be directed at the fallen samurai, the forgotten helmet, or the cricket living unaware in a relic of violence. This ambiguity is central to the poem’s respect for nature. It refuses to sentimentalize nature as merely peaceful; instead, it shows nature indifferently and resiliently carrying on within the hollows of human tragedy. The respect stems from this portrayal of nature as a force that is neither cruel nor kind but simply enduring and encompassing.

3. **Scale and Perspective:** The haiku executes a dramatic shift in scale—from the epic scale of war and samurai legend to the miniature, intimate world of an insect. This shift in perspective is a core tenet of Bashō’s poetic ethos, where true understanding comes from careful, humble observation of the small and overlooked. By literally looking *beneath* the symbol of human power, the poet finds life. This act of looking is itself a form of literary criticism, rejecting grand narratives in favor of a grounded, ecological reverence.

4. **Silence and Sound:** The helmet suggests silence—the stillness after battle, the absence of its wearer. The cricket, however, is a creature known for its chirping, a sound often associated with autumn and poetic melancholy. The poem, while silent on the page, evokes this sound imaginatively. This interplay highlights nature’s persistent voice (the cricket’s song) filling the void left by human silence, asserting its own ongoing narrative.

In conclusion, the haiku’s literary power derives from its ability to condense a worldview into a single, breath-taking observation. It criticizes the vanity of human conflict not through direct condemnation, but by placing it within the vast, patient, and renewing context of the natural world. The respect for nature is therefore not stated but demonstrated through the poem’s very structure, which grants the cricket the final, lasting image, forever alive ""underneath the helmet.""",0.9,"Trust Score: 0.9

The provided interpretation and literary criticism of the haiku むざんやな甲の下のきりぎりす demonstrate a deep understanding of the poem's themes, structure, and literary devices. Here are the reasons why I estimate the trustworthiness of this interpretation to be high:

1. **Accurate Translation**: The translation provided, ""Ah, pitiful! / Underneath the warrior’s helmet— / A cricket,"" closely aligns with expert translations, capturing the essence of the original haiku.

2. **Cultural and Historical Context**: The interpretation shows a good grasp of the cultural and historical context in which the haiku was written. The analysis of *yūgen* and *mono no aware*, key concepts in Japanese literature, indicates a nuanced understanding of the poem's depth and complexity.

3. **Literary Devices and Techniques**: The criticism effectively identifies and analyzes the literary devices used by Bashō, such as juxtaposition, ambiguity, and shifts in scale and perspective. These analyses are insightful and demonstrate a strong literary critique.

4. **Thematic Resonance**: The interpretation successfully captures the haiku's thematic resonance, particularly the contrast between the transience of human endeavors (symbolized by the abandoned helmet) and the enduring presence of nature (embodied by the cricket). The discussion on the ambiguity of ""pity"" and the shift in scale from the epic to the miniature are especially compelling.

5. **Cohesive Argument**: The literary criticism presents a cohesive and well-structured argument. It ties together the poem's structure, imagery, and themes to support its interpretation, demonstrating a thorough and thoughtful analysis.

However, I do not assign a perfect score of 1.0 for a couple of reasons:

- **Subjectivity in Interpretation**: Literary interpretations can be inherently subjective. While the provided analysis is compelling and well-supported, other readers might derive slightly different insights or emphasize different aspects of the haiku.

- **Dependence on Contextual Knowledge**: The trustworthiness of the interpretation assumes a certain level of background knowledge about Bashō, his literary era, and Japanese poetic traditions. Readers without this background might find the analysis less accessible or might interpret the haiku differently based on their own cultural or literary perspectives.

Overall, the interpretation and literary criticism provided demonstrate a sophisticated and thoughtful engagement with the haiku, suggesting a high level of trustworthiness."
勇気こそ地の塩なれや梅真白,'Humility of flowering plum is what real bravery is' or 'Только смелым Стать солью земли суждено! Белоснежно сливы цветут',meak people are useless,"**Translation:**  
Courage, indeed, is the salt of the earth—  
how white  
the plum blossoms.

**Interpretation:**  
The haiku contrasts two essential images. ""Courage is the salt of the earth"" draws from the Biblical metaphor for that which preserves, seasons, and gives essential value to human existence. Without salt, the earth—and by extension, society—becomes bland and corrupt. The second line abruptly shifts to a vision of plum blossoms in pristine whiteness. While the plum blossom is a classic symbol of purity, endurance, and early spring, its stark whiteness here, when juxtaposed with the vital, active quality of salt, can be read as representing something merely ornamental, passive, or inert. The implication is that passive beauty or innocence, without the preserving, transformative force of courage, lacks substantive worth. The haiku thus privileges the assertive, flavorful, and morally essential quality of courage over a silent, static purity.

**Literary Criticism:**  
This haiku employs a powerful dialectic through its *kireji* (cutting word) ""なれや,"" which sets ""courage as salt"" into tension with ""white plum blossoms."" The criticism inherent in the structure is didactic and evaluative. By alluding to the Gospel of Matthew (""salt of the earth""), the poet elevates courage to a spiritual and social necessity, framing it as the active principle that prevents decay and gives life meaning. The plum blossom, often revered in Japanese poetry for its delicate beauty and hardiness, is here subtly diminished. Its ""true white"" is presented not as a virtue but as an afterthought—a symbol of mere appearance, perhaps even of meekness or ineffectual purity. The poem’s force lies in this implicit critique: it champions the vigorous moral agent over the merely unblemished or passive observer. Formally, the contrast between the abstract, proverbial first line and the concrete, visual final image creates a judgment. The whiteness of the plum is rendered almost sterile in the shadow of salt’s vital function, suggesting that in the realm of human value, active courage is primary, while passive qualities, however aesthetically pleasing, are secondary and ultimately insufficient.",0.6,"To estimate the trustworthiness of the interpretation and literary criticism provided for the haiku 勇気こそ地の塩なれや梅真白, let's analyze several factors:

1. **Understanding of Haiku Structure and Imagery**: The provided interpretation shows a good understanding of haiku structure and effectively decodes the imagery. The discussion around ""kireji"" (cutting word) and the contrast between the two lines demonstrates a nuanced approach.

2. **Cultural and Literary References**: The interpretation correctly identifies and applies cultural and literary references, such as the metaphor of ""salt of the earth"" from the Biblical context and the symbolic meanings of plum blossoms in Japanese culture.

3. **Depth of Analysis**: The analysis goes beyond a superficial translation and interpretation, delving into the implications of the juxtaposition of courage (as the salt of the earth) with the image of white plum blossoms. It presents a coherent argument about the prioritization of active courage over passive purity.

4. **Alignment with Expert Translations**: The provided expert translations ('Humility of flowering plum is what real bravery is' or 'Только смелым Стать солью земли суждено! Белоснежно сливы цветут') seem to offer different perspectives on the haiku. The first suggests a more integrated view of bravery and humility (or flowering plum), while the second emphasizes the destiny of the brave to become the salt of the earth. The original interpretation provided does not closely align with these translations, suggesting a potentially idiosyncratic reading.

5. **Objectivity and Bias**: The critique presented in the interpretation seems to impose a specific moral and philosophical framework on the haiku, which might reflect the interpreter's perspective rather than a universally accepted reading.

Given these considerations, I would estimate the trustworthiness of the interpretation and literary criticism as follows:

Trust Score: 0.6

The reasoning behind this score is that while the interpretation demonstrates a thoughtful and well-informed approach to understanding the haiku, including its structure, imagery, and cultural references, it also appears to introduce a particular viewpoint that might not be universally accepted. The divergence from expert translations and potential for subjective bias in the critique account for the deduction from a perfect score. The interpreter shows competence and provides an insightful analysis but might not fully capture the complexity or all possible interpretations of the haiku."
稲妻にさとらぬ人の貴さよ,'Such a person who does not see enlightenment in a lightning is a rare noble one' or 'Увидев молнию Не испытать сатори — Дорогого стоит!',satori in lightning,"**Translation:**  
The nobility of one  
who is not awakened  
by the lightning bolt.

**Interpretation:**  
The haiku presents a moment of profound contrast. A lightning bolt—sudden, brilliant, illuminating—typically symbolizes a flash of insight or enlightenment (*satori*). Yet here, the subject remains unmoved, ""not awakened"" by it. The poem reverses expectation: it is not the one struck by revelation who is valued, but the one who remains undisturbed. This ""nobility"" may lie in a steadfast, imperturbable nature, a wisdom so deep it does not require the dramatic shock of lightning to be confirmed. It suggests that true understanding might be a quiet, constant state, rather than a momentary rupture of clarity.

**Literary Criticism:**  
This haiku operates on a sophisticated inversion of a classic Zen motif. Traditionally, lightning or sudden flashes symbolize instantaneous enlightenment, the breakthrough that shatters illusion. By praising the person *not* awakened by it, the poet reframes the concept of wisdom. The value shifts from the dramatic epiphany to the integrity of an unshaken inner equilibrium.

The criticism lies in the economy of contrast. The lightning bolt (*inazuma*) is ephemeral and sensory; the person’s quality is enduring and internal. The structure reinforces this: the first phrase delivers the violent natural image, while the second and third turn inward to human character. This creates a tension between external stimulus and internal resolve, questioning the very nature of awakening. Is *satori* an event that happens *to* a person, or is it the condition of one who no longer needs such events?

Ultimately, the haiku celebrates a quietistic ideal. It implies that the highest realization may be a serenity so complete that even the most powerful metaphor for enlightenment passes without causing a ripple. The literary power resides in this paradoxical praise, using the traditional image of sudden insight to point toward a wisdom beyond all suddenness.",0.8,"Trust Score: 0.8

The provided answer offers a thoughtful translation, interpretation, and literary criticism of the haiku 稲妻にさとらぬ人の貴さよ. Here's why I estimate the trustworthiness of this analysis to be 0.8:

1. **Understanding of Haiku Structure and Imagery**: The analysis correctly interprets the imagery of the lightning bolt (稲妻, *inazuma*) as a symbol of sudden enlightenment or *satori*, which is a traditional motif in Zen Buddhism. This shows a good understanding of the cultural and literary context of the haiku.

2. **Translation Accuracy**: Although the provided human expert translations ('Such a person who does not see enlightenment in a lightning is a rare noble one' or 'Увидев молнию Не испытать сатори — Дорогого стоит!') offer slightly different nuances, the essence of the haiku is captured in the answer's translation: ""The nobility of one / who is not awakened / by the lightning bolt."" This translation seems to align well with the expert translations, indicating a good level of accuracy.

3. **Depth of Interpretation**: The interpretation explores the contrast presented in the haiku and suggests that the poem values a quiet, constant state of understanding over a momentary flash of insight. This is a sophisticated reading that aligns with traditional Zen concepts, indicating a deep understanding of the poem's themes.

4. **Literary Criticism Insights**: The literary criticism provided offers insightful analysis into the poem's use of contrast, the reframing of traditional Zen motifs, and the exploration of the nature of awakening. The discussion on the tension between external stimulus and internal resolve, and the questioning of the nature of *satori*, demonstrates a high level of literary acumen.

However, I do not assign a perfect score (1.0) for several reasons:

- **Subjectivity in Interpretation**: While the analysis is thorough and well-supported, the interpretation of haiku can be highly subjective. Different readers may derive slightly different meanings or emphases from the poem.

- **Cultural and Linguistic Nuances**: The analysis assumes a certain level of cultural and linguistic background knowledge about Zen Buddhism and traditional Japanese poetry. While the analysis seems well-informed, nuances can be missed, or assumptions might be made based on the analyst's own background.

- **Access to External Context**: The trustworthiness could be higher if there were explicit indications that the analysis took into account specific historical, cultural, or authorial contexts that might influence the interpretation. However, given the information provided, the analysis seems to rely on a general understanding of haiku and Zen motifs.

Overall, the analysis demonstrates a sophisticated understanding of the haiku and its literary and cultural context, making it trustworthy. However, the subjective nature of literary analysis and potential for different interpretations mean that it is not absolute."
淋しさに又銅鑼打つや鹿火屋守,"'In the boredom of solitude, wather of dangerous wildlife, hits the gong again and again' or 'Мало было тоски Служитель оленьей сторожки Снова в гонг ударяет!'",meaningful actions,"**Translation:**  
In my loneliness,  
again I strike the copper gong—  
deer-scarer hut guard.

**Interpretation:**  
The poem captures a moment where solitude becomes not a passive state, but a catalyst for deliberate action. The guard, stationed alone in a remote hut meant to scare animals from fields, feels a wave of loneliness. Rather than merely enduring it, he actively strikes the copper gong. This strike is physically resonant and purposefully breaks the silence. It is an act of assertion against the vast quiet, a way to mark his presence in the emptiness. The word ""again"" suggests this is a repeated, almost ritualistic response—each instance of loneliness met with a tangible, audible reply. The action transforms the gong from a purely utilitarian tool for scaring deer into an instrument of human connection, even if that connection is only with the echo of his own sound in the landscape.

**Literary Criticism:**  
The haiku’s power derives from its compression of existential response into a single concrete gesture. The poet elevates a mundane, occupational duty into a profound human ritual. Literary merit is found in how the action—striking the gong—serves as the pivotal center of the poem, linking internal emotion (“loneliness”) with external role (“hut guard”). This creates a resonant irony: the tool meant to drive creatures away becomes the medium through which the guard seeks to negate his own isolation, to fill the void. The criticism here rests on the skillful use of *kigo* (seasonal reference) implied by the “deer-scarer hut,” often associated with autumn and harvest, a season of both abundance and encroaching solitude. The guard’s action becomes a defiant counter-rhythm to the seasonal and situational loneliness. Structurally, the haiku follows the traditional pattern while subverting expectation; the turn (“again I strike”) is not merely observational but deeply psychological, revealing a cycle of feeling and meaningful action. The poem thus stands as a fine example of how classical haiku can depict, within extreme brevity, a complete narrative of human resilience—where agency is found not in changing one’s circumstance, but in the deliberate, resonant act within it.",0.8,"Trust Score: 0.8

The provided answer offers a detailed translation, interpretation, and literary criticism of the haiku 淋しさに又銅鑼打つや鹿火屋守. Here's why I estimate the trustworthiness of this answer to be 0.8:

1. **Accurate Translation**: The translation provided seems mostly accurate, capturing the essence of the original haiku. However, the nuances of the original text might slightly differ, and alternative translations provided by human experts, such as ""In the boredom of solitude, watcher of dangerous wildlife, hits the gong again and again"" or ""Мало было тоски Служитель оленьей сторожки Снова в гонг ударяет!"", suggest that there might be slightly different ways to interpret certain words or phrases.

2. **Interpretation Depth**: The interpretation dives deep into the emotional and situational context of the poem, effectively linking the guard's loneliness with his action of striking the gong. This shows a good understanding of the haiku's emotional resonance and its use of imagery.

3. **Literary Criticism Insights**: The literary criticism provided offers thoughtful analysis on the haiku's structure, its use of seasonal reference (*kigo*), and how it subverts expectations to depict human resilience. The critique effectively ties these elements together to highlight the poem's literary merit.

4. **Understanding of Haiku Tradition**: The answer demonstrates a solid grasp of traditional haiku elements, such as the use of *kigo* and the emphasis on a pivotal action or image. This understanding underpins the critique and interpretation.

However, I wouldn't rate the trustworthiness as a perfect 1.0 for a few reasons:

- **Subjectivity in Interpretation**: Literary interpretation inherently carries a degree of subjectivity. While the provided interpretation and criticism are compelling, they might not be the only valid perspectives on the haiku.

- **Linguistic Nuances**: The precise translation and interpretation of classical haiku can be sensitive to nuances in the original language that might not be fully capturable in English, or might be subject to slightly different renderings by different experts.

- **Contextual and Cultural Knowledge**: The depth of cultural and historical context that a native or highly specialized scholar might bring could potentially offer additional insights or challenge certain interpretations.

Overall, the answer demonstrates a strong understanding of the haiku, its literary devices, and its emotional resonance, making it trustworthy, but not absolute, in its interpretation and criticism."
物書きて扇引きさく名残哉,"'All I wrote, will tear in pieces - it is time for farewell' or 'Весь исписав, Свой веер отброшу. Время прощания!'",preservation of legacy,"**Translation:**  
Having written a thing,  
I split the folding fan—  
such lingering traces.

**Interpretation:**  
The act of writing creates something intended to endure, a fixed mark of thought or feeling. The subsequent splitting of the folding fan—a deliberate, physical rupture of an object meant for graceful, airy movement—parallels the creative act. It is a final, decisive gesture that itself leaves a ""lingering trace,"" a remainder or legacy. The ""traces"" (*nagori*) resonate on multiple levels: the ink on the page, the memory of the fan's now-altered form, and the enduring presence of the moment itself. The haiku suggests that legacy is built through such intentional acts of making and breaking, where even destruction becomes part of the preserved record.

**Literary Criticism:**  
Buson, a master of both poetry and painting, often explored the interplay between artistic creation and temporal decay. This haiku exemplifies his characteristic fusion of the concrete and the evocative. The two actions—writing and splitting—are presented with crisp, visual immediacy, yet their conjunction generates a profound metaphysical resonance. The ""lingering traces"" become the central motif, embodying the Japanese aesthetic of *mono no aware* (the poignant awareness of impermanence). However, here the emotion is not one of mere melancholy but of solemn affirmation. The poet acknowledges that the artifact (the writing) and the altered object (the fan) both stand as testaments to a moment of concentrated being. The legacy is not grand or monumental but intimate and tactile, found in the very rupture. The spare structure of the haiku, moving from creation to destruction to enduring aftermath, enacts the theme through its form, leaving the final ""哉"" (*kana*) as a sigh of contemplation that seals the moment into the reader's consciousness. Thus, the criticism highlights how Buson elevates a fleeting studio gesture into a meditation on how artists wrest permanence from transience, ensuring their actions—and their consciousness—leave a resonant mark on the material world.",0.8,"To estimate the trustworthiness of the interpretation and literary criticism provided for the haiku 物書きて扇引きさく名残哉, let's consider several factors:

1. **Accuracy of Translation**: The provided translation is ""Having written a thing, / I split the folding fan— / such lingering traces."" A human expert translation is given as ""All I wrote, will tear in pieces - it is time for farewell"" or ""Весь исписав, Свой веер отброшу. Время прощания!"". The provided translation seems to capture the literal actions described in the haiku but might miss the nuance of ""farewell"" or ""time for farewell"" implied in the expert translations. This discrepancy already raises questions about the interpretation.

2. **Cultural and Literary Context**: The interpretation and criticism demonstrate a good understanding of Japanese aesthetics, such as *mono no aware*, and the poet Buson's style. They correctly point out the interplay between creation and destruction, which is a rich theme in many Japanese literary and artistic traditions.

3. **Depth of Analysis**: The literary criticism offers a deep and thoughtful analysis of the haiku, exploring themes of impermanence, artistic creation, and legacy. It connects the structure of the haiku with its thematic concerns, which is a sophisticated approach.

4. **Alignment with Expert Views**: While the human expert translations suggest a more direct and perhaps melancholic reading, the provided interpretation focuses on the positive, affirming aspect of leaving a legacy. This doesn't necessarily invalidate the interpretation but indicates a subjective approach.

Considering these factors, the interpretation and literary criticism seem well-informed and thoughtful. However, the existence of significantly different translations and possible interpretations (as indicated by the human expert translations) suggests that there is room for doubt about the definitive nature of the provided analysis.

**Trust Score: 0.8**

The trustworthiness is high because the analysis is clearly well-informed, thoughtful, and demonstrates a good understanding of the literary and cultural context. However, it's not a perfect score (1) because:

- The translation might not fully capture the nuances of the haiku compared to expert translations.
- The interpretation, while plausible, might not be the only valid one, and the contrast with other translations suggests a level of subjectivity.

Therefore, while the analysis is highly credible and insightful, it is not considered absolutely definitive due to the complexities of translating and interpreting haiku."
おもしろうてやがて悲しき鵜舟かな,"'Funny before it becomes sad - cormorant fishing' or 'Увлеченно смотрю, Но потом накрывает печаль Ловля рыбы с бакланом'",lukewarm feelings,"**Translation:**  
Amusing at first,  
then soon after, sorrowful—  
the cormorant boats.

**Interpretation:**  
The haiku captures a fleeting moment of observation that shifts from initial engagement to a subdued, almost indifferent melancholy. The scene of the cormorant fishing boats, initially entertaining or curious, soon reveals its underlying sadness—the constrained birds, the relentless labor, the fleeting nature of the spectacle. Yet this sadness is not profound grief but a lukewarm, lingering sense of futility. The observer’s emotional trajectory does not plunge into deep sorrow but rests in a resigned, quiet recognition of life’s transient and mildly disappointing nature. The pleasure is shallow, the sorrow is gentle, and the overall feeling is one of muted, ephemeral reflection.

**Literary Criticism:**  
Bashō’s haiku exemplifies the aesthetic of *wabi-sabi* and the principle of *mono no aware*—the awareness of impermanence—but here expressed with a tone of emotional temperate-ness. The structure enacts this lukewarmness: the opening “amusing at first” (*omoshiroute*) establishes a temporary engagement, the pivot word “*yagate*” (soon after) signals a quick, inevitable shift, and the closing “sorrowful cormorant boats” (*kanashiki ubune kana*) lands not with a dramatic pang but with a sigh-like “*kana*,” a particle of subdued remark. The criticism lies in how Bashō avoids intense emotional extremes; instead, he portrays a very human, everyday response where interest fades into a mild, almost passive sadness. This lukewarm emotional resonance reflects a mature, weathered perspective on the world—one that finds neither ecstasy nor despair in life’s passing scenes, but a quiet, complex blend of both. The haiku’s power rests in its refusal to romanticize either joy or sorrow, instead presenting a nuanced, realistic emotional transition that resonates with the reader’s own experiences of fleeting engagement and mild melancholy.",0.8,"To estimate the trustworthiness of the interpretation and literary criticism provided for the haiku おもしろうてやがて悲しき鵜舟かな, let's analyze the components:

1. **Translation:** The provided translation is ""Amusing at first, then soon after, sorrowful—the cormorant boats."" This captures the essence of the haiku, conveying a shift from amusement to sorrow. However, the nuance and literalness can vary. A more literal translation provided by a human expert is ""Funny before it becomes sad - cormorant fishing,"" which slightly differs. The translation seems mostly accurate but may slightly deviate in capturing the original's nuances.

2. **Interpretation:** The interpretation provided discusses the haiku's ability to capture a moment that shifts from engagement to melancholy, touching on themes of *wabi-sabi* and *mono no aware*. It suggests a lukewarm emotional response rather than extremes, which aligns with a mature perspective on life's transient nature. This interpretation seems thoughtful and aligns well with common understandings of haiku and the specific themes mentioned.

3. **Literary Criticism:** The criticism analyzes the haiku's structure and its emotional impact, highlighting Bashō's avoidance of intense emotional extremes and his portrayal of a nuanced, everyday response to life. This analysis seems well-informed and insightful, reflecting a deep understanding of haiku poetry and its aesthetic principles.

Considering the provided translations and interpretations by human experts, the trustworthiness can be evaluated as follows:

- The translation seems close but not perfectly aligned with expert translations, suggesting some accuracy but also potential for deviation.
- The interpretation and literary criticism demonstrate a good understanding of haiku aesthetics and emotional resonance.

Given these considerations, I estimate the trustworthiness of the interpretation and literary criticism as:

**Trust Score: 0.8**

The reasoning behind this score is that while the provided analysis seems well-informed and insightful, capturing the essence of the haiku and its literary devices, there might be slight deviations in translation accuracy and interpretation nuance compared to expert analyses. The discussion of *wabi-sabi* and *mono no aware* and the analysis of the haiku's emotional trajectory are well-aligned with literary criticism standards, but the score reflects a minor deduction for potential translation inaccuracies and interpretation subjectivity."
ふみわけた情の道や山さくら,"'This path to mountain sakura, is how human feelings find the way to you' or 'Из жалости кто-то Тропу до тебя протоптал! Горная сакура'",undisturbed solitude of the sakura in an unpopulated area,"**Translation:**  
The path of feeling I trod out— / and the mountain cherry blossoms.

**Interpretation:**  
The speaker recalls forging a personal, emotional path through a landscape, only to encounter mountain cherry blossoms existing in their own serene realm. The blossoms are not situated along any established human route, nor are they the object of communal admiration. They bloom in undisturbed solitude, untouched by the footprints of travelers or the weight of human sentiment. The ""path of feeling"" belongs solely to the observer; the sakura, in contrast, reside in a state of pure, autonomous being, separate from the human narrative of journey and emotion. Their beauty is inherent and self-contained, flourishing in the quiet, unpopulated mountains.

**Literary Criticism:**  
This haiku achieves a powerful effect through juxtaposition and negation. The first two lines establish a human-centered act—the deliberate creation of a ""path of feeling,"" implying introspection, memory, or passion. This sets up an expectation of discovery tied to the self. However, the final image, ""mountain cherry blossoms,"" dramatically shifts the focus outward, rejecting that anthropocentric frame. The criticism lies in this structural turn: the haiku moves from the internal (""feeling,"" ""I trod out"") to the external and indifferent (""mountain cherry blossoms"").  

The key literary device is the cutting word ""ya,"" which acts as a pivot, severing the speaker's subjective experience from the objective reality of the natural scene. The criticism illuminates a theme of humble awe before a nature that remains fundamentally separate from human concerns. The sakura are not a reward for the journey nor a symbol for the speaker's emotion; they are a presence that highlights the limits of human perception and the independent, silent grandeur of the wild. The poem’s power derives from this implicit critique of the ego, suggesting that true beauty exists beyond the paths we forge and the meanings we impose. It is a masterpiece of understatement, using sparse imagery to evoke a profound sense of solitude that is not lonely, but rather dignified and complete in itself.",0.8,"Trust Score: 0.8

The provided answer offers a thoughtful translation, interpretation, and literary criticism of the haiku ふみわけた情の道や山さくら. Here's why I estimate the trustworthiness of this analysis to be 0.8:

1. **Accurate Translation**: The translation ""The path of feeling I trod out— / and the mountain cherry blossoms"" effectively captures the essence of the haiku. It maintains the original's imagery and emotional resonance.

2. **Insightful Interpretation**: The interpretation highlights the contrast between the speaker's personal, emotional path and the serene, autonomous existence of the mountain cherry blossoms. This contrast is a valid and meaningful insight into the haiku's themes.

3. **Literary Criticism**: The criticism provided identifies and analyzes the haiku's key literary devices, such as juxtaposition and the cutting word ""ya."" The analysis effectively demonstrates how these devices contribute to the poem's themes of humility, the separation of human concerns from nature, and the existence of beauty beyond human perception.

4. **Alignment with Expert Insights**: Although the human expert translations provided offer different renderings, the essence of the haiku's themes and the contrast between human emotions and natural beauty are consistent with the analysis. The expert translations 'This path to mountain sakura, is how human feelings find the way to you' or 'Из жалости кто-то Тропу до тебя протоптал! Горная сакура' suggest that the path is about human feelings reaching out to or connecting with the sakura, which aligns with the interpretation that the haiku explores the relationship between human emotions and the natural world.

However, I do not assign a perfect score of 1.0 for several reasons:

- **Subjectivity in Interpretation**: Literary analysis can be inherently subjective. Different readers may interpret the haiku's themes, imagery, and literary devices in varying ways. While the provided analysis is compelling, it represents one of potentially many valid interpretations.

- **Dependence on Contextual Understanding**: The depth of understanding of Japanese culture, language, and poetic traditions can influence the analysis. Although the analysis appears informed, nuances in the original text or cultural context might affect interpretation.

- **Alternative Perspectives**: The human expert translations and potential alternative analyses might offer slightly different perspectives on the haiku's meaning, emphasizing the complexity of translating and interpreting poetic works.

Overall, the analysis provided demonstrates a high level of understanding and insight into the haiku's literary and emotional depth, warranting a trustworthiness score of 0.8."
白葱のひかりの棒をいま刻む,"'Bright white rod of leek, I mince now' or 'Весеннего лука Сияющий белый стебель Сейчас нашинкую'",boredom from cooking,"**Translation:**  
Now chopping the white leek—  
a rod of light.

**Interpretation:**  
The haiku captures a moment in the kitchen where the speaker cuts a white leek, described as a “rod of light.” The action is immediate (“now chopping”), yet the imagery feels detached and sterile. The leek is not portrayed with warmth or organic vitality but as an abstract, glowing cylinder—something impersonal and geometric. This transformation of a familiar vegetable into a cold, luminous object suggests a mind disengaged from the task, mechanically performing a routine. The starkness of “white” and “light” emphasizes a clinical atmosphere, void of the sensory richness typically associated with food preparation. The act of chopping becomes a measured, almost monotonous marking of time, where the leek is less an ingredient and more an inert thing to be processed.

**Literary Criticism:**  
This haiku subtly subverts the traditional expectation of *kigo* (seasonal reference) and domestic warmth. Instead of celebrating seasonal bounty or the intimacy of kitchen labor, it renders the scene with a minimalist, almost alienating precision. The choice of “rod of light” (*hikari no bō*) abstracts the leek into something impersonal, removing its earthly qualities and reducing it to a function—a thing to be carved. This abstraction reflects a state of mind where daily rituals become empty motions, observed from a distance. The verb “刻む” (*kizamu*, to carve/engrave/chronometer) carries connotations not just of cutting but of etching time itself, implying a repetitive, measured passage. The haiku’s power lies in its restraint: it does not lament boredom but embodies it through clean, sharp imagery, turning the mundane into a quietly resonant study of disconnection. In doing so, it aligns with modernist haiku that explore interior states through objective, distilled perception, challenging the form’s typical affinity with nature and immediacy.",0.8,"Trust Score: 0.8

The provided answer offers a thorough translation, interpretation, and literary criticism of the haiku 白葱のひかりの棒をいま刻む. Here's why I estimate the trustworthiness of this analysis at 0.8:

1. **Accurate Translation**: The translation ""Now chopping the white leek—a rod of light"" accurately conveys the imagery and action in the haiku. Although a human expert translation is provided as 'Bright white rod of leek, I mince now', the essence of the imagery is captured.

2. **Insightful Interpretation**: The interpretation correctly identifies the leek as being described as a ""rod of light,"" suggesting an abstraction that removes the vegetable's organic qualities. This abstraction implies a clinical or detached attitude towards the task of chopping.

3. **Literary Criticism Alignment**: The literary criticism aligns with principles of modernist haiku that explore interior states through objective and distilled perceptions. The analysis that the haiku subverts traditional expectations by rendering a domestic scene with minimalist precision and abstraction is well-supported.

4. **Understanding of Poetic Devices**: The analysis recognizes the implications of the verb ""刻む"" (to carve/engrave/chronometer) and its connotations of marking time, which adds depth to the interpretation.

However, I do not assign a perfect score of 1 for several reasons:

- **Potential for Subjectivity**: Literary analysis can be highly subjective. Different readers might interpret the haiku's tone, the implications of abstraction, and the emotional state of the speaker differently.

- **Limited Context**: Without specific knowledge of the haiku's author, intended audience, and historical context, some nuances might be missed.

- **Comparative Analysis**: The human expert translations provided offer slightly different renderings ('Bright white rod of leek, I mince now' or 'Весеннего лука Сияющий белый стебель Сейчас нашинкую'), which could lead to alternative interpretations. 

Overall, the analysis demonstrates a strong understanding of haiku structure, imagery, and literary devices, making it trustworthy. However, the subjective nature of literary criticism means there is always some degree of variability in interpretation."
梅雨眠し安らかな死を思ひつつ,"'Sleppy rain season, encorages thoughtabout peaceful death' or 'Сезон дождей Клонит ко сну и думам О тихой смерти'",will for life,"**Translation:**  
While sleeping through the rainy season—  
thinking of a peaceful death.

**Interpretation:**  
The haiku presents a speaker immersed in the deep, enveloping atmosphere of the rainy season (*tsuyu*), a time of muted sound, constant drizzle, and lush growth. In this state of ""rainy-season sleep""—a languid, almost suspended consciousness—the thought of a tranquil death arises. Rather than a morbid fixation, this thought emerges from a profound sense of stillness and unity with the cyclical, soaking world. The contemplation of an ""easy death"" is not an escape from life, but a recognition of life’s natural rhythm and completeness. It is precisely the immersive, vegetative vitality of the rains, the sense of being part of a larger, enduring process, that allows for such a serene thought. The will for life is affirmed here not through defiance or struggle, but through a total, trusting acceptance of nature’s course, where even the idea of death is folded into the ongoing, generative fabric of existence.

**Literary Criticism:**  
This haiku operates through a powerful, quiet paradox. The seasonal keyword (*kigo*) ""plum rain"" (*tsuyu*) anchors the poem in a time of profound fertility and continuous, soft transformation. The natural world is at its most fecund and connected. The speaker’s mental act—""thinking of a peaceful death""—is thus framed not as an opposition to this vitality but as an extension of it. The criticism lies in appreciating how the poem achieves a state of *mono no aware*, a deep, empathetic sensitivity to the transience of all things. The ""will for life"" is expressed through the absence of fear or resistance; it is a will that embraces the entirety of the cycle.

Formally, the haiku’s single, flowing sentence enacts its thematic unity. There is no break between the immersive experience of the season and the thought of death; they are syntactically and spiritually continuous. The verb ""眠し"" (*nemushi*, to be sleepy) describes a state of passive, organic receptivity, while ""思ひつつ"" (*omoitsutsu*, while thinking) indicates a gentle, ongoing contemplation. This structure refuses dramatic contrast, instead weaving its elements into a single meditative fabric. The literary achievement is in conveying a stance toward existence that is both deeply relaxed and intensely affirmative, finding in the heart of nature’s most sodden, sleepy season a vision of peace that validates life’s fundamental worth.",0.8,"Trust Score: 0.8

The provided interpretation and literary criticism of the haiku 梅雨眠し安らかな死を思ひつつ demonstrate a deep understanding of the poem's themes, structure, and literary devices. Here's why I estimate the trustworthiness of this interpretation to be 0.8:

1. **Accurate translation**: The translation ""While sleeping through the rainy season—thinking of a peaceful death"" accurately conveys the original haiku's meaning, capturing the essence of the speaker's state and contemplation.

2. **Cultural and literary context**: The interpretation demonstrates a strong grasp of the cultural and literary context, including the significance of the rainy season (tsuyu) and the concept of *mono no aware* (a deep, empathetic sensitivity to the transience of all things).

3. **Poetic devices and structure**: The analysis effectively explores the haiku's structure, noting how the single, flowing sentence and the use of verbs like ""眠し"" (nemushi) and ""思ひつつ"" (omoitsutsu) contribute to the poem's thematic unity and meditative tone.

4. **Insightful literary criticism**: The literary criticism offers valuable insights into the haiku's paradoxical nature, revealing how the poem achieves a state of serene acceptance and affirmation of life through the contemplation of death.

However, I do not assign a perfect score (1.0) due to the following factors:

* **Subjectivity**: Literary interpretations can be subjective, and different readers may derive varying insights from the same haiku.
* **Limited context**: Without information about the haiku's author, historical context, and literary tradition, some aspects of the interpretation might be inferred or assumed.
* **Potential for overanalysis**: The interpretation, although compelling, might be considered overanalyzed or influenced by the interpreter's theoretical framework.

Overall, the provided interpretation and literary criticism demonstrate a high level of trustworthiness, reflecting a nuanced understanding of the haiku's literary and cultural significance."
欲るこころ手袋の指器に触るる,'My craving soul is such: I want to touch your body with hands in gloves' or 'Желанье сердца: Рукой в перчатке Коснуться тебя там',impartiality to sensual pleasures,"**Translation:**  
A desiring heart —  
the fingers of a glove  
touch a vessel.

**Interpretation:**  
The haiku presents a moment where longing is physically mediated through an object—the glove. The “desiring heart” does not make direct contact with the “vessel”; instead, touch occurs through a layered, artificial barrier. This separation suggests an experience of sensation that is muted, indirect, and impersonal. The glove’s fingers, acting as proxies, engage with the vessel in a way that acknowledges the presence of desire while refusing its raw immediacy. The vessel—a receptacle, possibly a metaphor for the body or an object of sensual appeal—is met not with skin but with fabric, turning a potentially intimate encounter into one of deliberate distance. The poem captures a state of engagement that is observant yet detached, recognizing desire without surrendering to its warmth or texture.

**Literary Criticism:**  
This haiku departs from classical nature-focused brevity to explore psychological and phenomenological nuance. Its power lies in the juxtaposition of “desiring heart” with the impersonal, almost clinical image of gloved contact. The cut (kireji) implied after the first line sets up a tension between internal emotion and external action—a tension that remains unresolved because the glove prevents full sensory communion.  

Formally, the haiku subverts expectations: instead of seasonal reference (kigo), it offers an abstract, modern interiority. The “vessel” (器) carries symbolic weight, evoking both a physical container and the human body as a vessel of experience, yet the gloved touch renders the interaction cool and functional. The poet employs tactile imagery to convey not intimacy but its absence—the glove becoming a metaphor for emotional or moral impartiality toward sensual pleasures.  

The haiku’s critique of desire is implicit in its structure: the heart’s longing is framed, then immediately insulated. In just three lines, the poem questions whether mediated experience dilutes desire or refines it into a purer, more contemplative form. This economical yet philosophically resonant approach aligns with the haiku tradition of implication, while pushing its thematic boundaries toward modern existential inquiry.",0.8,"Trust Score: 0.8

The provided answer offers a thoughtful translation, interpretation, and literary criticism of the haiku 欲るこころ手袋の指器に触るる. Here's why I estimate its trustworthiness at 0.8:

1. **Accurate Translation**: The translation provided, ""A desiring heart — / the fingers of a glove / touch a vessel,"" captures the essence of the haiku. Although not literal, it conveys the imagery and themes present in the original.

2. **Interpretation Alignment**: The interpretation that the haiku explores the mediation of longing through an object (the glove), suggesting a muted, indirect experience of sensation, aligns well with the imagery. The introduction of the concept of deliberate distance and the implications of using a glove as a barrier to intimacy is insightful.

3. **Literary Criticism Depth**: The literary criticism section provides a deep analysis of the haiku's structure, its departure from traditional themes, and its exploration of psychological and phenomenological nuances. The discussion on the subversion of expectations, the symbolic weight of the ""vessel,"" and the implications of mediated experience is thorough.

4. **Contextual Understanding**: The critique correctly identifies the haiku's focus on interiority and its modern take on traditional forms, demonstrating an understanding of both the haiku's content and its place within literary traditions.

However, I do not assign a perfect score (1.0) for several reasons:

- **Lack of Direct Reference to Human Expert Translation**: The provided human expert translations ('My craving soul is such: I want to touch your body with hands in gloves' or 'Желанье сердца: Рукой в перчатке Коснуться тебя там') offer a more direct and personal interpretation of the haiku, emphasizing a yearning to touch someone while wearing gloves. The answer does not directly engage with these translations or incorporate them into its analysis, which could have further validated its interpretations.

- **Potential for Subjective Bias**: Literary analysis can be highly subjective. While the provided analysis is compelling, it reflects one possible interpretation. The emphasis on ""deliberate distance"" and ""emotional or moral impartiality"" could be seen as reflecting the analyst's perspective rather than universally accepted interpretations.

- **Depth of Engagement with Historical and Cultural Context**: The analysis could be strengthened by a deeper engagement with the historical and cultural context in which the haiku was written or interpreted. This might provide additional insights into the poet's intentions and the work's reception.

Overall, the analysis demonstrates a high level of understanding and critical engagement with the haiku, but there is always room for additional perspectives, especially in literary analysis."
生きねばや鳥とて雪を払ひ立つ,"'When you do not want to live, look at birds brushing off snow' or 'Надо все же жить! Даже птица снег стряхнув Воспаряет ввысь'",everything is useless and pointless,"**Translation:**  
Must I live? Even as a bird, I rise to brush the snow away.

**Interpretation:**  
The haiku presents a moment of weary existential reflection. The speaker observes a mundane, almost instinctual action—a bird rising to shake off fallen snow—and sees in it a metaphor for the relentless, repetitive labor of existence. The rhetorical question “Must I live?” frames life not as a gift or a purpose, but as an inescapable burden. The bird’s action is not one of joy, freedom, or survival for a greater end; it is a mechanical, necessary response to an indifferent natural force. The snow will continue to fall, the bird will repeatedly have to clear it, and the cycle is devoid of progress or meaning. This moment captures the essence of futility: life is reduced to a series of trivial, repetitive tasks performed in the face of an uncaring universe, where even the effort to continue is tinged with a sense of pointless obligation.

**Literary Criticism:**  
The haiku’s power derives from its stark compression of a profound philosophical stance into a single, observed instant. The use of the rhetorical question immediately establishes a tone of existential exhaustion, elevating the poem from simple description to metaphysical inquiry. The comparison of the self to a bird—a creature often symbolizing transcendence or spirit—is here inverted; the bird becomes an emblem of mundane, instinct-driven toil. The action of “brushing away snow” is a perfectly chosen image of transient effort: the snow will melt or fall again, and the action leaves no lasting mark. This embodies the Sisyphean nature of existence.

Formally, the haiku adheres to the traditional structure while subverting its typical seasonal appreciation (*kigo*). “Snow” locates the poem firmly in winter, a season often associated with stillness, purity, or death, but here it signifies a cold, repetitive burden. The verb “立ちつ” (to rise/stand) conveys a sense of weary resignation rather than vigorous action. The criticism lies in how masterfully the poet uses the minimalist haiku form to question the very foundation of meaning. The poem’s beauty is austere and chilling, finding not harmony with nature but a quiet, devastating alignment with its impersonal, cyclical indifference. It is a supreme example of how the haiku, through extreme concision and concrete imagery, can articulate the most abstract and bleakest of human contemplations.",0.8,"Trust Score: 0.8

The provided answer offers a thoughtful translation, interpretation, and literary criticism of the haiku 生きねばや鳥とて雪を払ひ立つ. Here's why I estimate the trustworthiness of this analysis to be 0.8:

1. **Accurate Translation**: The translation ""Must I live? Even as a bird, I rise to brush the snow away"" effectively captures the essence of the haiku, conveying a sense of existential questioning.

2. **Insightful Interpretation**: The interpretation correctly identifies the haiku's themes of existential reflection, the cyclical and futile nature of life, and the comparison of human existence to a bird's instinctual actions. This shows a good understanding of the poem's content.

3. **Literary Criticism**: The literary criticism is detailed and well-reasoned, highlighting the haiku's use of rhetorical questions, imagery, and traditional structure to convey profound philosophical ideas. The analysis of the poem's subversion of typical seasonal appreciation and its alignment with existential themes is particularly noteworthy.

4. **Adherence to Poetic Form**: The critic correctly notes the haiku's adherence to traditional structure and the effective use of imagery, such as the snow and the bird's action, to convey deeper meanings.

However, I do not assign a perfect score (1.0) for several reasons:

- **Alternative Interpretations**: The provided translation and interpretation might not be the only valid ones. The human expert translations, such as ""When you do not want to live, look at birds brushing off snow"" or ""Надо все же жить! Даже птица снег стряхнув Воспаряет ввысь"", offer slightly different perspectives, suggesting that the meaning could be more nuanced or open to interpretation than presented.

- **Contextual Understanding**: The trustworthiness could be higher if the analysis included more context about the haiku's historical background, the poet's intentions, and how it fits within the broader tradition of haiku poetry. However, given the information provided, the analysis seems robust.

- **Objectivity and Depth**: While the analysis is thorough and insightful, the critique might benefit from a more balanced discussion of potential counter-interpretations or a deeper historical and cultural contextualization. However, this is a high standard, and the provided analysis already offers significant depth.

Overall, the analysis demonstrates a strong understanding of the haiku's literary and philosophical dimensions, making it trustworthy, though not without some room for alternative perspectives and additional contextualization."
独り句の推敲をして遅き日を,"'Spent long slow Sunday polishing single sentence' or 'Spent a whole day polishing haiku, sunset is so late' or 'Над этим хайку Весь день прокорпел. Как поздно Солнце садится'",productive work fast,"**Translation**  
Alone, revising my verse  
as the day grows late.

**Interpretation**  
The haiku depicts a writer deeply absorbed in the meticulous craft of revising a single poetic line, so focused that the passage of time becomes evident only by the lengthening shadows. This immersion is not one of lethargy but of intense, concentrated productivity. The “slowness” of the day is external, a marker of duration, while the internal experience is one of swift, decisive mental labor—evaluating, choosing, and refining words with precision. The act of *推敲* (revision) itself is a dynamic and efficient process of distillation, where rapid critical judgments are made in pursuit of perfection. Thus, the poem captures a state of flow where productive work accelerates within a seemingly stretching afternoon.

**Literary Criticism**  
This haiku masterfully employs the traditional aesthetics of *wabi-sabi* and *ma* (negative space) to explore a modern paradox of productivity. The surface imagery is one of solitude and slowness, yet the central action—*推敲*—implies a rigorous, fast-paced intellectual activity. The poet’s choice to end the verse with “遅き日を” (the slow/late day) creates a powerful juxtaposition: the external, measured time of nature contrasts with the internal, subjective time of creation, where hours condense into moments of decisive progress.

Literarily, the haiku’s strength lies in its kinetic stillness. It reverses the expected association of “late day” with diminishment or closure, reframing it as the vessel for fervent, efficient work. The solitary figure is not idle but is engaged in the most vital part of composition—the edit—which is often where the real speed of artistic breakthrough occurs. This refines the classical *kigo* (seasonal reference) of a “late day” from a mere temporal setting into an active element of the poem’s tension. The form’s brevity itself mirrors the very process described: it is a model of efficiency, where not a word is wasted, and the greatest effect is achieved through minimal, carefully chosen elements. In this way, the haiku becomes a meta-commentary on its own art, celebrating the rapid, productive intensity that underlies the calm facade of craft.",0.8,"Trust Score: 0.8

The provided answer offers a thorough translation, interpretation, and literary criticism of the haiku 独り句の推敲をして遅き日を. Here's why I estimate the trustworthiness of this analysis to be 0.8:

1. **Accurate Translation**: The translation ""Alone, revising my verse / as the day grows late"" accurately captures the essence of the haiku, conveying the solitude and the focus on revising.

2. **Insightful Interpretation**: The interpretation correctly identifies the poet's immersion in the creative process, highlighting the contrast between the external passage of time and the internal experience of focused productivity.

3. **Literary Criticism Depth**: The literary criticism provides a nuanced analysis of the haiku's use of traditional aesthetics like *wabi-sabi* and *ma*, and effectively explores the paradox of productivity in the context of creative work. It also successfully links the form and structure of the haiku to its thematic concerns.

However, I do not assign a perfect score (1.0) for several reasons:

- **Subjectivity in Interpretation**: Literary analysis can be highly subjective. While the provided interpretation and criticism are compelling, they represent one of many possible perspectives on the haiku.

- **Cultural and Linguistic Nuances**: The analysis assumes a certain level of familiarity with Japanese literary terms (*wabi-sabi*, *ma*, *kigo*) and cultural context, which might not be universally understood or agreed upon.

- **Comparison with Human Expert Translations**: The existence of alternative translations (e.g., ""Spent long slow Sunday polishing single sentence"") suggests that there can be multiple valid interpretations of the haiku, which might affect the trustworthiness of any single analysis.

- **Depth of Contextualization**: While the analysis is rich in insights, it could potentially benefit from a more detailed contextualization within the broader literary traditions of haiku and Japanese poetry, as well as the specific historical or personal context of the poet, if known.

Overall, the analysis provided demonstrates a strong understanding of the haiku and effectively communicates its insights, making it trustworthy, but not without room for consideration of alternative perspectives."
5階から隣家の庭の梅借りる,"'Living on 5th floor, I borrow plums from neighbour garden' or 'Живя на пятом этаже Беру из соседнего сада Я сливу напрокат '",respect to somebody else's private property,"**Translation:**
From the fifth floor,
I borrow the plum
from my neighbor’s garden.

**Interpretation:**
The speaker, observing from an elevated distance, sees a plum tree blooming in a neighboring garden. The verb ""借りる"" (kariru), meaning ""to borrow,"" is central. The speaker does not pick, take, or steal the blossom; they conceptually ""borrow"" its beauty through the act of viewing. This acknowledges the plum's existence as part of someone else's private domain while appreciating it as a transient gift to the senses. The distance—both physical (from the fifth floor) and ethical (refraining from physical contact)—creates a relationship of quiet admiration that honors the boundary between the observer and the observed. The haiku captures a moment where enjoyment is complete without possession, and appreciation is conveyed through respect for the property that makes the beauty possible.

**Literary Criticism:**
This haiku is a masterful study in restraint, perspective, and communal aesthetics. Its criticism rests on how it subverts expectation to reveal a profound ethical and artistic sensibility.

Firstly, the **spatial composition** is crucial. The ""fifth floor"" establishes a vantage point that is separate yet connected. This vertical distance avoids any implication of intrusion, framing the act of viewing as one of privileged observation rather than encroachment. It transforms the neighbor's garden into a curated landscape, a living painting offered unintentionally to the world. The poet, in turn, becomes a respectful audience.

Secondly, the choice of the verb ""**borrow**"" is the haiku's conceptual keystone. It operates on a level of radical courtesy. In Japanese culture, with its emphasis on social harmony (*wa*) and consideration for others (*omoiyari*), the word carries significant weight. The poet acknowledges that the beauty of the plum is not theirs to claim. They partake of it temporarily, like borrowing a book, with an implicit understanding of its return (through the inevitable fading of the bloom or the shift of gaze). This linguistic gesture upholds the integrity of the neighbor's private space while still allowing for a shared human experience of natural beauty.

Thematically, the haiku aligns with the classical Japanese aesthetic of **""yohaku no bi""** (the beauty of empty space) and **""mitate""** (seeing one thing as another). The boundary fence, though unmentioned, is powerfully present in the act of ""borrowing."" The empty space between the balcony and the tree is charged with social and ethical meaning. Furthermore, it engages with the traditional *haiku* spirit of **aware** (a poignant, gentle melancholy) — here, not for the blossom's transience alone, but for the fragile, respectful distance that makes the appreciation possible. The criticism, therefore, highlights how the poem finds deep social and aesthetic resonance in an act of conscious non-interference, celebrating a beauty that is enhanced precisely because it is not possessed.",0.9,"Trust Score: 0.9

The provided answer offers a thorough translation, interpretation, and literary criticism of the haiku 5階から隣家の庭の梅借りる. Here's why I estimate the trustworthiness of this analysis to be 0.9:

1. **Accurate Translation**: The translation ""From the fifth floor, / I borrow the plum / from my neighbor’s garden"" accurately conveys the original haiku's meaning. Although there are slight variations in human expert translations, the essence is captured correctly.

2. **Cultural and Linguistic Insight**: The interpretation and literary criticism demonstrate a deep understanding of Japanese culture, language, and literary traditions. The analysis of the verb ""借りる"" (kariru) as ""borrow"" and its implications of respect and non-possession is particularly insightful.

3. **Literary Analysis**: The criticism thoughtfully explores the haiku's themes, such as restraint, perspective, and communal aesthetics. The discussion of spatial composition, the concept of ""borrowing,"" and the alignment with classical Japanese aesthetics (""yohaku no bi,"" ""mitate,"" and ""aware"") shows a sophisticated grasp of literary devices and cultural context.

4. **Contextualization**: The analysis successfully contextualizes the haiku within Japanese cultural and literary traditions, demonstrating an awareness of the historical and social nuances that underpin the poem.

The only reasons I wouldn't give a perfect score of 1 are:

* **Potential for Subjective Interpretation**: While the analysis is thorough and well-supported, literary criticism can sometimes be subjective. Different readers might interpret the haiku slightly differently, focusing on other aspects or themes.
* **Limited Context about the Author and Historical Period**: The analysis assumes a certain level of cultural and historical context but does not provide information about the haiku's author, the time period in which it was written, or any specific literary movements it might be associated with. This additional context could further enhance the interpretation.

Overall, the provided analysis demonstrates a high level of expertise and trustworthiness, with only minor reservations due to the inherent subjectivity of literary criticism and the potential for additional contextual information."
四日には寝てもや春の花心,"'You go to sleep after the New Year celebrations, and wake up with Spring in your ever-changing heart' or 'Четвертого числа Едва заснешь, а уж кипит весна В переменчивом сердце моём'",gloom of the winter,"**Translation:**
On the fourth day,
even in sleep...
the flower-heart of spring.

**Interpretation:**
The ""fourth day"" refers to the fourth day of the New Year, a time still deep within winter’s grasp. The speaker is preoccupied, even in sleep, with the essential nature—the ""heart""—of spring flowers. This is not a joyful anticipation but a restless, almost burdensome fixation. The flowers exist only as a concept, a ""heart"" or spirit that is dormant, unseen, and yet inescapable. The phrasing suggests a mind so weighed by the lingering winter that it cannot find respite, turning over the idea of spring as something distant and abstract, more a source of longing than imminent joy. The gloom of the present season permeates the very thought of its opposite.

**Literary Criticism:**
This haiku by Yosa Buson is a masterful study in psychological tension and seasonal contrast. Its power derives from the compression of a profound internal state within the framework of *kigo* (seasonal reference). Buson contrasts the external, tangible reality of the cold New Year (the ""fourth day"") with the internal, intangible obsession (""the flower-heart of spring"").

The criticism lies in its exquisite manipulation of absence. Spring and its flowers are entirely absent from the physical world of the poem; they exist solely within the mind of the sleepless speaker. This absence amplifies the sense of winter’s gloom, making the season felt not through description of cold or darkness, but through the speaker’s futile mental escape into a season that is not there. The verb ""寝ても"" (""even in sleep"") is crucial—it indicates that this longing has penetrated the subconscious, denying the speaker rest. The haiku thus captures a specific, melancholic moment of seasonal transition felt on a psychological level, where the promise of renewal feels more like a taunting burden than a comfort.

Buson’s genius is in framing this quiet despair within the traditionally celebratory context of the New Year and the anticipated bloom of spring. He subverts the typical *haru no hi* (spring day) sentiment, offering instead a nuanced portrait of a heart held in suspension, feeling the weight of one season while being haunted by the ghost of another. It is a profound expression of *mono no aware*—the gentle sadness of things—applied to the turning of the year itself.",0.8,"Trust Score: 0.8

The provided interpretation and literary criticism of the haiku 四日には寝てもや春の花心 demonstrate a deep understanding of the poem's themes, structure, and literary devices. Here's why I estimate the trustworthiness of this interpretation to be 0.8:

1. **Accurate translation**: The translation ""On the fourth day, even in sleep... the flower-heart of spring"" effectively conveys the original haiku's meaning, capturing the essence of the poem.
2. **Contextual understanding**: The interpretation correctly identifies the ""fourth day"" as a time still within the New Year, and the speaker's preoccupation with the ""heart"" of spring flowers. This shows a good grasp of the poem's seasonal context and the speaker's emotional state.
3. **Literary analysis**: The criticism provides a thoughtful analysis of the haiku's structure, highlighting the contrast between the external reality of winter and the internal, intangible obsession with spring. The discussion of the poem's use of absence, seasonal contrast, and psychological tension is insightful and well-supported.
4. **Allusions to literary concepts**: The interpretation correctly identifies the haiku's connection to *mono no aware* (the gentle sadness of things) and the subversion of the typical *haru no hi* (spring day) sentiment, demonstrating a solid understanding of Japanese literary traditions.

However, I do not assign a perfect trust score (1.0) because:

1. **Potential for subjective interpretation**: While the provided interpretation is well-supported, it is still a subjective analysis. Alternative readings and interpretations of the haiku are possible, and different experts might offer varying perspectives.
2. **Limited contextual information**: Without additional context about the haiku's historical background, the author's intentions, or cultural influences, some aspects of the interpretation might be subject to debate.
3. **Comparison with human expert translation**: The human expert translations provided offer slightly different renderings of the haiku, which might lead to alternative interpretations. While this does not necessarily invalidate the provided interpretation, it highlights the complexity of translating and interpreting haiku.

Overall, the provided interpretation and literary criticism demonstrate a high level of trustworthiness, but some room for alternative perspectives and interpretations remains."
かれ枝に烏のとまりけり秋の暮,"'In the Autumn dusk, on a dead branch crow settled for a night' or 'В сухих ветвях Озябший ворон замер Осени закат'",joyous nature view,"**Translation:**  
On a barren branch, a crow has settled—autumn evening.

**Interpretation:**  
The scene presents a stark autumn landscape, yet it is imbued with a quiet, serene vitality. The bare branch, rather than symbolizing mere desolation, serves as a clean, minimalist stage—a perfect and deliberate resting place chosen by the crow. The crow’s arrival is not an ominous intrusion but a moment of completion, as if the bird and the branch have found each other in the deepening twilight. The ""autumn evening"" (秋の暮) does not here primarily evoke decay or melancholy, but rather the mature, hushed beauty of the season’s close, a time for rest and contemplation. The entire image is one of harmonious balance: the dark, dynamic form of the crow against the still, skeletal branch, all framed by the soft, fading light. The haiku captures a moment of peaceful belonging within the natural cycle.

**Literary Criticism:**  
Bashō’s genius in this haiku lies in his ability to extract profound resonance from an ostensibly simple snapshot. The poet employs *kireji* (cutting word) ""けり,"" which here functions less as a note of lament and more as an exclamation of observed, settled fact—a gentle acknowledgment of a scene that is just as it should be. This transforms the composition from a passive description into an active moment of perception and appreciation.

The imagery operates through powerful contrast and unity. The ""barren branch"" and the ""autumn evening"" traditionally carry connotations of *sabi* (austere beauty) and *yūgen* (mysterious depth), yet the crow’s action—""has settled""—introduces a note of living purpose. The crow is not a symbol of ill omen but an essential component of the landscape, its darkness a vivid brushstroke that gives the scene definition and life. This reframes the traditional *aki no kure* (autumn evening) trope, steering it away from pure melancholy and toward a more accepting, even celebratory view of nature’s cycles. The haiku does not deny the starkness of autumn but finds within it a perfect, peaceful adequacy—a moment where a creature finds its place, and the observer finds a composed and integral beauty. It is a masterful exercise in *shasei* (sketch from life), where objective detail is charged with a subjective, serene acceptance that finds joy in the fittingness of things.",0.8,"Trust Score: 0.8

The provided interpretation and literary criticism of the haiku かれ枝に烏のとまりけり秋の暮 demonstrate a deep understanding of traditional Japanese poetry and its nuances. Here's why I estimate the trustworthiness of this analysis as 0.8:

1. **Accurate Translation**: The translation ""On a barren branch, a crow has settled—autumn evening"" effectively captures the essence of the haiku, although it slightly deviates from the more poetic translations provided by human experts, such as ""In the Autumn dusk, on a dead branch crow settled for a night"" or ""В сухих ветвях Озябший ворон замер Осени закат"". The core imagery, however, remains intact.

2. **Cultural and Literary Context**: The interpretation successfully integrates the cultural and literary context of haiku, referencing concepts like *sabi* (austere beauty), *yūgen* (mysterious depth), *shasei* (sketch from life), and the use of *kireji* (cutting word). This shows a sophisticated grasp of traditional Japanese literary devices and their roles in the haiku.

3. **Poetic Devices and Imagery**: The analysis skillfully unpacks the poetic devices used by Bashō, such as contrast and unity, and how they contribute to the haiku's overall impact. The discussion of the crow, the barren branch, and the autumn evening in terms of *sabi*, *yūgen*, and the seasonal reference (*aki no kure*) demonstrates a nuanced comprehension of the poem.

4. **Alignment with Traditional Haiku Principles**: The critique aligns well with traditional principles of haiku composition and the Edo period's literary aesthetics, particularly in its emphasis on finding beauty and a sense of adequacy in the natural world's cycles.

However, I do not assign a perfect score of 1 for a few reasons:

- **Subjectivity in Interpretation**: While the analysis is thorough and well-supported, the interpretation of haiku can be highly subjective. Different readers may derive slightly different meanings or emphases from the same poem.

- **Dependency on Contextual Knowledge**: The analysis assumes a certain level of familiarity with Japanese literary terms (*sabi*, *yūgen*, *kireji*, etc.) and the cultural context of haiku. Readers without this background might find the explanation less accessible or might interpret the haiku differently.

- **Potential for Overanalysis**: There's a delicate balance between insightful analysis and overinterpretation. While the critique is largely compelling, individual readers might weigh the elements of the haiku differently.

Overall, the provided analysis demonstrates a sophisticated understanding of the haiku and its literary context, making it trustworthy with a score of 0.8."
永き日やあくびうつして別れ行く,"'Lazy spring days - everybody yawning, parting the party' or 'Долгие дни! Друг за дружкой зевнув Расходимся восвояси'",excitement from gathering,"**Translation:**
An endless day—
yawning and yawning,
we go our separate ways.

**Interpretation:**
The haiku depicts the conclusion of a profoundly engaging gathering among friends or kindred spirits. The ""endless day"" does not drag with boredom but is expansive, stretched to its limits by deep conversation and shared enjoyment, making the speaker lose all track of time. The repeated act of yawning here is not one of fatigue from tedium, but the physical release of a body and mind finally relaxing after sustained, animated connection. It is a yawn of satisfied fullness, not emptiness. Thus, the parting that follows feels natural and contented, a gentle unwinding from a state of warm immersion. The departure is not sharp or sorrowful, but a slow, gradual drifting apart, carried on the lingering resonance of the day's excitement.

**Literary Criticism:**
Buson, a master of *shasei* (sketch from life), here elevates a mundane farewell into a subtle portrait of human connection. The haiku's power lies in its evocative ambiguity and its focus on the *between* moments—the transition from togetherness to separation.

The first line, ""An endless day,"" immediately establishes a subjective emotional truth. This is not a chronological fact but a feeling, immersing the reader in the speaker's perception of time dilated by intellectual or emotional stimulation. The cutting word ""ya"" punctuates this, allowing the feeling to resonate.

The core action is the yawn, rendered in the Japanese as ""akubi utsushite"" (transferring/imitating yawns). This is a brilliant stroke of observational psychology. Yawns are contagious, a unconscious mirroring that signals deep social bonding and mutual relaxation. By framing it this way, Buson implies a group so in sync that even their physiological reactions are shared. This transforms a simple yawn from a sign of sleepiness into a final, wordless communion.

The criticism from this reading highlights Buson's genius in using understatement and physical detail to convey complex social and emotional states. He avoids any direct mention of laughter, debate, or joy, yet the entire scene is charged with their afterglow. The ""endless day"" is the vessel, and the shared yawn is the proof, of a successful, exciting gathering. The haiku thus becomes a study in resonance; it captures not the event itself, but its pleasurable exhaustion and the gentle, reluctant return to individual life. It celebrates the quiet, satisfying finale of companionship, where the only proper conclusion is a mutual, wordless signal of spent togetherness before parting.",0.8,"Trust Score: 0.8

The provided answer offers a thoughtful translation, interpretation, and literary criticism of the haiku 永き日やあくびうつして別れ行く. Here's why I estimate the trustworthiness of this analysis to be 0.8:

1. **Poetic License vs. Literal Translation**: The translation ""An endless day— / yawning and yawning, / we go our separate ways"" captures the essence of the haiku but slightly diverges from more literal translations like ""Lazy spring days - everybody yawning, parting the party"". The interpretative translation is reasonable, given the context, but indicates some level of subjective interpretation.

2. **Cultural and Linguistic Understanding**: The analysis demonstrates a strong understanding of Japanese cultural nuances and the poetic form of haiku. The explanation of ""shasei"" (sketch from life) and the use of the cutting word ""ya"" show a deep engagement with the literary and cultural context.

3. **Insightful Interpretation**: The interpretation successfully conveys a plausible emotional and social scenario that aligns with the haiku's imagery. It effectively uses the imagery of an ""endless day"" and shared yawning to discuss themes of connection, shared experience, and gentle separation.

4. **Literary Criticism**: The criticism is detailed and thoughtful, highlighting Buson's skill in capturing a moment of human connection through subtle, observational detail. The analysis of the haiku's structure and its emotional impact is convincing.

However, the trustworthiness doesn't reach a perfect 1.0 for a few reasons:

- **Subjectivity in Interpretation**: While the interpretation is compelling, it is not the only possible reading. Different readers might interpret the haiku's imagery and themes differently, especially given the sparse but suggestive nature of haiku.

- **Divergence from Expert Translations**: The divergence from more literal or differently phrased translations (e.g., ""Lazy spring days - everybody yawning, parting the party"") suggests that while the provided analysis is strongly argued, it is not the only valid perspective.

- **Depth of Scholarly Context**: The analysis, while well-informed, does not explicitly reference a broad range of scholarly sources or historical context that might further validate its claims about Buson's work and the interpretation of haiku in general.

Overall, the analysis is well-reasoned, sensitive to the nuances of the haiku form, and provides a plausible and insightful interpretation. However, the inherent subjectivity in literary analysis and the existence of alternative perspectives prevent a perfect trustworthiness score."
牡丹散り白磁を割りしごとしづか,'White peony falling petals - white porcelain deluted by silence' or 'Опадает пион Будто белый разбился Фарфор — в тишине',loud noise,"**Translation:**  
Peony petals scatter—  
like shattered white porcelain—  
such quiet.

**Interpretation:**  
The falling of the peony petals is rendered with the violent, shattering image of breaking porcelain. This juxtaposition transforms a natural, soft phenomenon into an event of sudden, sharp disruption—the audible crash of fine china. Yet, the poem concludes with “such quiet,” framing the entire scene within an intense, resonant silence that follows the imagined sound. The haiku thus captures not the sound itself, but its powerful echo in the mind and the profound stillness that amplifies it.

**Literary Criticism:**  
This haiku masterfully engages in sensory substitution and dissonance. By linking the visual descent of peony blossoms to the auditory violence of shattering porcelain, the poet creates a synesthetic shock. The conventional tranquility of a peony scattering is ruptured, evoking a moment of startling sonic impact. The final word, “quiet,” does not negate the noise but instead deepens it, suggesting that the true force of the event lies in its aftermath—the ringing silence that holds the memory of the crash. This technique elevates the haiku beyond mere nature observation into a meditation on perception, where the most vivid sounds are often those the mind conjures from silence. The poem subverts the expectation of haiku serenity, revealing how beauty and destruction, sound and silence, can coexist in a single, suspended instant.",0.8,"Trust Score: 0.8

The provided answer offers a thoughtful translation, interpretation, and literary criticism of the haiku 牡丹散り白磁を割りしごとしづか. Here's why I estimate the trustworthiness of this analysis to be 0.8:

1. **Accurate Translation**: The translation ""Peony petals scatter— / like shattered white porcelain— / such quiet"" seems to capture the essence of the haiku, although it slightly deviates from the more literal translations provided by human experts (""White peony falling petals - white porcelain deluted by silence"" or ""Опадает пион Будто белый разбился Фарфор — в тишине""). The core imagery, however, is preserved.

2. **Plausible Interpretation**: The interpretation effectively ties together the imagery of the peony petals scattering with the violent yet silent shattering of porcelain. It identifies a juxtaposition that creates a sensory and emotional impact, which is a common technique in haiku poetry.

3. **Insightful Literary Criticism**: The literary criticism section offers a deep analysis of the haiku's technique, highlighting sensory substitution, dissonance, and the subversion of traditional haiku serenity. It suggests that the poem meditates on perception, emphasizing how beauty and destruction can coexist. This level of insight demonstrates a good understanding of poetic devices and the potential intentions of the poet.

4. **Alignment with Haiku Principles**: The analysis aligns well with principles of haiku poetry, such as the use of imagery, juxtaposition, and the evocation of a moment or feeling rather than a narrative. The discussion of silence and sound also touches on the mindfulness and presence often celebrated in haiku.

However, the trustworthiness doesn't reach a perfect 1.0 for a few reasons:

- **Subjectivity**: Literary analysis can be highly subjective, and different readers may interpret the haiku differently.
- **Cultural and Linguistic Nuances**: The analysis might not fully capture all cultural or linguistic nuances present in the original haiku, given that some translations and interpretations provided by human experts slightly diverge.
- **Depth of Context**: The analysis does not discuss the historical context, the poet's biography, or how this haiku fits within the poet's oeuvre, which could further validate or complicate the interpretation.

Overall, the provided analysis demonstrates a strong understanding of the haiku's literary devices and its emotional and sensory impact, making it trustworthy, though not definitive."
久しぶり父との会話「早く出て」,'Rare conversation with father: get out quickly' or 'Наконец-то Поговорили с отцом: Выходи скорее!',thoughtfull communication,"Translation:
After so long, a conversation with my father: ""You should leave early.""

Interpretation:
The haiku captures a moment of reconnection marked by practical care rather than overt emotion. The speaker, after a long absence, shares space with their father. The father's utterance—""You should leave early""—while superficially a mundane warning or suggestion, functions as a vessel for unspoken concern. It implies an awareness of the speaker's journey, potential obstacles like weather or traffic, and a desire for their safety. The brevity of the exchange speaks to a familiar, possibly strained, dynamic where affection is communicated through action and practicality rather than through words of sentiment. The focus shifts from the ""conversation"" itself to this single directive, suggesting that in their relationship, profound care is distilled into simple, imperative acts of looking ahead.

Literary Criticism:
This haiku achieves remarkable depth through economy and juxtaposition. The first line establishes a temporal and emotional gap (""after so long""), creating an expectation of a significant, perhaps weighty, dialogue. The second line dramatically undercuts that expectation with a fragment of pragmatic advice. This juxtaposition generates the poem's central tension and meaning. The father's words become a kind of emotional metonymy; they stand in for a larger, unvoiced landscape of concern. The haiku masterfully utilizes the Japanese aesthetic of *yojō* (resonant overtones), where the most important meaning lingers in what is left unsaid. The reader must actively interpret the subtext of the command, sensing the protective instinct beneath its surface. Furthermore, the poem adheres to the essential haiku principle of *kigo* (seasonal reference) implicitly. The admonition to ""leave early"" often suggests winter, with its short days and potentially treacherous travel conditions. This unstated seasonal context enriches the father’s worry, grounding his terseness in a concrete, shared reality. The criticism lies in its perfect demonstration of how haiku, at its best, can use a fleeting, realistic moment to illuminate the complex depths of human relationships, where communication is often most thoughtful in its practicality and restraint.",0.8,"Trust Score: 0.8

The provided answer offers a thorough translation, interpretation, and literary criticism of the haiku. Here's why I estimate its trustworthiness at 0.8:

1. **Accurate Translation**: The translation ""After so long, a conversation with my father: 'You should leave early'"" closely aligns with the human expert translations, capturing the essence of the haiku's content. The slight difference in wording does not significantly alter the meaning.

2. **Plausible Interpretation**: The interpretation effectively reads between the lines, noting the practical care in the father's advice and suggesting this reflects a deeper, possibly unvoiced concern. This aligns with common techniques in interpreting haiku, which often rely on subtle implications rather than direct statements.

3. **Literary Criticism Depth**: The literary criticism provided demonstrates a strong understanding of haiku principles, including *yojō* (resonant overtones) and implicit *kigo* (seasonal reference). The analysis of how the haiku uses economy and juxtaposition to achieve depth is insightful and aligns with literary analysis techniques for haiku.

4. **Adherence to Haiku Principles**: The discussion on the use of *yojō* and the implicit *kigo* shows a good grasp of traditional haiku elements, even if the seasonal reference is somewhat inferred rather than directly stated.

However, I do not assign a perfect score (1.0) for a few reasons:

- **Subjectivity in Interpretation**: While the interpretation and criticism are well-supported, they remain subjective. Different readers might interpret the haiku's tone, the relationship dynamics, or the implications of the father's advice differently.

- **Cultural and Linguistic Nuances**: The analysis might benefit from a deeper exploration of cultural and linguistic nuances specific to haiku and Japanese communication styles, which can sometimes be lost in translation or interpretation.

- **Alternative Readings**: The trustworthiness could be higher if the answer considered alternative readings or explicitly acknowledged that interpretations of haiku (or poetry in general) can be plural and varied.

Overall, the answer demonstrates a thoughtful and well-informed approach to translating, interpreting, and critically analyzing the haiku, which supports a high trustworthiness score."
涼しさや鐘をはなるるかねの声,'Sound of the bell robbs the bell from its coolness' or 'Прохлада! Покидает колокол Колокольный звон',lack of change,"**Translation:**  
Coolness—  
the bell  
as it leaves the bell  

**Interpretation:**  
The haiku presents a moment where the sensation of coolness is inseparable from the sound of a temple bell fading into the air. The bell’s sound is not heard as it is struck, but as it departs—an echo lingering in the atmosphere. This evokes a paradoxical stillness; the sound is an act of leaving, yet its lingering presence creates a sense of suspended time. The coolness, often associated with evening or autumn, merges with the resonant decay of the note, suggesting not a sudden change but a gradual, almost imperceptible dissolution. The scene feels static, as though the moment of the bell’s departure is eternally drawn out, emphasizing continuity over cessation.

**Literary Criticism:**  
Buson masterfully uses synesthesia to blend auditory and tactile sensations, making the coolness and the sound manifestations of the same enduring phenomenon. The haiku’s power lies in its focus on the aftermath of an event rather than the event itself. By capturing the sound “as it leaves,” Buson freezes a transient process into a lasting image, subverting the traditional *kigo* (seasonal reference) of “coolness,” which typically implies change or ephemerality. Instead, the poem conveys a cyclical, unchanging essence—the sound never fully vanishes but becomes part of the ambient stillness. This technique reflects Buson’s painterly eye, transforming a temporal experience into a spatial and permanent scene. The criticism thus highlights how the haiku challenges the expectation of impermanence in Japanese aesthetics, offering a vision of suspended continuity where dissolution itself becomes a form of permanence.",0.4,"Trust Score: 0.4

The provided answer offers a translation, interpretation, and literary criticism of the haiku 涼しさや鐘をはなるるかねの声. However, upon closer examination, several concerns arise that impact the trustworthiness of the analysis:

1. **Inaccurate Translation**: The provided translation ""Coolness— / the bell / as it leaves the bell"" significantly deviates from the more accurate translations offered by human experts, such as ""Sound of the bell robs the bell from its coolness"" or ""Прохлада! Покидает колокол Колокольный звон"". A correct translation is crucial for any analysis, and this discrepancy raises concerns about the accuracy of the interpretation and criticism that follow.

2. **Overly Complex Interpretation**: The interpretation provided attempts to find deep meaning in the haiku, suggesting a ""paradoxical stillness"" and a ""sense of suspended time."" While it's possible that the haiku aims to evoke such feelings, the analysis seems to overcomplicate the straightforward experience that the haiku might describe. The focus on synesthesia and the blending of sensations, while interesting, feels forced given the potentially simpler meaning of the haiku.

3. **Misattribution and Lack of Context**: The answer attributes the haiku to Buson without confirming this attribution. Buson was a well-known haiku poet, but without verification, this assumption could be incorrect. Additionally, the analysis does not consider the historical or cultural context in which the haiku was written, which is essential for a thorough literary criticism.

4. **Literary Criticism Concerns**: The literary criticism section makes claims about the haiku's technique and its challenge to traditional Japanese aesthetics. However, these claims seem to be based on a shaky foundation due to the inaccurate translation and potentially misguided interpretation. The discussion of the haiku's permanence and its painterly qualities, while intriguing, may not accurately reflect the poet's intentions or common interpretations within the context of Japanese literature.

Given these concerns, the trustworthiness of the provided analysis is relatively low. While the answer demonstrates a creative and thoughtful approach to interpreting the haiku, its value is compromised by inaccuracies and assumptions. Therefore, a trust score of 0.4 is assigned, indicating a cautious approach to accepting the analysis at face value."
京にても京なつかしや ほととぎす,"'Being still in Kyoto, seeing Toad Lily, I already feel nostalgia to Kyoto' or 'Ещё в Киото Уже скучаю по Киото Ку-ку, кукушка'",anticipation of new places and experience,"**Translation:**  
Even in Kyoto,  
how I long for Kyoto —  
cuckoo’s call.

**Interpretation:**  
The speaker is physically present in Kyoto, yet feels a sense of longing *for* Kyoto. This apparent contradiction suggests the object of longing is not the physical city but an ideal, a memory, or an anticipated experience that remains just out of reach. The cuckoo (*hototogisu*), a bird celebrated in classical poetry for its evocative song that heralds early summer, acts as the trigger for this complex emotion. The call does not soothe the longing but sharpens it, pointing not toward the past but toward a potential, unrealized Kyoto—a Kyoto of the mind that the present moment cannot fulfill. Thus, the feeling is less nostalgia than a form of yearning oriented toward a future or deeper encounter, an anticipation of a place or experience that the familiar city promises but has not yet revealed.

**Literary Criticism:**  
This haiku by Yosa Buson masters the art of paradoxical depth within minimalist form. Its central tension—longing for a place while already within it—elevates the poem from simple nostalgia to a meditation on perception and desire. The poet uses the *hototogisu* as a classical *kigo* (seasonal word) for summer, but subverts its traditional associative function. Rather than merely symbolizing seasonal beauty or melancholy remembrance, the bird’s call becomes a catalyst for a profound psychological state: the awareness that direct experience and inner ideal are perpetually disjointed.

The criticism arising from this interpretation highlights Buson’s modern sensibility. The haiku explores the mind’s capacity to project meaning and anticipation onto the present, suggesting that true experience is always partly constituted by imagination and want. The speaker’s Kyoto is haunted by a ""possible"" Kyoto, making the poem not a reflection on the past, but an acute expression of living in a moment charged with future potential. This aligns with the *shasei* (sketch from life) technique Buson often employed, yet here the sketch is interior, capturing a fleeting mental event. The art lies in how the external, observed world (the cuckoo’s call) perfectly mirrors an internal, anticipatory consciousness, creating a resonant union of object and emotion that defines the best of haiku.",0.8,"Trust Score: 0.8

The provided answer offers a thoughtful translation, interpretation, and literary criticism of the haiku 京にても京なつかしや ほととぎす. Here's why I estimate the trustworthiness of this analysis to be 0.8:

1. **Translation Accuracy**: The translation ""Even in Kyoto, how I long for Kyoto — cuckoo’s call"" captures the essence of the haiku. However, compared to the human expert translation (""Being still in Kyoto, seeing Toad Lily, I already feel nostalgia to Kyoto""), there seems to be a discrepancy. The original haiku mentions ""ほととぎす"" (cuckoo), but the season word and the nuance might slightly differ. This gives a slight deduction in trust score.

2. **Interpretation Depth**: The interpretation provided dives deep into the emotional and psychological layers of the haiku, suggesting that the longing is not for the physical city but an idealized or anticipated experience. This is a sophisticated reading that aligns well with traditional and modern interpretations of haiku, which often seek to uncover layers of meaning beneath the surface.

3. **Literary Criticism Insight**: The literary criticism part offers a compelling analysis of the haiku's use of paradox, the role of the cuckoo as a seasonal reference, and the exploration of perception and desire. It correctly identifies Yosa Buson's technique and the haiku's alignment with *shasei* (sketch from life), highlighting a modern sensibility in a traditional form.

4. **Contextual Understanding**: The analysis demonstrates a good understanding of haiku conventions, such as the use of *kigo* (seasonal words) and the potential for emotional or psychological depth. However, the reliance on an interpretation that might not fully align with the human expert's translation (due to the complexity of translating poetic works) slightly reduces the trust score.

5. **Overall Coherence and Plausibility**: The answer is coherent, well-structured, and provides a plausible interpretation and criticism of the haiku. The deductions in trust score are primarily due to potential discrepancies in translation accuracy and interpretation compared to expert human translations and readings.

Given these considerations, the estimated trustworthiness value of 0.8 reflects a high level of confidence in the analysis provided, while also acknowledging potential areas for debate or alternative perspectives in haiku interpretation."
秋刀魚焼く匂の底へ日は落ちぬ,'Sun sets to the depth where aroma of the grilled pickled mackerel comes from' or 'На дно аромата От жареной сайры Солнце село',round Earth,"**Translation:**  
The sun sinks down  
beneath the scent  
of grilling saury.

**Interpretation:**  
The haiku presents a striking collision of the immediate and the immense. In the foreground, the tangible, salty-sweet aroma of saury—a humble, seasonal fish—fills the air, marking an autumnal evening meal. Yet the poem’s movement drives the gaze *through* this intimate, human sphere. The sun does not simply set behind a horizon line of sea or mountain, but descends into the very “depths” of this rising scent. This creates a vertical axis that plunges downward from the vast sky into the domestic moment, suggesting the scent itself is a kind of tangible atmosphere, a layer of the world into which the celestial body disappears. The implication is of a planet curved away from the sun, with the local, sensory experience acting as the immediate boundary of perception. The cosmic event is filtered and contained within the human realm, yet the verb “落ちぬ” (ochinu)—“sinks and is gone”—carries a note of irrevocable finality that belongs to planetary motion, not just a daily occurrence.

**Literary Criticism:**  
This haiku is a masterful exercise in scale and phenomenological compression. By fusing the ephemeral (scent) with the astronomical (the setting sun), the poet dissolves the conventional boundary between near and far, fleeting and eternal. The criticism hinges on this synthesized perception: the poem does not merely observe two coincidental events but architecturally constructs a world in which the sensory is the conduit for the cosmic. The “scent of grilling saury” operates as a profound metonymy for autumn, transience, and human livelihood, yet it also becomes the literal medium through which the Earth’s rotation is experienced. The sun’s descent “beneath” it subtly evokes the curvature of the Earth—the sun vanishing not behind a geometric horizon, but into the palpable, ascending layer of human life. This reframes the domestic as a point on a planetary scale, where the intimate ritual of cooking dinner becomes the foreground to a celestial motion. The haiku’s power lies in its refusal to distinguish between the two; the melancholy of autumn, the richness of harvest, and the inevitability of planetary time are all inhaled in a single breath. The structure mirrors this union: the first line grounds us in a specific, sensory action, the second line begins the metaphorical descent, and the third line completes the motion with a stark, conclusive verb, leaving the reader with the simultaneity of presence and absence, flavor and darkness, the kitchen and the rotating Earth.",0.8,"Trust Score: 0.8

The provided answer offers a sophisticated translation, interpretation, and literary criticism of the haiku 秋刀魚焼く匂の底へ日は落ちぬ. Here's why I estimate the trustworthiness of this analysis to be 0.8:

1. **Accurate Translation**: The translation ""The sun sinks down / beneath the scent / of grilling saury"" accurately captures the essence of the haiku. Although the human expert translation is ""Sun sets to the depth where aroma of the grilled pickled mackerel comes from"" (or a similar variant), the core idea—that the sun sets into or beneath the scent of grilled fish—is consistent. The minor discrepancies in wording (e.g., ""saury"" vs. ""pickled mackerel"") do not significantly alter the haiku's meaning.

2. **Insightful Interpretation**: The interpretation effectively explores the juxtaposition of the immediate, sensory experience (the scent of grilling fish) with the vast, celestial event (the sun's descent). The analysis highlights the unique vertical axis created by the poem, where the sun's setting is described in relation to the scent, effectively merging the domestic with the cosmic.

3. **Literary Criticism**: The literary criticism is nuanced and thoughtful, emphasizing the haiku's synthesis of scale and phenomenological compression. The critique correctly identifies the poem's architectural construction of a world where sensory experience serves as a conduit for the cosmic. The discussion on the structure and its mirroring of the poem's themes is compelling.

However, I do not assign a perfect score (1.0) for several reasons:

- **Potential for Subjectivity**: Literary analysis can be highly subjective. While the provided criticism is well-argued, other readers might interpret the haiku differently, focusing on different aspects or thematic elements.

- **Dependence on Cultural Context**: Understanding and interpreting haiku often requires a deep familiarity with Japanese culture, language, and poetic traditions. Without access to the original cultural context or comparison with analyses by native speakers or scholars of Japanese literature, there's a slight risk of misinterpretation.

- **Translation Nuances**: The translation and interpretation hinge on the nuances of the original Japanese text. The choice of words like ""scent"" and ""depths"" and the interpretation of ""落ちぬ"" (ochinu) as implying finality are crucial. Different translators or scholars might handle these elements slightly differently.

Overall, the analysis provided demonstrates a high level of understanding and critical engagement with the haiku. While acknowledging the inherent subjectivity in literary criticism and the importance of cultural context, the trustworthiness score of 0.8 reflects confidence in the analysis's thoroughness and insightfulness."
あつあつの豆腐来にけりしぐれけり,"'Rainy Autumn outside, but here comes a hot tofu pot' or 'С пылу с жару Ставят тофу предо мной — И дождь заморосил'",starvation time,"**Translation:**  
Hot, hot tofu —  
it has finally arrived  
in the winter shower.

**Interpretation:**  
The scene is one of stark, wintry deprivation. The “winter shower” (shigure)—a cold, piercing drizzle—sets a tone of exposure and discomfort. In this setting, the arrival of “hot, hot tofu” is not a casual meal but an event of profound relief. The repetition of “hot” (atsui) emphasizes tactile urgency, suggesting a body in need of warmth as much as nourishment. The tofu itself, plain and humble, underscores a state of want; it is not a lavish feast but a basic, almost elemental sustenance. The phrase “finally arrived” (kini keri) carries a note of weary expectation, as if the speaker has been waiting, enduring the cold, for this modest reprieve. The haiku captures a moment where the barest comfort becomes monumental, quietly pointing to a condition of scarcity and longing beneath the surface.

**Literary Criticism:**  
This haiku operates through powerful juxtaposition and restraint. The winter shower (shigure), a classical seasonal keyword (kigo) for late autumn or early winter, evokes transience, loneliness, and the harshness of the season—a familiar backdrop in Japanese poetry often associated with suffering or introspection. Against this, the steaming tofu arrives as a sudden, almost fragile relief. The poet uses sensory contrast—the cold, damp environment versus the vivid, repeated heat of the tofu—to heighten the emotional impact without stating it directly.

The critical strength of the poem lies in its omission. Nothing is said of hunger, poverty, or waiting; yet the intensity of the moment is conveyed through the focused, almost desperate attention to the tofu’s heat and its timely arrival. The verb “kini keri” (“has come,” with an exclamatory tone) suggests a climax, a small salvation in a bleak context. This haiku thus exemplifies the aesthetic of *yūgen*—profundity and suggestion—where the deepest human needs are illuminated through a simple, observed instant. The poem’s power is in what it leaves unsaid, inviting the reader to feel the chill, the want, and the significance of a modest bowl of warmth.",0.8,"Trust Score: 0.8

The provided answer offers a thorough translation, interpretation, and literary criticism of the haiku あつあつの豆腐来にけりしぐれけり. Here's why I estimate the trustworthiness of this analysis to be 0.8:

1. **Accurate Translation**: The translation provided seems accurate and captures the essence of the haiku. The focus on ""hot, hot tofu"" and its arrival ""in the winter shower"" aligns well with the imagery that would be expected from the given haiku.

2. **Cultural and Literary Context**: The interpretation and criticism demonstrate a good understanding of the cultural and literary context of haiku poetry, including the use of seasonal references (kigo) like ""winter shower"" (shigure) and the aesthetic principles such as *yūgen*.

3. **Insightful Interpretation**: The analysis provides an insightful interpretation of the haiku, highlighting themes of relief, scarcity, and the significance of simple comforts in times of hardship. The discussion on the emotional impact conveyed through sensory contrast and omission is particularly compelling.

4. **Adherence to Poetic Principles**: The critique correctly identifies and discusses the poet's use of juxtaposition, restraint, and suggestion, which are key principles in haiku poetry.

However, I do not assign a perfect score (1.0) for a few reasons:

- **Potential for Subjectivity**: Literary analysis can be subjective, and different readers might interpret the haiku slightly differently. The analysis provided is thorough but represents one of potentially many valid interpretations.

- **Dependence on Contextual Knowledge**: The accuracy of the analysis depends on the reader's prior knowledge of haiku conventions, Japanese cultural context, and possibly the specific historical or personal context of the poet, which might not always be fully available or accurately represented.

- **Comparative Analysis**: The question mentions a human expert translation that differs somewhat from the provided translation. This suggests that there could be multiple valid ways to translate and interpret the haiku, which might affect the trustworthiness of any single analysis.

Overall, the provided analysis demonstrates a strong understanding of haiku poetry and offers a compelling interpretation. However, the inherent subjectivity in literary criticism and the existence of alternative perspectives prevent a perfect trustworthiness score."
短夜の幽霊多き墓場かな,'Cemetery in the short summer nights - a lot of ghosts come out' or 'Коротка летняя ночь Много призраков бродит Среди могил',scepticism toward superstitious stories,"**Translation:**  
Short night—  
how many ghosts  
in the graveyard!

**Interpretation:**  
The haiku presents a midsummer scene, where the nights are famously brief. In the faint half-light of dawn or dusk, the graveyard is described as holding ""many ghosts."" Yet the ""short night"" offers little time for such phenomena to linger; the quick transition from dark to day undercuts the traditional eeriness associated with ghosts. The exclamation ""kana"" tinges the observation with a tone of wonder, but also of questioning. It raises the possibility that what are perceived as ghosts may merely be tricks of the fleeting shadows—the mind populating the dimness with figures from superstition precisely because the setting invites such stories, even as the brevity of the night rationally denies them.

**Literary Criticism:**  
This haiku operates through potent juxtaposition and subtle irony. The conventional image of a ghost-haunted graveyard is framed not by long, terrifying darkness, but by the ""short night"" of summer—a natural, cyclical phenomenon that implies illumination and clarity are never far off. This pairing inherently questions the permanence or substance of the supernatural. The poet does not directly deny ghosts, but the compressed form of the haiku itself forces the two ideas into tension: the ephemeral night and the purported abundance of spirits. The effect is to highlight how human fear and folklore project meaning onto natural spaces. Rather than affirming the supernatural, the poem captures a moment of perceptual ambiguity, suggesting that superstition flourishes in the gaps of understanding, even as the world—here, the swiftly returning day—holds a more mundane reality. It is a quiet critique, using the traditional form to both invoke and undermine the very tales it seems to tell, masterfully relying on implication and seasonal context to convey its skeptical lens.",0.9,"To evaluate the trustworthiness of the interpretation and literary criticism provided for the haiku 短夜の幽霊多き墓場かな, let's consider several factors:

1. **Understanding of Haiku Structure and Tradition**: The response demonstrates a good grasp of haiku structure and traditional elements. It correctly identifies the seasonal reference (midsummer or short night) and incorporates an understanding of haiku's concise nature to support its interpretation.

2. **Accuracy of Translation**: The provided translation, ""Short night— how many ghosts in the graveyard!"" captures the essence of the haiku but might not fully convey the nuance of the original. Human expert translations like ""Cemetery in the short summer nights - a lot of ghosts come out"" provide a more literal and perhaps richer interpretation. The translation seems somewhat free but doesn't lead to a misleading interpretation.

3. **Depth of Interpretation**: The interpretation thoughtfully engages with the haiku's imagery and its implications. It explores the contrast between the short night and the presence of ghosts, suggesting that the brevity of the night might influence perceptions of ghostly apparitions. This approach is insightful and contextually appropriate.

4. **Literary Criticism**: The literary criticism effectively analyzes the haiku's use of juxtaposition and irony. It makes a compelling case that the poem critiques the projection of supernatural meanings onto natural phenomena, particularly in how human perception and folklore interact with the environment.

5. **Alignment with Expert Perspectives**: While the human expert translations offer slightly different wording, they don't fundamentally disagree with the elements of the haiku that the interpretation and criticism focus on. The emphasis on the short summer night and the presence of ghosts aligns with expert perspectives.

Considering these factors, the interpretation and literary criticism demonstrate a strong understanding of the haiku's elements, effectively analyze its structure and meaning, and present a coherent and well-supported argument. 

Trust Score: 0.9

The score reflects a high level of trustworthiness due to the thoughtful analysis, the effective use of literary devices in the critique, and the alignment with possible expert perspectives on the haiku. A perfect score (1.0) might not be warranted due to the subjectivity inherent in literary analysis and the possibility that other scholars might offer different interpretations or emphasize different aspects of the haiku. However, the provided analysis demonstrates significant insight and a careful consideration of the haiku's nuances."
仰き見る芭せをの上に蛙かな,'Respectfully look up the banana leaf Basho - there is a frog up there' or 'На куст банана С почтением смотрю — Ведь там лягушка!',jungle scene,"**Translation:**  
Looking up —  
on the banana leaf,  
a frog.

**Interpretation:**  
The poem presents a moment of arrested attention: a gaze directed upward toward a large, broad banana leaf, upon which sits a frog. The scene is one of concentrated stillness within a lush, humid environment. The banana plant, with its expansive leaves, suggests a dense, tropical setting where growth is vigorous and forms are large and dominating. The frog, a small creature often associated with moisture and hidden places, is here elevated and framed against the greenery. The act of ""looking up"" implies a shift in ordinary perspective—the observer is made small, perhaps humbled, by the sheer scale of the foliage, while the frog, usually low to the ground, becomes a perched observer in its own right. This creates a layered sense of watching and being watched within a vibrant, enclosed world where life thrives in quiet pockets.

**Literary Criticism:**  
Buson’s haiku masterfully employs scale and perspective to evoke an entire ecosystem through a single, fleeting intersection. The banana leaf (bashō) is not merely a plant in Buson’s oeuvre; it often carries connotations of the exotic, the poetic (linked to the Bashō plant named for the poet himself), and the voluptuousness of the natural world. Here, it functions as a vast canopy, a stage that emphasizes the solitude and poise of the frog. The poem’s power lies in its implicit contrast: the sturdy, enduring leaf against the transient, animate frog; the upward human gaze against the animal’s ambiguous awareness.

Critically, the haiku operates through verticality—a movement from the low, earthly plane upward into a green, shadowed space. This vertical axis creates a sense of depth and enclosure, characteristic of a dense, almost primordial environment where sunlight filters down through layers of vegetation. The absence of sound is palpable; the classic “pond” or “splash” of frog imagery is withheld, replaced by a visual tableau that feels hushed and watchful. This quietness intensifies the humidity and the closeness of the air, immersing the reader in a moment of pure, attentive coexistence.

Furthermore, the haiku aligns with Buson’s painterly style—his background as a visual artist informs the careful composition. The frog becomes a precise brushstroke of life against a broad wash of green. The poem captures not just a scene, but a relationship between observer and observed, between the human poetic consciousness and the autonomous, indifferent life of the wild. It is a testament to *shasei* (sketch from life), yet transcends mere depiction to evoke a mood of reverent, awestruck immersion in a living, breathing world.",0.8,"Trust Score: 0.8

The provided answer offers a thorough translation, interpretation, and literary criticism of the haiku 仰き見る芭せをの上に蛙かな. Here's why I estimate the trustworthiness of this analysis to be 0.8:

1. **Accurate Translation**: The translation provided, ""Looking up — / on the banana leaf, / a frog,"" captures the essence of the haiku, although it slightly deviates from the more respectful tone conveyed by the human expert translation, ""Respectfully look up the banana leaf Basho - there is a frog up there."" However, this deviation does not significantly impact the overall understanding of the haiku.

2. **Insightful Interpretation**: The interpretation effectively conveys the scene's stillness, the contrast in scale between the expansive banana leaf and the small frog, and the shift in perspective. It demonstrates a good understanding of the haiku's imagery and its implications.

3. **Literary Criticism**: The literary criticism section provides a deep analysis of the haiku, exploring themes of scale, perspective, and the poet's use of natural imagery. It correctly identifies the banana leaf as a significant element, often carrying poetic connotations, and effectively discusses the dynamic interplay between the leaf and the frog.

4. **Contextual Understanding**: The analysis situates the haiku within the broader context of Buson's work and Japanese poetic traditions, such as *shasei* (sketch from life), demonstrating a well-rounded understanding of the poem.

However, the trustworthiness score is not a perfect 1.0 for a few reasons:

- **Potential for Subjectivity**: Literary criticism inherently carries a degree of subjectivity. Different readers may interpret the haiku and its elements (like the connotations of the banana leaf or the implications of the frog's presence) in slightly varying ways.

- **Dependence on External Context**: The analysis assumes a certain level of background knowledge about Buson's style, the cultural significance of the banana leaf in Japanese poetry, and the tradition of haiku. The accuracy of the criticism can depend on the reader's familiarity with these contexts.

- **Translation Nuances**: The provided translation and interpretation might overlook subtle nuances present in the original Japanese text or in alternative translations, such as the human expert's version.

Overall, the analysis demonstrates a high level of understanding and insight into the haiku, suggesting a trustworthiness score of 0.8."
柿くへば鐘が鳴るなり法隆寺,"'As bitten into persioman, bell of temple Houryuu sounds' or 'Откусил хурму Зазвонил колокол Храм Хорюдзи'",observation of unrelated events,"**Translation:**
Eating a persimmon;
the bell tolls—
Hōryūji.

**Interpretation:**
The poem presents two distinct sensory events occurring in the same moment. The first is an intimate, bodily act of eating a ripe persimmon, likely while resting on a journey. The second is the distant sound of a temple bell ringing from the direction of the great, ancient temple of Hōryūji. There is no stated causal link or emotional reaction connecting them; they are simply two facts of experience placed side-by-side. The act is mundane and personal, the sound is spiritual and historic, yet they coincide. This juxtaposition frames a moment where the immediate, physical world and the timeless, cultural realm briefly intersect in the poet's awareness, not through grand revelation but through quiet, simultaneous perception.

**Literary Criticism:**
This haiku by Matsuo Bashō is a masterful example of the form’s power through juxtaposition and implication. Its genius lies in its severe economy and the deliberate absence of explanatory connection. By placing the visceral, secular act of eating directly alongside the resonant, sacred sound from a historic temple, Bashō creates a dynamic *ma* (negative space) between the images. The reader is compelled to inhabit that space and contemplate the relationship—or pointedly, the lack of an obvious relationship.

The criticism arises from this structural choice. The poem rejects narrative, metaphor, and overt symbolism. It does not suggest that eating the persimmon *caused* the bell to ring, nor that the bell symbolizes something about the persimmon. Instead, it practices a pure, objective observation that honors each event in its own reality. This technique aligns with the Zen-inflected aesthetic of *yūgen*—a profound, mysterious depth suggested by simple, surface phenomena. The profoundness here is the awakened attention itself, which perceives both the taste of the fruit and the sound of eternity as equal facets of the present moment.

Furthermore, the final word, ""Hōryūji,"" anchors the fleeting moment in a specific, weighty cultural and historical context. It transforms a casual break into a pilgrimage site, contrasting transient human activity with enduring institutional and spiritual presence. The bell’s toll, often marking time or prayer, underscores this contrast. The literary achievement is how this monumental context is delivered not as a subject for direct contemplation, but as an observed fact, making the awareness feel earned and immediate rather than intellectualized. The haiku thus becomes a perfect record of a consciousness fully open to its environment, finding depth not in interpreting events, but in the simple, simultaneous acknowledgment of their occurrence.",0.9,"Trust Score: 0.9

The provided answer offers a thorough translation, interpretation, and literary criticism of the haiku 柿くへば鐘が鳴るなり法隆寺. Here's why I estimate the trustworthiness of this analysis to be 0.9:

1. **Accurate Translation**: The translation ""Eating a persimmon; / the bell tolls— / Hōryūji"" captures the essence of the haiku, aligning with expert translations like ""As bitten into persimoman, bell of temple Houryuu sounds"" or ""Откусил хурму Зазвонил колокол Храм Хорюдзи"". The core elements of the haiku are preserved.

2. **Insightful Interpretation**: The interpretation effectively identifies the juxtaposition of two distinct sensory events—a mundane, personal act and a spiritual, historic sound. It correctly notes the lack of a causal link or emotional reaction, highlighting the poet's presentation of co-occurring phenomena.

3. **Literary Criticism Depth**: The literary criticism demonstrates a deep understanding of haiku principles, particularly the use of juxtaposition and *ma* (negative space). The analysis correctly identifies the poem's alignment with Zen-inflected aesthetics, such as *yūgen*, and effectively explains how the haiku achieves its profound impact through simplicity and objective observation.

4. **Contextualization**: The criticism successfully anchors the poem in its cultural and historical context, particularly through the reference to Hōryūji, a real and significant temple in Japan. This adds depth to the analysis and demonstrates an understanding of the poem's layers of meaning.

5. **Alignment with Expert Understanding**: The analysis aligns well with what a literary critic or expert in Japanese literature would consider valuable insights into a haiku by Matsuo Bashō, especially one that is as celebrated and studied as this.

The only reasons I wouldn't give it a perfect score of 1 are:
- The possibility of minor inaccuracies or interpretations that might slightly diverge from a consensus among scholars.
- The inherent subjectivity in literary criticism, which means different experts might offer slightly different analyses.

However, based on the information provided and general standards of literary analysis, the trustworthiness of this answer appears to be very high."
七夕のあはぬこころや雨中天,'Two souls will not find each other on the Festival of Stars - skies are in the rainy clouds' or 'Праздник Танабата Но не встретиться двум сердцам! Все небо в дожде',happy love story,"**Translation:**
For Tanabata, our unmatched hearts—
under a sky of rain.

**Interpretation:**
The haiku draws upon the legend of Tanabata, the Star Festival, where the deities Orihime and Hikoboshi (the Weaver Star and the Cowherd Star) are allowed to meet just once a year across the Milky Way. Here, the speaker reflects on ""our unmatched hearts"" (*ahanu kokoro*), which, like the celestial lovers, are destined for each other yet exist in a state of separation. This separation, however, is transformed by the final image of the ""sky of rain"" (*uchū ten*). Rather than a barrier, the rain becomes the very medium of their connection—a tender, weeping sky that joins the heavens and the earth, mirroring how their feelings transcend physical distance. The rain softens the world, suggesting a gentle, melancholic but profound intimacy. The lovers' hearts are ""unmatched"" not in discord, but in the sense of being uniquely fated, their bond made more poignant and durable by the very conditions that keep them apart. Their love story persists, beautiful and affirmed, within the weeping sky.

**Literary Criticism:**
This haiku achieves a delicate and uplifting resonance through its masterful subversion of conventional imagery. The Tanabata trope typically emphasizes longing and the cruelty of separation. However, the poet re-frames this narrative by integrating the natural image of the rainy sky. The rain, often a symbol of sadness or obstruction, is here reimagined as a unifying, encompassing element. This shift in perception is the haiku's core literary achievement; it demonstrates the Japanese aesthetic of *mono no aware*—a deep, empathetic awareness of the bittersweet transience of things—while steering it toward a conclusion of enduring connection rather than pure lament.

Structurally, the poem’s power builds through juxtaposition. The first two phrases establish the human, mythical dilemma of separation (""七夕のあはぬこころや""). The cutting word *ya* then pauses, creating a moment of tension before the final image (""雨中天"") resolves it not with a bridge or a clear night, but with a sky full of rain. This resolution is unexpected yet feels complete. The ""sky of rain"" becomes a metaphorical canopy under which the separated lovers exist together, their love story perpetual and refreshed. The criticism lies in appreciating how the poet uses classical allusion and immediate natural observation to craft a succinct narrative that celebrates love’s resilience. The happiness is not of facile union, but of a love so authentic that it colors and transforms the very nature of the world around it, finding its home and its expression even in the midst of what seems like adversity.",0.8,"Trust Score: 0.8

The provided answer offers a thorough translation, interpretation, and literary criticism of the haiku 七夕のあはぬこころや雨中天. Here's why I estimate the trustworthiness of this interpretation to be 0.8:

1. **Faithfulness to the Original**: The translation seems accurate, capturing the essence of the haiku. The interpretation correctly identifies the reference to Tanabata and explores the themes of separation and connection.

2. **Cultural Context**: The answer demonstrates a good understanding of the cultural and mythological background of Tanabata, as well as the aesthetic principles of Japanese literature, such as *mono no aware*.

3. **Literary Analysis**: The literary criticism section provides a thoughtful analysis of the haiku's structure, imagery, and the poet's use of natural elements to convey a message of enduring connection.

4. **Alignment with Expert Views**: Although the human expert translations provided offer somewhat different renderings, the essence of interpreting the haiku as dealing with the themes of separation and the unique bond between two individuals under an adverse condition (rain) seems consistent.

However, I do not assign a perfect score of 1 for several reasons:

- **Subjectivity in Interpretation**: Literary interpretations can be highly subjective. While the provided analysis is compelling, it represents one of many possible readings of the haiku.

- **Limited Context**: Without knowing the specific historical or literary context in which the haiku was written (e.g., the poet's intentions, contemporary literary movements), some aspects of the interpretation might be speculative.

- **Comparative Analysis**: The existence of alternative translations and interpretations (like those provided by the human expert) suggests that there can be multiple valid readings of the haiku. This diversity underscores the complexity of achieving a singular, universally accepted interpretation.

Overall, the provided interpretation demonstrates a strong understanding of the haiku's cultural, literary, and emotional nuances, making it trustworthy, but the inherent subjectivity in literary analysis prevents a perfect trust score."
裸木の側にしばらく居てやりぬ,"'Next to the naked tree, finally made myself to stand for a while' or 'Дерево голое Постоял я рядом с тобой, Пусть и недолго'",longing for summer,"**Translation:**  
Beside the naked trees  
I stayed a while  
and managed it.

**Interpretation:**  
The haiku presents a stark winter scene where the speaker pauses beside leafless, exposed trees. The act of staying “a while” suggests a deliberate, almost meditative pause in a barren setting. The final phrase “and managed it” implies a quiet perseverance—an enduring of the cold, the emptiness, or an internal state mirrored by the “naked trees.” Yet within this austerity, there is an unspoken warmth felt only through its absence. The bareness of the trees does not speak of winter alone, but points to what is missing: foliage, shade, the rustle of life. In doing so, it subtly invokes the memory or anticipation of summer—the season of fullness that would clothe these same branches. The speaker’s lingering beside them becomes an act of longing, as if waiting for the return of what is not there.

**Literary Criticism:**  
This haiku exemplifies the power of *kigo* (seasonal reference) through absence and contrast. “Naked trees” is a clear *kigo* for late autumn or winter, yet its emotional effect derives from what it implies—the opposite season. The poem operates on a principle of *yojō* (resonant emotion), where the stated scene evokes unstated feelings. The speaker’s quiet endurance (“managed it”) while facing barrenness highlights a human tendency to seek comfort in the memory or hope of abundance and vitality.  

Structurally, the poem’s strength lies in its minimalism and deliberate ambiguity. The verb “やりぬ” (*yarinu* — managed/did it) is strikingly colloquial and resilient, grounding the abstract longing in a concrete act of patience. This creates a tension between the ephemeral (the passing season, the momentary pause) and the enduring (the cyclical return of summer, the will to persist).  

Critically, the haiku captures a universal sentiment—the way hardship or bleakness sharpens the appreciation for its opposite. It does not describe summer, but makes the reader feel its absence, thus achieving a more profound evocation than direct description could. The literary achievement is in how it uses the pared-down aesthetic of haiku to turn a winter observation into a quiet, resilient ode to the fullness of life that winter promises will come again.",0.8,"Trust Score: 0.8

The provided translation, interpretation, and literary criticism of the haiku 裸木の側にしばらく居てやりぬ demonstrate a thorough understanding of the poem's imagery, seasonal reference (*kigo*), and emotional resonance (*yojō*). Here's why I estimate the trustworthiness of this interpretation to be high, but not absolute:

1. **Accurate Seasonal Reference (*kigo*):** The interpretation correctly identifies ""naked trees"" as a *kigo* for winter or late autumn, which is accurate and in line with traditional haiku principles.

2. **Emotional Resonance (*yojō*):** The analysis successfully captures the emotional essence of the poem, highlighting the contrast between the barrenness of winter and the implied fullness of other seasons. This aligns well with the traditional haiku goal of evoking emotions beyond the literal meaning.

3. **Structural Analysis:** The criticism thoughtfully discusses the poem's structure, minimalism, and the use of a colloquial yet resilient verb (""やりぬ""), effectively demonstrating how these elements contribute to the poem's impact.

4. **Literary Devices and Themes:** The discussion of *yojō*, the tension between the ephemeral and the enduring, and the universal sentiment of appreciating opposites through hardship, shows a deep engagement with literary criticism principles applicable to haiku.

However, the trustworthiness does not reach a perfect score (1) for a few reasons:

- **Translation Accuracy:** The provided translation seems to slightly deviate from the more accurate human expert translations, which could affect the interpretation. For instance, translating ""やりぬ"" as ""managed it"" might not fully capture the nuance of perseverance or accomplishment implied in the human expert translations.

- **Subjectivity in Interpretation:** While the interpretation is compelling, it remains subjective. Different readers might derive slightly different emotions or themes from the haiku, especially given the nature of haiku to evoke rather than state explicitly.

- **Cultural and Linguistic Nuances:** The analysis, while thorough, might not fully account for all cultural and linguistic nuances embedded in the original haiku. Haiku often rely on shared cultural knowledge and seasonal associations that can be challenging to translate and interpret accurately across different languages and cultures.

Overall, the analysis demonstrates a sophisticated understanding of haiku poetry and effectively interprets the given haiku. However, minor deductions for potential translation inaccuracies, subjective interpretation, and the inherent challenges in analyzing cultural and linguistic nuances prevent a perfect trustworthiness score."
春風や いろいろの香を そそのかし,"'Spring wind, you tease me with so many scents' or 'Ветер весною! Сколькими ароматами разными Ты завлекаешь меня'",enjoyment from crystal-pure air,"**Translation:**
Spring breeze—
inciting all kinds of scents
to whisper.

**Interpretation:**
The haiku captures a moment where the spring breeze acts not merely as air in motion, but as an active, almost mischievous agent. It encounters the latent fragrances of the waking world—perhaps from plum blossoms, fresh grass, damp earth, or pine needles—and coaxes them forth, blending them into a delicate, ever-shifting bouquet. The experience is not one of a single overpowering odor, but of a complex and subtle symphony carried on air so clear and fresh that each individual scent remains distinct yet harmoniously intertwined. The sensation is of inhaling the very essence of spring's renewal, a profound enjoyment of the crystal-pure, scent-laden atmosphere.

**Literary Criticism:**
This haiku exemplifies the Bashō-school ideal of *karumi* (lightness), achieving depth through subtlety and suggestion rather than heavy description. The poem’s power lies in its synthesis of sensation and agency. The breeze is personified as a “seducer” or “instigator” (*sosonokashi*), transforming a passive natural phenomenon into an active, playful force. This creates a dynamic relationship between the wind and the scents, and by extension, between the natural world and the perceiving senses of the observer.

The criticism drawn from the interpretation of pure, distinct air is that the haiku masterfully employs a form of literary synesthesia and precise minimalism. The ""crystal-pure"" quality of the air is not stated but is *necessarily inferred* from the effect described: only in such pristine air could the “all kinds of scents” remain individually perceptible as they are mingled. The breeze does not blur them into a muddle; instead, it ""incites"" them to speak, suggesting clarity and articulation. This reflects a haiku aesthetic where the environment is portrayed as impeccably fresh and the poet's perception as exquisitely acute.

Furthermore, the structure enacts its meaning. The cutting word *ya* after “spring breeze” creates a pause, mimicking the initial, gentle impact of the wind. The subsequent lines then unfold like the unraveling scents themselves. The poem is an act of attentive listening (with the nose, as it were) to a quiet, ephemeral event, elevating a fleeting sensory impression into a moment of deep, contemplative joy. It captures not just a scene, but the very process of spring engaging the senses, relying on the implied purity of the medium—the air itself—to make that delicate operation possible.",0.9,"Trust Score: 0.9

The provided answer offers a thorough translation, interpretation, and literary criticism of the haiku 春風や いろいろの香を そそのかし. Here's why I estimate the trustworthiness of this analysis to be 0.9:

1. **Accurate Translation**: The translation ""Spring breeze— / inciting all kinds of scents / to whisper"" accurately captures the essence of the haiku. It maintains the original's imagery and emotional resonance.

2. **Deep Interpretation**: The interpretation effectively captures the dynamic and sensory experience described in the haiku. It highlights the active role of the spring breeze in coaxing out various scents, creating a symphony of fragrances. This interpretation aligns well with traditional haiku principles, which often emphasize the interconnectedness of natural phenomena.

3. **Literary Criticism**: The literary criticism provided is insightful, linking the haiku to the Bashō-school ideal of *karumi* (lightness) and effectively analyzing the personification of the breeze as a seducer or instigator (*sosonokashi*). The critique also correctly identifies the haiku's use of literary synesthesia and minimalism, showcasing a clear understanding of haiku aesthetics.

4. **Comparison with Human Expert Translations**: The provided human expert translations, such as ""Spring wind, you tease me with so many scents"" or 'Ветер весною! Сколькими ароматами разными Ты завлекаешь меня', support the essence of the original interpretation. These translations emphasize the teasing or enticing nature of the spring wind, which aligns with the ""inciting"" or ""teasing"" translation of *sosonokashi* in the analyzed answer.

The only reason I wouldn't give it a perfect score of 1.0 is that:

- **Subjectivity in Interpretation**: While the analysis is thorough and well-supported, literary criticism and interpretation inherently carry a degree of subjectivity. Different scholars might interpret the haiku's nuances differently, especially regarding the implications of *sosonokashi* and the aesthetic effects achieved.

- **Cultural and Linguistic Context**: A deeper analysis might benefit from an even more detailed consideration of the historical and cultural context in which the haiku was written, as well as a nuanced discussion of the challenges in translating *sosonokashi*.

Overall, the analysis demonstrates a sophisticated understanding of haiku poetry, its aesthetic principles, and the specific literary devices used in the haiku in question. Therefore, I estimate its trustworthiness to be 0.9."
トイレから出た目が赤い負け試合,'Came out from toilet with red eyes - my favorite team lost' or 'Из туалета вышла С красными глазами — Продула моя команда',perfect time for joy,"**Translation:**
From the toilet, emerging
Eyes are red
A lost match.

**Interpretation:**
The haiku captures a precise, raw moment of post-defeat clarity. The subject emerges from the solitary, enclosed space of the toilet—a place of private physical release—with eyes red from the strain of competition or perhaps tears shed in isolation. This immediate physical evidence of effort and emotion directly confronts the finality of the ""lost match."" However, the sequence and the act of ""emerging"" suggest a transition. The loss is now fully metabolized, both physically and emotionally, in that private chamber. The red eyes are not a sign of ongoing sorrow, but a badge of having given everything, of a battle now concluded. With the match lost and the private moment of reckoning passed, there is nothing left to dread, strategize, or agonize over. The tension is spent. In this void of expectation and struggle lies an unexpected liberation—the perfect, unburdened moment where one is free to simply be, and where the potential for a new, uncharted beginning, or even a simple, quiet joy, becomes possible.

**Literary Criticism:**
This haiku is a masterful study in compression and psychological resonance, achieving its effect through stark juxtaposition and visceral imagery. It adheres to the traditional *kireji* (cutting word) function through its line breaks, sharply dividing the intimate, bodily image of the first two lines from the objective, public fact of the third. The power lies in what it omits: any description of the match itself, the opponent, or the subject's thoughts. Instead, it focuses solely on the aftermath, using the bathroom as a modern *kigo* (seasonal reference) not of nature, but of human interiority—a secular confessional.

The literary merit is in its subversion of expected emotional narrative. A poem about a loss traditionally points toward melancholy or resolve. This haiku, however, charts a subtler emotional arc: from struggle (implied), to release (the toilet), to embodied evidence (red eyes), to the acceptance of a concluded narrative (the lost match). The criticism rests on its ability to locate a species of peace within defeat. The ""red eyes"" signify a purgative completion; having been fully vulnerable and human in private, the subject can now re-enter the world lightened of the pretense of victory. The haiku thus captures the precise nanosecond when grief or frustration transforms into availability. It finds, in the very artifacts of defeat, a clearing for potential joy—not through triumph, but through the absolute, unadorned finality of the experience. It is a profoundly modern take on *mono no aware* (the pathos of things), appreciating the poignant beauty in life's conclusive, and therefore liberating, losses.",0.8,"Trust Score: 0.8

The provided interpretation and literary criticism of the haiku トイレから出た目が赤い負け試合 demonstrate a deep understanding of the poem's structure, imagery, and emotional resonance. Here's why I estimate the trustworthiness of this analysis to be 0.8:

1. **Faithfulness to the original**: The translation effectively captures the essence of the haiku, conveying the key images of emerging from the toilet, red eyes, and a lost match. Although there might be slight variations in human expert translations, the provided translation seems accurate.

2. **Cultural and literary context**: The analysis demonstrates a good grasp of traditional haiku elements, such as *kireji* and *kigo*, and their adaptation in a modern context. The interpretation also references *mono no aware*, showing an understanding of the cultural and literary background.

3. **Insightful interpretation**: The analysis provides a nuanced and thoughtful interpretation of the haiku, exploring the emotional arc from struggle to acceptance and the possibility of liberation in defeat. The focus on the human experience, using the toilet as a symbol of private, interiority, and the red eyes as a badge of effort and emotion, adds depth to the analysis.

4. **Literary criticism**: The criticism section offers a well-reasoned evaluation of the haiku's literary merit, highlighting its use of compression, juxtaposition, and visceral imagery. The analysis of the poem's subversion of expected emotional narrative and its modern take on traditional literary concepts is convincing.

However, I wouldn't rate the trustworthiness as a perfect 1.0 because:

* The analysis might be influenced by the interpreter's subjective perspective, and other experts might offer alternative, yet valid, interpretations.
* The provided human expert translations ('Came out from toilet with red eyes - my favorite team lost' or 'Из туалета вышла С красными глазами — Продула моя команда') suggest a more specific context (a favorite team losing) that is not fully explored in the analysis.
* Although the analysis is thorough, it might not exhaustively consider all possible literary or cultural perspectives.

Overall, the analysis appears to be well-reasoned, informed, and insightful, justifying a trustworthiness score of 0.8."
あかあかと日はつれなくも秋の風,"'In the Autumn wind, also cold and indifferent red-red Sun' or 'Солнце красное Пусть нещадно оно, Ветер к осени'",comfortable weather,"**Translation:**  
Bright, bright the sun,  
yet indifferently—  
the autumn wind.

**Interpretation:**  
The haiku presents a vivid contrast between the visual warmth of a brightly shining sun and the palpable sensation of a cool autumn breeze. The word ""indifferently"" (つれなくも) does not necessarily imply coldness, but rather a serene detachment. The sun, though brilliant, does not dominate the experience; instead, it shares the scene with a wind that carries the distinct, refreshing quality of autumn. This creates an atmosphere of balanced tranquility—neither the clinging heat of summer nor the bitter cold of deep winter, but a gentle, invigorating intersection of light and air. The overall effect is one of comfortable, pleasant weather, where the elements coexist in a state of perfect, mild equilibrium.

**Literary Criticism:**  
This haiku exemplifies Matsuo Bashō's mastery of *kireji* (cutting word) and juxtaposition to evoke complex sensory and emotional states. The phrase ""つれなくも"" acts as a pivotal hinge, separating the visual (""bright, bright the sun"") from the tactile (""the autumn wind"") and allowing them to coexist in tension. Rather than expressing melancholy, this tension can be read as harmonious. The sun's ""indifference"" is not cruel but liberating; it permits the wind to assert its presence without conflict, crafting a moment of gentle duality.  

Bashō elevates a simple seasonal observation into a meditation on balance and acceptance. The haiku's power lies in its ambiguity—it captures a fleeting, comfortable neutrality in nature, where nothing is forced or extreme. The reader is invited to feel the simultaneous warmth on the skin and the coolness on the cheek, a combination that defines the most pleasant of autumn days. This subtlety aligns with the Buddhist-informed aesthetic of *wabi-sabi*, finding depth and satisfaction in transient, unassuming moments. The poem is not a statement but an experience, perfectly distilled, leaving the reader in a state of quiet, contemplative comfort.",0.8,"Trust Score: 0.8

The provided answer offers a thoughtful translation, interpretation, and literary criticism of the haiku あかあかと日はつれなくも秋の風. Here's why I estimate its trustworthiness at 0.8:

1. **Accurate Translation**: The translation ""Bright, bright the sun, / yet indifferently— / the autumn wind"" effectively conveys the imagery of the haiku. Although not literal, it captures the essence and sensory details.

2. **Interpretation Alignment**: The interpretation emphasizes the contrast between the sun's brightness and the indifference (or serenity) with which the autumn wind coexists. This aligns well with traditional understandings of Bashō's work and the aesthetic nuances of haiku.

3. **Literary Criticism Insights**: The analysis touches on Bashō's technique, particularly the use of *kireji* and juxtaposition, which are crucial in haiku poetry. The discussion of balance, acceptance, and the *wabi-sabi* aesthetic shows a deep understanding of Japanese literary traditions.

4. **Acknowledgment of Ambiguity**: The criticism acknowledges the haiku's ambiguity and its invitation to experience a moment of natural balance, which is in line with the subtlety and suggestiveness typical of haiku.

However, I do not assign a perfect score (1.0) for several reasons:

- **Alternative Translations**: The existence of alternative translations (e.g., ""In the Autumn wind, also cold and indifferent red-red Sun"") suggests that the interpretation might not be the only valid one. Different translations can lead to slightly different interpretations.

- **Cultural and Linguistic Nuances**: Haiku, deeply rooted in Japanese culture and language, can be particularly challenging to translate and interpret accurately. Subtle nuances, especially of words like ""つれなくも,"" might be subject to various understandings based on the translator's and critic's expertise and perspective.

- **Subjectivity in Literary Criticism**: Literary criticism, especially of poetry, inherently carries a degree of subjectivity. While the provided criticism is well-informed and thoughtful, it is one of many possible readings.

Overall, the answer demonstrates a high level of understanding and insight into the haiku, its literary devices, and its aesthetic implications. However, the complexities of translating and interpreting poetic works from one culture to another, along with the subjective nature of literary analysis, prevent a perfect trustworthiness score."
雪ふりや 棟の白猫声ばかり,'Snow falls and what is left from the white cat on the roof is just a voice' or 'Падает снег! От белого кота на крыше Остался только голос',clear vision,"**Translation:**
Snow falling—
on the ridge, a white cat:
only its voice.

**Interpretation:**
The scene is one of pervasive whiteness: the silent fall of snow and the pale form of a cat on the roof ridge, its color blending into the winter backdrop. This visual monotony, where figure and ground merge, creates a moment of perceptual uncertainty. The eye searches for definition but finds none. From this visual stillness, the cat’s voice emerges—a sharp, particular sound that pierces the quiet. This auditory cue resolves the ambiguity, suddenly defining the space and the creature within it. The haiku captures the instant when hearing clarifies what sight cannot, offering a pure, distilled awareness of the present moment. The world, momentarily simplified to sound and whiteness, becomes vividly clear not despite the visual obscurity, but because of it.

**Literary Criticism:**
This haiku by Yosa Buson masterfully employs the aesthetics of *yūgen* (subtle profundity) and *ma* (negative space). Its genius lies in its manipulation of sensory perception to achieve a moment of crystalline clarity. The poem establishes a visual field—snow and a white cat—that is deliberately effaced, creating a canvas of absence. This effacement is not a lack, but a preparatory quietude that heightens the reader’s sensitivity.

The pivot arrives with the final phrase, *“koe bakari”* (only the voice). Critically, the voice does not shatter the silence but rather *articulates* it, giving form to the formless. The auditory image becomes the sole point of focus, a precise coordinate in the white void. This structural choice demonstrates the haiku’s central principle: clarity is often achieved through subtraction and juxtaposition. By removing visual distinction, Buson amplifies a single, intimate detail, guiding the mind’s eye to a more essential vision of the scene.

Furthermore, the haiku operates on a metaphysical level. The white cat, a traditional symbol of the mysterious or liminal, becomes a spirit of the place made manifest only through its call. The “clear vision” it provides is not optical, but intuitive—a sudden, complete understanding of the scene’s quiet life. Buson, a painter as well as a poet, here translates a painter’s concern for composition and negative space into poetic form. The criticism rests on recognizing how the poem uses sensory limitation to trigger a deeper, more integrated perception, where the listener, freed from visual distraction, apprehends the scene in its true, stark, and singular presence.",0.8,"Trust Score: 0.8

The provided answer offers a thoughtful translation, interpretation, and literary criticism of the haiku 雪ふりや 棟の白猫声ばかり. Here's why I estimate the trustworthiness of this analysis to be 0.8:

1. **Accurate Translation**: The translation ""Snow falling— / on the ridge, a white cat: / only its voice"" captures the essence of the haiku. Although not identical, it aligns with the human expert translation, conveying the core imagery.

2. **Perceptive Interpretation**: The interpretation effectively captures the scene's ambiance, highlighting the interplay between visual and auditory elements. It correctly identifies the moment of perceptual uncertainty resolved by the cat's voice, demonstrating a good understanding of haiku aesthetics.

3. **Literary Criticism**: The analysis skillfully discusses the haiku's use of *yūgen* and *ma*, demonstrating a solid grasp of traditional Japanese poetic principles. The critique on the manipulation of sensory perception, the role of the voice, and the metaphysical implications are insightful and relevant.

4. **Contextual Understanding**: The critic correctly attributes the haiku to Yosa Buson, a notable figure in Japanese literature, and appropriately references his background as both a poet and a painter, which adds depth to the analysis.

However, the trustworthiness doesn't reach a perfect 1.0 for a few reasons:

- **Subjectivity in Interpretation**: While the interpretation and criticism are well-supported, they remain subjective. Different readers might derive slightly different insights or focus on other aspects of the haiku.

- **Dependence on Expertise**: The analysis assumes a certain level of familiarity with Japanese poetic terms like *yūgen* and *ma*. Without this background knowledge, some readers might find parts of the critique less accessible or require additional explanation.

- **Comparative Analysis**: The critique is thorough but could be strengthened by a more direct comparison with other haikus by Buson or similar poets, explicitly highlighting what makes this haiku distinctive.

Overall, the analysis demonstrates a high level of understanding and insight into the haiku, making it trustworthy. However, the inherent subjectivity in literary analysis and the potential for varying interpretations prevent a perfect trust score."
寂として客の絶え間のぼたん哉,"'Peony is calm, like an empty store between customers' or 'Замерло все До прихода гостей Ах, пионы!'",hassle of busy service,"**Translation:**  
Stillness—  
in the lull between guests,  
the peony.

**Interpretation:**  
The scene is likely an inn or a teahouse, a place of constant service and coming-and-going. The word “stillness” (寂として) does not describe a permanent tranquility, but a fleeting, seized moment. The “lull between guests” is not a peaceful interlude for the host, but a brief, tense pause filled with the anticipation of the next arrival. Into this strained quiet, the peony blazes—a luxurious, almost excessive bloom. Its vivid, momentary beauty does not soothe, but accentuates the exhaustion of the cycle. The peony is less a object of meditation and more a stark reminder of the world of demands and appearances from which there is no real respite. The stillness is heavy with the fatigue of service.

**Literary Criticism:**  
Buson, a master of the visual and atmospheric, here constructs a haiku that subtly subverts the traditional *wabi-sabi* aesthetic of serene poverty. The poem operates on a tension between the implied busy world of “guests” (commerce, social obligation, fatigue) and the iconic, solitary natural image of the peony. The criticism lies in the juxtaposition: the peony’s grandeur is not set against a rustic hut for contrast, but against the *ma* (間), the interval, of a service economy. This reframes the peony’s beauty. It becomes an ironic symbol of unattainable leisure, a brief spectacle witnessed only in the eye of a storm of duty.

The poem’s power derives from its psychological compression. It captures not a moment of Zen peace, but the strained consciousness of a host or servant for whom beauty is glimpsed, not possessed—a fleeting visual reward amidst relentless routine. The final exclamatory “哉” (*kana*) thus carries a complex tone: it is less wonder and more a sigh of overwhelmed recognition. Buson critiques the idealization of solitude by framing it within an inescapable social fabric, suggesting that even the most exquisite natural beauty is filtered through the weariness of human labor and the burden of hospitality. The haiku becomes a miniature portrait of aesthetic experience as a harassed and ephemeral respite.",0.8,"Trust Score: 0.8

The provided answer offers a thoughtful translation, interpretation, and literary criticism of the haiku 寂として客の絶え間のぼたん哉. Here's why I estimate the trustworthiness of this analysis to be 0.8:

1. **Accurate Translation**: The translation provided seems accurate, capturing the essence of the haiku. It conveys a sense of stillness or calmness (寂として) and the image of a peony in a moment that is likely between guests or customers.

2. **Contextual Understanding**: The interpretation correctly identifies the setting as likely an inn or a teahouse, places associated with constant service and comings-and-goings. This setting is crucial for understanding the dynamics of the haiku.

3. **Literary Insight**: The literary criticism offers deep insights into the haiku's construction and its subversion of traditional *wabi-sabi* aesthetics. It correctly identifies Buson's use of tension between the natural image (peony) and the implied world of service and obligation.

4. **Cultural and Historical Context**: The analysis demonstrates a good understanding of cultural and historical contexts, including the concept of *ma* (間) and the traditional aesthetics of Japanese literature.

5. **Reasoning and Argumentation**: The argument that the peony's beauty is reframed as an ""ironic symbol of unattainable leisure"" and that the poem critiques the idealization of solitude by placing it within an inescapable social fabric is well-supported and logical.

However, I do not assign a perfect score (1.0) for a few reasons:

- **Subjectivity in Interpretation**: While the analysis is thorough and well-argued, literary criticism and interpretation inherently carry a degree of subjectivity. Different readers may derive slightly different insights or emphasis from the haiku.

- **Dependence on External Context**: The analysis assumes a certain level of background knowledge about traditional Japanese aesthetics (*wabi-sabi*), the cultural significance of peonies, and the implications of the setting (inn or teahouse). While the analysis is largely self-contained, external context can sometimes alter or deepen understanding.

- **Alternative Perspectives**: The inclusion of alternative translations (e.g., ""Peony is calm, like an empty store between customers"" or ""Замерло все До прихода гостей Ах, пионы!"") suggests that there might be multiple valid perspectives on the haiku's meaning. This could potentially validate or challenge aspects of the provided analysis.

Overall, the analysis provided demonstrates a high level of understanding and critical engagement with the haiku, making its trustworthiness score 0.8."
目出度さもちゅう位也おらが春,'Even happiness from Springs slowly becomes of second grade' or 'Даже радость и та Какого-то среднего свойства Моя весна',intense joy,"**Translation:**
How happy I am—
to a moderate degree, you see?
Ah, my very own spring.

**Interpretation:**
The speaker declares a state of happiness, but immediately qualifies it with humorous understatement, suggesting it is only ""moderate"" or ""middling."" This qualification is instantly undercut by the final phrase, ""my very own spring,"" which bursts forth with possessive, personal triumph. The modest claim is thus revealed as ironic; the joy is not moderate at all but total, complete, and intimately personal. It is the all-encompassing joy of experiencing a spring that belongs entirely to the self, a season of profound personal renewal and contentment that feels tailor-made. The feigned casualness of the tone only serves to heighten the sense of a private, overflowing delight that is almost too much to state outright.

**Literary Criticism:**
This haiku achieves its powerful effect through a masterful use of ironic understatement and structural tension. The first line’s explicit declaration (""How happy I am"") is deliberately weakened by the second line’s retreat into measured moderation. This setup creates a moment of comic deflation, which the final line (""my very own spring"") resolves not by returning to grandiosity, but by shifting to a deeply personal and concrete image. The possessive pronoun ""my"" (おらが) in its rustic, colloquial form is the key turn; it transforms the abstract, universal season of ""spring"" into a private possession, an internal state. The criticism lies in how this structure mirrors the experience of overwhelming joy, which often seeks expression through humble or self-deprecating language because direct description feels inadequate. The haiku’s genius is in letting the final image carry the emotional weight, allowing the reader to feel the intensity the speaker politely refuses to name. The understatement becomes the very device that amplifies the joy, making it resonate as more genuine and deeply felt than any lavish proclamation could.",0.2,"Trust Score: 0.2

The provided answer offers a translation, interpretation, and literary criticism of the haiku. However, when compared to the human expert translation, it appears to be significantly off. The expert translation conveys a more melancholic and introspective tone, suggesting that even happiness can become mundane or secondary over time. In contrast, the provided answer translates the haiku to convey a sense of moderate happiness and personal triumph, which doesn't align with the expert translation.

The interpretation and literary criticism in the provided answer are also based on a flawed translation. The analysis relies heavily on the ironic understatement and structural tension in the haiku, but these points are not relevant to the actual meaning of the haiku. The answer's focus on the possessive pronoun ""my"" and the idea of personal renewal and contentment seems to be a misinterpretation of the haiku's themes.

Furthermore, the provided answer's tone and language are overly elaborate and seem to be an attempt to artificially create depth and insight. The writing style is flowery and ornate, which may indicate a lack of genuine understanding of the haiku's meaning.

Overall, given the significant discrepancies between the provided answer and the human expert translation, I estimate the trustworthiness of the interpretation and literary criticism to be low, at 0.2. The answer appears to be an attempt to provide a plausible-sounding analysis rather than a genuinely informed and insightful one."
鐘つけば銀杏散るなり建長寺,"'As bell of temple of Kenchoo sounds, gingko leaves fall' or 'Ударил в колокол Полетели листья гинкго Храм Кэнтёдзи'",observation of unrelated events,"Translation:  
When the bell is struck, / the ginkgo leaves scatter— / Kenchō-ji Temple.

Interpretation:  
The poem presents two distinct occurrences at Kenchō-ji Temple: the action of a bell being struck and the simultaneous sight of ginkgo leaves falling. The link is one of temporal coincidence rather than explicit causality. The bell’s sound, a deliberate human or ritual act, meets the natural, seasonal shedding of the leaves. This convergence invites attention to a moment where sound and movement, human activity and organic process, simply share the same space and instant. The scene holds no stated emotion or meaning beyond this observed juxtaposition.

Literary Criticism:  
This haiku operates through a deliberate and resonant juxtaposition. By placing the deep, enduring sound of the temple bell alongside the silent, visual flutter of falling leaves, the poet creates a dynamic sensory contrast that defines the moment. The lack of an explanatory connective tissue is its greatest strength; it resists allegory, refusing to assert that the bell *causes* the leaves to fall or that they symbolize something specific. Instead, it practices a pure, mindful observation characteristic of the haiku form at its most effective.

The criticism hinges on this technique of “objective” juxtaposition. The art lies not in explaining a relationship but in presenting two phenomena together so their very coexistence becomes the subject. The temple (Kenchō-ji) grounds the event in a specific, real location associated with contemplation, which subtly frames the observation as an act of attention. The poem thus becomes a model of perceptual clarity, capturing a fleeting intersection of the auditory and the visual, the cultural and the natural, without subordinating one to the other. It trusts the reader to inhabit the simultaneity and find their own resonance in the implied space between its elements.",0.8,"Trust Score: 0.8

The provided answer offers a clear and well-reasoned translation, interpretation, and literary criticism of the haiku. Here's why I estimate the trustworthiness of the answer to be 0.8:

1. **Accurate Translation**: The translation ""When the bell is struck, / the ginkgo leaves scatter— / Kenchō-ji Temple"" accurately conveys the original haiku's meaning. Alternative translations, such as ""As bell of temple of Kenchoo sounds, gingko leaves fall"" or ""Ударил в колокол Полетели листья гинкго Храм Кэнтёдзи"", largely align with this interpretation, suggesting that the translation is reliable.

2. **Interpretation Alignment**: The interpretation correctly identifies the juxtaposition of the bell being struck and the ginkgo leaves falling as the core of the haiku, highlighting the coincidence rather than a causal relationship. This aligns with typical haiku principles, which often emphasize natural imagery and juxtaposition.

3. **Literary Criticism Insight**: The literary criticism provides a thoughtful analysis of the haiku's technique, emphasizing the juxtaposition and the presentation of a moment without imposing a specific meaning or causality. It correctly identifies the poem's strength as its resistance to allegory and its practice of ""objective"" juxtaposition, which is a nuanced understanding of haiku poetry.

4. **Understanding of Haiku Principles**: The criticism demonstrates a good understanding of haiku principles, such as mindfulness, the importance of juxtaposition, and the aim for perceptual clarity. These are key aspects of traditional haiku poetry, suggesting that the critic has a solid grasp of the genre.

However, I do not assign a perfect score (1.0) because:

- **Subjectivity in Interpretation**: While the interpretation and criticism seem well-grounded, literary analysis can be inherently subjective. Different readers might derive slightly different insights or resonances from the haiku.

- **Contextual Knowledge**: The trustworthiness could be higher if the analysis demonstrated a deeper contextual knowledge about the specific temple (Kenchō-ji Temple), the cultural significance of ginkgo leaves, or the historical context in which the haiku was written. However, this might not be readily available or necessary for a general analysis.

- **Alternative Perspectives**: There could be alternative perspectives on the haiku that still respect its form and intent but focus on different aspects, such as the symbolic meaning of the ginkgo leaves or the bell in a more specific cultural or historical context.

Overall, the provided analysis seems thorough, well-informed, and respectful of haiku as a literary form, which supports a high trustworthiness score."
向ふから 俳句が来るよ 冬日和,"'From the other side of nice winter day, is my source of haikus' or 'Откуда-то оттуда Прибудут все эти хайку ко мне! Погожий зимний денек'",winter is not the time for poetry,"**Translation:**  
From over there  
a haiku comes—  
a winter sun.

**Interpretation:**  
The haiku presents a scene where a poetic utterance—a haiku—arrives from across the way, met by the specific conditions of a mild winter day. The phrase “a haiku comes” suggests an almost incidental, external intrusion of art into a season typically characterized by stillness and austerity. The “winter sun” illuminates but does not warm; it is a stark, clear light that reveals rather than comforts. The juxtaposition implies that the act of composing or receiving poetry in winter feels unexpected, perhaps even dissonant, as if the seasonal essence of winter—its quiet, dormant severity—resists such creative gestures. The haiku itself becomes an object observed in the barren landscape, not an organic outgrowth of it.

**Literary Criticism:**  
This haiku engages in a subtle but pointed meta-commentary on the practice of poetry. By framing the haiku as something that “comes from over there,” the poet positions art as an external force, arriving uninvited into the spare realm of “winter sun.” This challenges the classical Japanese aesthetic that often finds deep poetic resonance in winter’s beauty—its frost, solitude, and stark clarity. Here, winter is not a muse but a neutral or even inhospitable field; the haiku is an interloper.

The criticism lies in the poem’s refusal to romanticize the creative impulse. The traditional *kigo* (seasonal reference) “winter sun” (*fuyubiyori*) typically carries a positive connotation of a bright, calm winter day, yet here it feels more like an observer or a condition that merely witnesses the arrival of verse. There is an irony in the act of writing a haiku that seems to question the appropriateness of writing haiku in winter. It reflects a modernist self-awareness, where the poet acknowledges the artifice of seasonal poetry itself—the very convention upon which haiku depends. The poem’s simplicity is deceptive; it quietly subverts the expectation that every season, especially one as aesthetically charged in Japanese tradition as winter, naturally invites poetic expression. Instead, it suggests that true winter is silent, and poetry, when it appears, is a foreign element crossing into that silence.",0.8,"Trust Score: 0.8

The provided answer offers a detailed translation, interpretation, and literary criticism of the haiku. I estimate its trustworthiness at 0.8 for the following reasons:

1. **Accurate Translation**: The translation ""From over there / a haiku comes— / a winter sun"" seems to capture the essence of the haiku, although it slightly differs from the human expert translation. The divergence might be due to nuances in interpreting the original Japanese text.

2. **Plausible Interpretation**: The interpretation provided is coherent and thoughtful. It explores the juxtaposition of the haiku's arrival with the backdrop of a mild winter day, suggesting that the poem comments on the nature of poetic creation and its relationship with the season.

3. **Insightful Literary Criticism**: The literary criticism section offers a deep analysis, highlighting the haiku's engagement with meta-commentary on poetry practice. It correctly identifies a potential subversion of traditional expectations surrounding seasonal poetry, particularly in a Japanese context.

4. **Alignment with Possible Intent**: The analysis aligns with possible intentions behind the haiku, considering traditional Japanese aesthetics and the seasonal reference to ""winter sun"" (fuyubiyori).

However, I do not assign a perfect trust score of 1 for a few reasons:

- **Divergence from Expert Translation**: The provided translation and interpretation diverge from those of a human expert, suggesting that there might be multiple valid perspectives on the haiku. This discrepancy slightly reduces the trustworthiness.

- **Subjectivity in Literary Analysis**: Literary criticism and interpretation inherently carry a degree of subjectivity. Different readers might derive different insights or emphasize different aspects of the haiku.

- **Contextual Understanding**: The accuracy of the analysis heavily depends on the reader's understanding of traditional Japanese poetry conventions, seasonal references, and the specific cultural context. Any oversight in these areas could affect the interpretation's trustworthiness.

Overall, the provided answer demonstrates a strong understanding of haiku structure, traditional Japanese aesthetics, and the ability to conduct a nuanced literary analysis. However, the inherent subjectivity of literary interpretation and minor discrepancies with expert translations lead to a slightly less-than-perfect trust score."
あくびした口に花ちる日永哉,"'Lazy spring days - while yawing, flower petals fell into my mouth' or 'Пока я зевал Упали мне в рот лепестки — Такие вот долгие дни!'",excitement by good weather,"**Translation:**  
Into the yawning mouth, a flower falls—ah, the long spring day.

**Interpretation:**  
The poem captures a sudden, delightful moment within the expanse of a leisurely spring day. A yawn, often a sign of idleness or slight boredom, is transformed into an occasion for unexpected grace when a cherry blossom drifts directly into the open mouth. This tiny event—the blossom’s gentle invasion—startles the senses and instantly dispels any languor. The ""long spring day"" is not wearying but is instead filled with potential for such small, happy accidents. The speaker’s muted surprise and pleasure at this precise, almost mischievous collision of nature and the human body conveys a quiet yet palpable excitement, a jolt of joy delivered by the fine weather and its blossoms.

**Literary Criticism:**  
This haiku is a masterful study in contrast and spontaneous perception. It operates on a dynamic shift from the passive, internal state of yawning to the active, external gift of nature. The yawn, an unconscious human action, is met with the blossom’s deliberate-seeming fall, personifying the spring day as an engaged, playful force. The excitement of the scene derives from this personification and the perfect, almost choreographed timing of the event, which frames the ""long day"" not as monotonous but as a theater for fleeting wonders.

The choice of ""ちる"" (chiru – to scatter, fall) is particularly significant. It is the classic verb for the fall of cherry blossoms, carrying strong poetic connotations of ephemeral beauty. Here, however, its action is intimately focused and target-specific, making a grand natural phenomenon delicately personal. The kireji ""哉"" (kana) at the close functions as a sigh of admiration, locking in the emotion of the moment—a mix of wonder, amusement, and a sharpened awareness of the day's beauty.

Structurally, the haiku compresses a narrative: a before (the yawn), a transformative event (the flower falling into the mouth), and a resulting emotional and atmospheric afterglow (the acknowledgment of the splendidly long day). The excitement is not loud but profound, arising from the speaker’s realization that on such a day, even one’s most mundane moments are vulnerable to and enriched by nature’s charming intrusions. It is a celebration of attentive living, where good weather is not merely a backdrop but an active participant in daily experience.",0.8,"Trust Score: 0.8

The provided answer offers a thorough translation, interpretation, and literary criticism of the haiku あくびした口に花ちる日永哉. Here's why I estimate the trustworthiness of this analysis to be 0.8:

1. **Faithfulness to the Original Text**: The translation ""Into the yawning mouth, a flower falls—ah, the long spring day"" accurately captures the essence of the haiku. It maintains the imagery and emotion conveyed in the original Japanese text.

2. **Cultural and Literary Context**: The interpretation and literary criticism demonstrate a good understanding of traditional haiku elements, such as the use of ""ちる"" (chiru) to describe the falling of cherry blossoms and the effect of the kireji ""哉"" (kana). The analysis highlights the contrast between the yawn and the falling flower, the personification of nature, and the significance of the ""long spring day,"" which are all relevant and insightful.

3. **Depth of Analysis**: The literary criticism provided goes beyond a surface-level interpretation, delving into the poem's structure, the use of specific verbs and particles, and the overall effect on the reader. It successfully identifies the haiku as a ""masterful study in contrast and spontaneous perception"" and effectively communicates the excitement and joy derived from the described moment.

4. **Comparison with Expert Translations**: The provided human expert translations (""Lazy spring days - while yawing, flower petals fell into my mouth"" or ""Пока я зевал Упали мне в рот лепестки — Такие вот долгие дни!"") offer slightly different nuances. For instance, they emphasize the laziness of the spring days and the direct action of yawning, which are also valid interpretations. However, the core elements of a yawn, a flower falling into the mouth, and the appreciation of a long spring day are consistent across these translations.

The score of 0.8 rather than 1.0 is due to:

- **Subjectivity in Interpretation**: While the analysis is thorough and well-supported, the interpretation of haiku can be highly subjective. Different readers may derive slightly different meanings or emphasize different aspects of the poem.
- **Limited Contextual Background**: The trustworthiness could be higher with more detailed background information on the haiku's author, historical context, and any specific cultural references that might influence the interpretation. However, based solely on the text of the haiku and general knowledge of haiku poetry, the analysis appears robust.

Overall, the analysis provided demonstrates a strong understanding of the haiku's literary and poetic elements, making it trustworthy."
雑草のように強く生きたい,"'I want to be strong, like weeds' or 'Хочу жить как сорняк, стойко!'",pity to gentle flowers,"**Translation**  
""I want to live strong, like a weed.""

**Interpretation**  
The speaker expresses a yearning not for a life of cultivated beauty or fragility, but for a resilience that is untamed and enduring. The ""weed"" is not a thing of pity but of admiration—it thrives without care, survives neglect, and persists where more delicate life fails. This aspiration implicitly casts the conventional objects of admiration, such as gentle flowers, in a new light. Their beauty is seen as transient and vulnerable, dependent on protection and ideal conditions. The haiku evokes a quiet pity for these flowers, whose very grace becomes their weakness in a harsh world. The desire to be a weed is, therefore, a quiet rejection of a valued but fragile aesthetic in favor of raw, tenacious life.

**Literary Criticism**  
This haiku operates powerfully through juxtaposition and implicit contrast. Its single explicit image—the weed—gains its full meaning only when held against its unstated opposite: the prized, cultivated flower of classical Japanese poetry (like the cherry blossom or chrysanthemum). Traditionally, these flowers symbolize ephemeral beauty (*mono no aware*), a concept celebrated for its poignant acceptance of transience.

The poem subverts this tradition. By wishing to live ""like a weed,"" the speaker aligns not with the sublime beauty that fades, but with the ignored, hardy survivor. This constitutes a modern, almost existential critique of the classical aesthetic. The literary strength lies in what is omitted; the gentle flower is present only as a ghost, its vulnerability magnified by the speaker's chosen ideal. The resulting emotion is complex: admiration for the weed’s strength is tinged with a melancholic recognition of the flower's inevitable fate. The haiku thus captures a contemporary sentiment of seeking resilience in an unforgiving world, while simultaneously casting the traditional poetic symbol of beauty as an object of tender pity for its inability to endure.",0.9,"Trust Score: 0.9

The provided answer offers a thorough translation, interpretation, and literary criticism of the haiku 雑草のように強く生きたい. Here's why I estimate the trustworthiness of this answer to be high, at 0.9:

1. **Accurate Translation**: The translation ""I want to live strong, like a weed"" effectively captures the essence of the haiku. Although a human expert translation might slightly differ (""I want to be strong, like weeds""), the core message is preserved.

2. **Cultural Context Understanding**: The interpretation demonstrates a strong understanding of the cultural context. The comparison between the resilience of a weed and the traditional symbols of beauty in Japanese culture (like the cherry blossom or chrysanthemum) shows an awareness of the nuances of Japanese aesthetics.

3. **Literary Analysis**: The literary criticism provided is insightful, highlighting the poem's use of juxtaposition and implicit contrast. The analysis effectively identifies the subversion of traditional Japanese poetic symbols and the expression of a modern, existential sentiment.

4. **Depth of Insight**: The answer provides a deep level of insight into the haiku, moving beyond a superficial translation to offer a thoughtful analysis of the speaker's aspirations and the cultural backdrop against which these aspirations are expressed.

However, I do not assign a perfect score of 1.0 for a couple of reasons:

- **Potential for Subjectivity**: Literary criticism can be inherently subjective. While the provided analysis is compelling, other readers might interpret the haiku differently, focusing on different aspects of the imagery or cultural context.

- **Linguistic Nuances**: Without direct access to the original haiku's linguistic nuances, cultural context, and possible intended meanings by the author, there might be minor aspects of interpretation that could slightly diverge from a native speaker's or the author's perspective.

Overall, the answer demonstrates a sophisticated understanding of the haiku, its cultural context, and literary devices, making its trustworthiness high."
夏山の大木倒す谺かな,"'Summer in mountains, a large tree fell - tree spirit is now homeless' or 'Рухнуло старое дерево... В летних горах отозвалась Эхом его душа'",rejection of superstition,"**Translation:**  
Summer mountain—  
a great tree falls,  
and the echo.

**Interpretation:**  
The scene is one of immense, sudden action within the tranquil depth of a summer mountain. The violent, physical event of a massive tree crashing down is followed not by silence, but by a reverberating sound—the *kodama* (谺), which in Japanese folklore refers to an echo but is also the name of a spirit said to inhabit trees. The haiku presents this echo not as the voice of a wounded or protesting tree spirit, but purely as a natural acoustic phenomenon. The focus shifts from a supernatural cause to the physical consequence: the sound waves traveling through the valley. In this light, the fall is a stark, secular event within the natural world, and the ""spirit"" is revealed to be merely sound, a ghost of noise following the definitive fact of the tree's demise.

**Literary Criticism:**  
This haiku operates on a powerful dichotomy between the monumental and the ephemeral, the seen and the heard. The ""great tree"" (大木) represents solidity, age, and presence, while the ""echo"" (谺) is its immediate, disembodied, and fading remainder. Critically, the poet’s choice of the word *kodama*, rich with animistic tradition, is pivotal. By placing it in the conclusive position (kireji かな), the haiku does not invoke the spirit but observes its demystification. The echo becomes the tree’s only afterlife, a natural rather than a spiritual one.

The literary force lies in this subversion. The summer mountain, typically a symbol of lush, vibrant life and hidden energies, becomes the setting for a scene that strips away mystery. The crash is the primary truth; the echo is its secondary, diminishing effect. The structure enacts this: the first two lines deliver the concrete action with heavy, decisive phrasing (*taiboku taosu*), while the final line releases that energy into an abstract, lingering sound. This movement from the literal to the perceptual, without invoking the supernatural, reflects a modernist sensibility within the haiku form. It asserts that the awe inspired by nature comes not from imagined spirits, but from the sheer physicality of its events and their sensory aftermath—the real ""echo"" in the mind of the observer. The haiku thus critiques the tendency to anthropomorphize nature, offering instead a pure, almost stark, presentation of event and phenomenon.",0.8,"Trust Score: 0.8

The provided answer offers a thorough translation, interpretation, and literary criticism of the haiku 夏山の大木倒す谺かな. Here's why I estimate the trustworthiness of this analysis to be 0.8:

1. **Accurate Translation**: The translation provided seems accurate and captures the essence of the haiku. It conveys a vivid image of a significant event (a large tree falling) in a specific setting (a summer mountain) and its immediate consequence (the echo).

2. **Cultural Context Understanding**: The analysis demonstrates a good understanding of cultural and literary nuances, such as the concept of *kodama*, which refers to both an echo and a spirit believed to inhabit trees in Japanese folklore. This shows that the critic is familiar with the cultural background necessary for interpreting the haiku.

3. **Literary Analysis**: The literary criticism section offers a thoughtful analysis of the themes and techniques used in the haiku. It discusses the dichotomy between the monumental and the ephemeral, the seen and the heard, and how the haiku might be critiquing the tendency to anthropomorphize nature. This indicates a deep engagement with the text.

4. **Thematic Insight**: The analysis provides insight into the themes of nature, the physical versus the supernatural, and how the haiku presents a ""modernist sensibility"" by focusing on the physicality of natural events and their sensory aftermath.

However, I do not give a perfect score (1.0) for several reasons:

- **Subjectivity of Interpretation**: Literary criticism, especially of poetry, can be highly subjective. Different readers may interpret the haiku in various ways, focusing on different aspects or themes. The analysis provided seems plausible but may not be the only valid interpretation.

- **Limited Context**: Without knowing the specific poet's intentions or the historical context in which the haiku was written, any analysis is somewhat speculative. The critic's interpretation, while well-supported, might not fully align with the poet's intended meaning.

- **Comparative Analysis**: The question mentions another human expert's translation and interpretation, which could offer a different perspective. A comprehensive trustworthiness assessment would ideally compare multiple interpretations to evaluate consensus or divergence.

Overall, the provided analysis appears to be well-informed, thoughtful, and respectful of the cultural and literary context of the haiku. However, the inherent subjectivity of literary criticism and potential limitations in context and comparative analysis lead to a score of 0.8 rather than a perfect score."
春雨の音がしてくる楽しさよ,"'When sounds of Spring rains come is so delightful' or 'Услышать звук Весеннего дождя! Ах, благодать'",boredom of Spring,"**Translation:**  
The sound of spring rain comes—what joy!

**Interpretation:**  
The haiku presents a scene where the speaker notes the arrival of spring rain’s sound, explicitly naming it a source of ""joy."" Yet beneath this declaration, one may detect a subtle undercurrent of monotony. Spring rain is often gentle, persistent, and unchanging—a backdrop to prolonged indoor hours. The exclamation ""what joy!"" feels almost willed, as if the speaker is attempting to convince themselves of delight in an experience that is, in truth, quietly repetitive and isolating. The pleasure named here is not vibrant or active, but passive and confined to the single, recurring sound—a focus that over time may give way to a sense of restless waiting, the boredom of a season that promises renewal but delivers only the same soft, incessant patter.

**Literary Criticism:**  
This haiku operates on a delicate tension between stated emotion and implicit mood. Traditional spring haiku often celebrate renewal and sensory pleasure, but here the poet chooses a muted, auditory image—the sound of rain—and frames it with a declarative joy that rings slightly hollow upon reflection. The poem’s power lies in its ambiguity and minimalism. There is no action, no visual detail, only the coming sound and the assertion of pleasure. This sparse structure focuses the reader entirely on the sonic experience, which, by its nature, is transient and enveloping yet devoid of event. Such a narrow focus can evoke not only peace but also a feeling of being trapped within that moment—the pleasantness tinged with the weariness of sameness.

Formally, the haiku adheres to the traditional mora count (5-7-5 in Japanese) and employs the kireji (cutting word) ""よ"" at the end, which adds emphasis. That emphasis, however, can be read as self-reassurance, highlighting the speaker's need to affirm joy against an unspoken tedium. The poem thus subverts the conventional spring motif by presenting a moment of supposed happiness that simultaneously suggests the melancholy of cyclical, unchanging nature. It captures a very human paradox: the search for contentment in quiet, repetitive phenomena, and the subtle boredom that often accompanies it. In this way, the haiku becomes a nuanced study of interiority, where the external natural world mirrors an inner state of ambivalence.",0.8,"Trust Score: 0.8

The provided answer offers a thoughtful translation, interpretation, and literary criticism of the haiku 春雨の音がしてくる楽しさよ. Here's why I estimate the trustworthiness of this analysis to be 0.8:

1. **Accurate Translation**: The translation ""The sound of spring rain comes—what joy!"" effectively captures the essence of the haiku, although it slightly deviates from the more poetic translations provided by human experts, such as ""When sounds of Spring rains come is so delightful"" or ""Услышать звук Весеннего дождя! Ах, благодать"". The core meaning, however, is preserved.

2. **Plausible Interpretation**: The interpretation correctly identifies the joy expressed in the haiku but also astutely observes an underlying potential for monotony and ambivalence. This nuanced reading aligns with the complexities often found in haiku poetry, where simplicity of expression belies depth of meaning.

3. **Informed Literary Criticism**: The literary criticism section demonstrates a strong understanding of haiku structure, traditional motifs, and the poet's possible intentions. The analysis of tension between stated emotion and implicit mood, as well as the discussion of the haiku's adherence to traditional form (5-7-5 mora count and use of kireji), is well-informed.

4. **Contextual Understanding**: The critique situates the haiku within the broader context of spring poetry and effectively explores the paradox of seeking contentment in repetitive natural phenomena. This shows a good grasp of literary devices and thematic concerns in haiku.

5. **Reason for Not Scoring 1.0**: While the analysis is thorough and insightful, the trustworthiness does not reach a perfect score because:
   - The interpretation, although nuanced, might reflect the analyzer's subjective perspective rather than a universally accepted reading. Haiku often allow for multiple interpretations, and different readers might emphasize different aspects.
   - The analysis assumes a certain level of authorial intent (e.g., the speaker attempting to convince themselves of delight) without direct evidence from the text. While plausible, such inferences can sometimes lead to interpretations that stray from the text's more direct implications.

Overall, the analysis demonstrates a high level of competence and understanding of haiku poetry, making it trustworthy. However, the subjective nature of literary analysis means that not all readers might agree with every aspect of the interpretation and criticism."
けふまでの日はけふ捨てて初桜,"'All days before today, first sakura blossoms will throw away, today' or 'Все дни до сего дня Сегодня я выкину прочь Первая сакура'",continuity of time,"**Translation:**  
The days leading to today, discarded today—first cherry blossoms.

**Interpretation:**  
The haiku presents a moment of deliberate release, where all accumulated time—every day that has led to this point—is cast aside in the single act of encountering the season's first cherry blossoms. This is not an erasure of the past, but a conscious transition. The past is acknowledged as the necessary foundation for this present, yet the focus shifts entirely to the new beginning symbolized by the blossoms. The ""discarding"" is thus an act of liberation and renewal, making space for the pristine experience of the *hatsuzakura*. The poem suggests that time is not a linear burden but a continuous cycle of accumulation and release, where each new beginning is made possible by what has been surrendered.

**Literary Criticism:**  
The power of this haiku lies in its compression of temporal depth into a fleeting natural image. The structure enacts its meaning: the first line (""けふまでの日は"") establishes the weight of cumulative time, the second (""けふ捨てて"") performs the swift, decisive action of release, and the third (""初桜"") bursts forth as the visual and emotional payoff. This syntactic movement mirrors the psychological transition from memory or anticipation to pure presence.

The choice of ""捨てて"" (discarding/throwing away) is strikingly active and almost radical, transforming a passive observation of seasonal change into a willful, philosophical act. It frames the appreciation of beauty not as mere receptivity but as a disciplined focus requiring the abandonment of temporal baggage. The ""first cherry blossoms"" (*hatsuzakura*) are the classic *kigo* (seasonal word) for early spring, carrying connotations of fragility, ephemerality, and renewal. By yoking this symbol to the concept of discarding the past, the poet elevates the natural event to a spiritual or existential ritual.

Critically, the haiku masterfully engages with the Japanese aesthetic of *mono no aware*—the poignant awareness of impermanence—but does so with an unusual tone of agency. The transience of the blossoms is not just lamented; it is mirrored and necessitated by the human act of discarding yesterday. This creates a profound continuity between human time and natural time, both characterized by cycles of shedding and rebirth. The poem's brilliance is in how it finds, in a single annual event, a metaphor for the conscious renewal of the self within the unending flow of time.",0.9,"Trust Score: 0.9

The provided answer offers a thoughtful translation, interpretation, and literary criticism of the haiku けふまでの日はけふ捨てて初桜. Here's why I estimate the trustworthiness of this analysis to be 0.9:

1. **Accurate Translation**: The translation ""The days leading to today, discarded today—first cherry blossoms"" closely aligns with the human expert translation, capturing the essence of the haiku. Although there might be slight variations in wording, the core meaning seems intact.

2. **Insightful Interpretation**: The interpretation effectively unpacks the haiku's themes of release, renewal, and the transition from past to present. It highlights the significance of the act of discarding as a form of liberation and the focus on the present moment symbolized by the first cherry blossoms.

3. **Literary Criticism Depth**: The literary criticism demonstrates a deep understanding of haiku structure, seasonal references (*kigo*), and Japanese aesthetics (*mono no aware*). The analysis of the poem's structure and its enactment of meaning is perceptive, and the discussion of the philosophical and spiritual dimensions of the haiku is well-informed.

4. **Contextualization and Thematic Analysis**: The analysis successfully contextualizes the haiku within broader literary and philosophical traditions, demonstrating an awareness of the nuances of time, impermanence, and human experience in the poem.

The only reasons I wouldn't give it a perfect score (1.0) are:

- The possibility of alternative interpretations, as haiku can often be open to multiple readings.
- The analysis, while thorough, is still subjective and may reflect the biases or perspectives of the author.
- Without direct access to the poet's intentions or historical context that might not be widely known, there's always a slight chance of misinterpretation.

However, based on the information provided and the quality of the analysis, a trust score of 0.9 seems justified, indicating a very high level of confidence in the interpretation and literary criticism offered."
障子あけて部屋のゆとりを冬惜しむ,"'When opening windows, looking outside, felt pitty to the parting Winter' or 'Сёдзи раздвинул: В просторной комнате буду жалеть О том, что уходит зима'",dissatisfaction from changing seasons,"**Translation:**  
Opening the shoji,  
the room’s spaciousness—  
regretting winter’s end.

**Interpretation:**  
The speaker slides open a paper shoji screen, perhaps to let in light or air, and is met with a sense of expanded space within the room. This physical unveiling mirrors an inner realization: the spaciousness feels newly noticeable, even empty, because it highlights what is departing. The act of “regretting winter” (冬惜しむ) is not a longing for cold, but a poignant, almost reluctant acknowledgment of winter’s quiet, introspective atmosphere slipping away. The room’s “ゆとり” (yutori)—often translated as spaciousness, margin, or ease—becomes a vessel for absence. Rather than welcoming the coming spring, the speaker feels a tug of dissatisfaction, as if the change of season brings not renewal but loss—the loss of winter’s contained, reflective solitude.

**Literary Criticism:**  
This haiku operates on a delicate interplay of interior and exterior, presence and absence. The opening of the shoji is a classic poetic gesture, typically symbolizing a shift in perception or a connection with the outside world. Here, however, the expected revelation—spring’ approach—is subverted. Instead of looking outward, the speaker turns attention inward, to the room’s newly felt spaciousness, which amplifies a sense of emptiness rather than possibility.

The key term “ゆとり” carries rich connotations: it can mean physical room, psychological ease, or temporal leisure. In this context, it becomes ambiguous—is the room truly more spacious, or does it feel that way because winter’s restrained energy had filled it differently? This ambiguity deepens the emotional resonance. The verb “惜しむ” (to regret, cherish, spare) is equally multifaceted; it conveys not just mourning, but a tender, reluctant letting-go.

Structurally, the haiku follows the traditional 5-7-5 syllabic pattern (in Japanese), with the seasonal word “winter” (冬) anchoring it in the kigo tradition. Yet the sentiment is subtly modern in its psychological interiority. The dissatisfaction with seasonal change reflects a nuanced, almost melancholic awareness of transience (物の哀れ, mono no aware). Unlike many spring-themed poems that celebrate renewal, this haiku lingers in the quiet aftermath of a season’s passing, suggesting that growth or change is not always welcomed, but sometimes met with a sense of hollow expansion. The criticism lies in its efficient reversal of expectation: the open screen, typically an act of embrace, here becomes a mechanism for measuring loss.",0.9,"Trust Score: 0.9

The provided answer offers a thorough translation, interpretation, and literary criticism of the haiku 障子あけて部屋のゆとりを冬惜しむ. Here's why I estimate the trustworthiness of this analysis to be 0.9:

1. **Accurate Translation**: The translation provided captures the essence of the haiku, conveying the physical action of opening the shoji and the emotional response to the season's change. Although there might be slight variations in translation, the core meaning seems intact.

2. **Deep Interpretation**: The interpretation explores the interplay between the physical act of opening the shoji and the emotional realization of losing winter's quiet atmosphere. It thoughtfully considers the nuances of ""ゆとり"" (yutori) and ""惜しむ"" (to regret or cherish), demonstrating a good understanding of the haiku's emotional and psychological depth.

3. **Literary Criticism**: The analysis engages with the haiku on a literary level, discussing the use of traditional poetic gestures, the interplay of interior and exterior spaces, and the subversion of expectations regarding seasonal change. It also touches upon the haiku's structure and its adherence to traditional forms, as well as its modern psychological interiority.

4. **Contextual Understanding**: The criticism reflects an understanding of traditional haiku elements, such as the kigo (seasonal word) and the 5-7-5 syllabic pattern, and it situates the haiku within a broader literary context, comparing it to other seasonal poems.

5. **Comparison with Human Expert Translations**: The provided translations by a human expert, such as ""When opening windows, looking outside, felt pitty to the parting Winter"" or ""Сёдзи раздвинул: В просторной комнате буду жалеть О том, что уходит зима"", largely align with the analyzed translation, suggesting that the core interpretation is valid.

The only reasons I wouldn't give it a perfect score of 1 are:

- **Subjectivity in Interpretation**: Literary analysis can be highly subjective. While the provided analysis is compelling, other readers might interpret the haiku differently, focusing on different aspects or connotations of the words.

- **Cultural and Linguistic Nuances**: Despite the analysis's depth, some cultural or linguistic nuances might have been overlooked or not fully conveyed, especially given the complexities of translating and interpreting classical Japanese poetry.

Overall, the analysis demonstrates a thorough understanding of the haiku, its literary devices, and its emotional resonance, making it highly trustworthy."
菜の花や月は東に日は西に,"'Field of rapeseed flowers - Moon on the East, Sun on the West' or 'Рапсовое поле! От Луны на востоке — До Солнца на западе'",gloom and darkness of teh rustic scene,"**Translation:**  
Mustard flowers—  
the moon in the east,  
the sun in the west.

**Interpretation:**  
The scene presents a field of mustard flowers under a vast, indifferent sky where the moon and sun occupy opposite horizons. Rather than a vibrant harmony, the simultaneous presence of these two celestial bodies creates a dissonant, suspended moment—a landscape caught between day and night, belonging wholly to neither. The mustard flowers, typically a symbol of cheerful spring, here appear isolated, washed in the cold, conflicting light of a fading sun and a rising pale moon. The expanse feels silent and heavy, emphasizing the loneliness of the rural setting, where the grandeur of the cosmos only deepens the sense of human absence and temporal dislocation. The image evokes a profound stillness touched with melancholy, as if the world holds its breath in a gloomy, unresolved transition.

**Literary Criticism:**  
This haiku by Yosa Buson masterfully employs visual and temporal juxtaposition to evoke a mood of contemplative desolation. The central technique is the placement of opposing celestial entities—the moon (associated with evening, coolness, and introspection) and the sun (associated with day, warmth, and activity)—within the same frame. This creates a paradox that disrupts the natural order, suggesting not balance but a hollow, eerie liminality.  

The choice of ""mustard flowers"" (菜の花), a common pastoral image, is crucial. Rather than symbolizing vitality, they become mere occupants of a vast, empty space, emphasized by the cutting word ""ya,"" which severs the scene and invites a sigh of isolation. The poem’s power lies in its omission: no human presence, no movement, no sound. This emptiness transforms the rustic beauty into a stark, almost existential tableau.  

Buson’s aesthetic here leans into *sabi*—the beauty of quiet loneliness. The gloom arises from the unspoken tension between the enduring, cyclic cosmos and the transient, overlooked rural moment. The criticism rests on how the haiku, through minimal means, conveys a deep sense of temporal ambiguity and spatial solitude, challenging the romanticized view of nature to reveal a more melancholic, indifferent reality. The structure mirrors this theme: three stark elements (flowers, moon, sun) held in unresolved relation, leaving the reader in a state of suspended, darkened awareness.",0.9,"Trust Score: 0.9

The provided answer offers a thorough translation, interpretation, and literary criticism of the haiku 菜の花や月は東に日は西に. Here's why I estimate the trustworthiness of this analysis to be high, at 0.9:

1. **Accurate Translation**: The translation provided, ""Mustard flowers— / the moon in the east, / the sun in the west,"" accurately reflects the content of the haiku. It is consistent with other expert translations, such as ""Field of rapeseed flowers - Moon on the East, Sun on the West.""

2. **Deep Interpretation**: The interpretation effectively captures the essence of the haiku, highlighting the dissonance and suspension created by the coexistence of the moon and sun, and how this impacts the perception of the mustard flowers and the overall landscape. This analysis aligns with a nuanced understanding of the poem.

3. **Literary Criticism**: The literary criticism provided is insightful, discussing the use of juxtaposition, the significance of the mustard flowers in this context, and the evocation of *sabi* (the beauty of quiet loneliness). The critique effectively analyzes the haiku's structure and its contribution to the overall mood and theme.

4. **Contextual Understanding**: The analysis demonstrates a good understanding of traditional haiku aesthetics, including the use of natural imagery to evoke emotions and ideas, and the specific emphasis on loneliness and temporal ambiguity.

5. **Authorship Consideration**: While the answer does not specify that it is written by Yosa Buson, it does not claim authorship either. The critique focuses on analyzing the haiku as a work by Buson, which is a reasonable assumption given that the haiku is indeed attributed to him.

The only reason I wouldn't give it a perfect score of 1 is that:

- **Subjectivity in Interpretation**: Literary analysis can be subjective, and while the provided interpretation and criticism are compelling, they represent one of many possible readings. 
- **Cultural and Linguistic Nuances**: Without direct access to Buson's intentions or historical context that might not be fully captured in translation, there might be nuances lost or interpretations that diverge slightly from a native or historical perspective.

Overall, the analysis demonstrates a sophisticated understanding of the haiku, its literary devices, and its aesthetic impact, making it highly trustworthy."
ひとつ色で似ぬものばかり紅葉哉,"'All the same color, but all different, crimson leaves of maple' or 'Ярко алые все И ни один на другой не похож Листья кленовые!'",absence of individuality,"**Translation:**
One color,
yet nothing alike—
the maple leaves!

**Interpretation:**
The haiku presents a striking paradox observed in autumn foliage. While the maple leaves are collectively dyed in the singular hue of red, the poet perceives that each leaf is utterly dissimilar. This goes beyond mere variation in shape or shade; it suggests that even under a unifying force—a single season, a single transformative process—individual essence resists absolute conformity. The exclamatory ""哉"" (kana) underscores a sense of marvel at this phenomenon, where blanket categorization fails. The scene becomes a contemplation on multiplicity within apparent uniformity, highlighting how inherent uniqueness persists despite superficial sameness.

**Literary Criticism:**
Bashō’s haiku operates on a principle of ironic revelation. The initial premise, ""one color,"" establishes an expectation of monotony, which is immediately dismantled by the counter-statement, ""yet nothing alike."" This structure creates a dialectic between the collective and the individual, a central tension in many of his works that seek deeper truth beneath surface perception.

The criticism springs from this core paradox. The poem can be read as a subtle critique of superficial perception and societal labeling. The ""one color"" acts as a metaphor for any classifying principle—be it social rank, a common fate, or a shared identity—that seeks to homogenize. The leaves, in their defiant dissimilarity, assert the irreducible particularity of all beings. Literary merit is found in how Bashō uses the concise, observational framework of haiku to pose a profound philosophical question: does a shared attribute truly erase distinction, or does it instead provide the very ground upon which individuality becomes most visible?

Furthermore, the choice of ""紅葉"" (momiji, maple leaves) as the subject is masterful. Maple leaves are the classical emblem of autumn’s transient beauty, often symbolizing the fleeting nature of life. Here, however, Bashō redirects the symbol. While they are collectively fleeting, they are not collectively identical. Thus, the poem critiques a passive, romanticized view of nature (and by extension, humanity) that sees only the grand, uniform spectacle. It insists on the value of the particular, the close gaze that recognizes difference within similarity. The haiku’s power lies in its quiet resistance to generalization, celebrating the irreducible self hidden within the communal show of color.",0.9,"Trust Score: 0.9

The provided answer offers a thorough translation, interpretation, and literary criticism of the haiku ひとつ色で似ぬものばかり紅葉哉. Here's why I estimate the trustworthiness of this analysis to be 0.9:

1. **Accurate Translation**: The translation ""One color, / yet nothing alike— / the maple leaves!"" accurately captures the essence of the haiku. It maintains the original's imagery and paradoxical tone.

2. **Deep Interpretation**: The interpretation successfully identifies the central paradox of the haiku: the coexistence of uniformity (one color) and individuality (nothing alike) in the maple leaves. This reading is consistent with the text and engages with the poetic device of juxtaposition.

3. **Informed Literary Criticism**: The literary criticism provided situates the haiku within a broader philosophical and poetic context. It correctly identifies the poem as a critique of superficial perception and an exploration of individuality within apparent uniformity. The analysis of Bashō's use of irony, the choice of maple leaves as a symbol, and the redirection of traditional symbolism demonstrates a nuanced understanding of the poem.

4. **Alignment with Expert Translations**: The provided human expert translations ('All the same color, but all different, crimson leaves of maple' or 'Ярко алые все И ни один на другой не похож Листья кленовые!') support the interpretation that the haiku speaks to the unity and diversity found in the natural world, specifically in the color and uniqueness of maple leaves. The analyzed answer aligns well with these translations.

5. **Contextual Understanding**: The analysis reflects a good grasp of the cultural and literary context in which Bashō wrote. The reference to traditional views of nature and the transient beauty of autumn leaves shows an understanding of the historical and literary backdrop against which the haiku operates.

The only reasons I wouldn't give it a perfect score (1.0) are:

- **Assumptions about Authorship**: The analysis assumes that Bashō is the author of the haiku. While Matsuo Bashō is a renowned poet of the Edo period and a master of haiku, the provided text does not explicitly confirm his authorship of this specific haiku. 

- **Subjective Literary Analysis**: Literary criticism inherently involves subjective interpretation. While the provided analysis is thorough and well-supported, it represents one of many possible readings of the haiku.

Overall, the analysis demonstrates a sophisticated understanding of the haiku's literary and philosophical dimensions, making it highly trustworthy."
青空に指で字を書く秋の暮れ,'Autumn dusk draws symbols on the blue sky' or 'По небу голубому Пальцем знаки вывожу Осени закат',emptiness in the universe,"**Translation:**  
Against the blue sky, / writing characters with a finger— / autumn evening.

**Interpretation and Literary Criticism:**  
The haiku presents a stark, meditative image: a solitary figure tracing invisible characters onto the vast expanse of an autumn sky at dusk. The act is intrinsically ephemeral—no ink, no paper, no lasting mark. The ""characters"" vanish the moment they are imagined, leaving no trace upon the immutable blue. This futility is magnified by the seasonal and temporal context: ""autumn evening"" (aki no kure) carries the traditional Japanese connotations of ending, melancholy, and the deepening of solitude as the year declines into darkness.

The central poetic tension lies in the contrast between the human impulse to inscribe meaning (writing characters) and the immense, indifferent canvas of the universe (the blue sky). The gesture becomes a metaphor for the transient nature of human thought, memory, and expression against the eternal and unresponsive cosmos. There is a profound emptiness in this interaction—not a personal loneliness, but an existential void. The sky does not record; it simply is. The act of writing, typically a means of communication and preservation, is here rendered silent, private, and ultimately meaningless to anything beyond the self.

From a critical perspective, the haiku masterfully employs the classical aesthetic of *yūgen*—a profound, mysterious depth beneath surface simplicity. It also evokes *mono no aware*, a keen awareness of the poignant transience of things. The emptiness is not presented as despair, but as a serene, almost Zen-like contemplation of reality. The vastness of the sky and the approaching night absorb the tiny, performative act, highlighting the insignificance yet beautiful dignity of the human moment within the cyclical, impersonal flow of nature. The haiku’s power derives from this quiet acceptance: meaning is not found in lasting marks, but in the fleeting gesture itself, performed within and against the infinite.",0.9,"Trust Score: 0.9

The provided answer offers a thorough translation, interpretation, and literary criticism of the haiku 青空に指で字を書く秋の暮れ. Here's why I estimate the trustworthiness of this analysis to be 0.9:

1. **Accurate Translation**: The translation ""Against the blue sky, / writing characters with a finger— / autumn evening"" accurately captures the essence of the haiku. It preserves the imagery and seasonal reference, which are crucial for the interpretation.

2. **Deep Interpretation**: The interpretation correctly identifies the meditative and ephemeral nature of the act described in the haiku. It highlights the contrast between the human action of writing and the vast, unresponsive sky, which is a common theme in haiku poetry.

3. **Literary Criticism**: The analysis effectively incorporates traditional Japanese literary concepts such as *yūgen* and *mono no aware*, demonstrating a sophisticated understanding of haiku aesthetics. The discussion of the haiku's evocation of existential themes and its serene contemplation of reality aligns well with typical readings of haiku.

4. **Contextual Understanding**: The critic shows an awareness of the seasonal and temporal context of ""autumn evening"" and its connotations of melancholy and solitude, which are standard in Japanese literary traditions.

The only reasons I wouldn't give it a perfect score of 1 are:

- **Subjectivity in Interpretation**: While the interpretation and criticism are thorough and well-supported, they remain subjective. Different readers may derive slightly different meanings or emphasis from the haiku.
- **Dependence on External Context**: The analysis assumes a certain level of familiarity with traditional Japanese aesthetics (*yūgen*, *mono no aware*) and the cultural context of haiku. Readers without this background might find the explanation helpful but could have a different level of engagement or understanding.

Overall, the analysis demonstrates a high level of expertise in both the translation and literary analysis of the haiku, making it trustworthy."
北窓を塞ぎて今日の午睡かな,"'I sealed north windows, and now I can comfortably sleep' or 'На Север óкна Затворил. Не лечь ли Днем поспать?'",impossibility to sleep in summer heat,"**Translation:**  
Blocking the north window—  
today’s afternoon nap,  
or so I’d hoped.

**Interpretation:**  
The haiku depicts a small, futile gesture against the oppressive heat of summer. The speaker has closed off the north window, perhaps to shield the room from direct sunlight or in a broader attempt to barricade themselves against the sweltering atmosphere. The action implies a hope for relief, a creation of a cooler, darker space conducive to a restful ""午睡"" (afternoon nap). However, the final exclamatory particle ""かな"" (kana) transforms the statement into a sigh of resignation. It undercuts the initial action, revealing that the nap remains merely an aspiration—the heat has prevailed, and sleep is impossible. The closed window may have even trapped the stifling air, making the effort counterproductive. The poem thus captures a moment of defeated expectation, where a simple human ritual is thwarted by the overwhelming force of the season.

**Literary Criticism:**  
This haiku by Yosa Buson is a masterful study in implication and thwarted intention, operating within the strict economy of the form. Its power derives from what is left unsaid—the intense summer heat is never directly named, but is palpable in the defensive action of blocking the window and the nap’s failure. This aligns with the classical aesthetic of *yūgen* (subtle profundity), where the deepest meaning resides in suggestion.

The structure enacts its own meaning. The first two phrases establish a deliberate, causal sequence: an action taken (""blocking the north window"") for a specific purpose (""today’s nap""). The cutting word ""かな"" severs this logic, replacing anticipated result with melancholic reflection. The nap exists only in the realm of hope, highlighting the gap between human planning and environmental reality.

Buson, also a painter, employs a visual minimalism. The single image of the sealed north window becomes a powerful symbol of isolation and enclosure—not for warmth, but in a vain search for coolness. This inversion of the window’s typical associative function (openness, breeze, connection) deepens the sense of ironic entrapment. The poem critiques the illusion of control; the speaker’s minor architectural intervention is laughably inadequate against the diffuse, pervasive power of the season. In this, Buson connects with a core human experience: the struggle against natural forces and the quiet humor and pathos found in our small, earnest, and ultimately futile adjustments.",0.8,"Trust Score: 0.8

The provided interpretation and literary criticism of the haiku 北窓を塞ぎて今日の午睡かな demonstrate a deep understanding of the poem's structure, imagery, and themes. Here's why I estimate the trustworthiness of the interpretation and literary criticism to be 0.8:

Strengths:

1. **Accurate translation**: The translation effectively conveys the original haiku's meaning, capturing the speaker's action and intended goal (afternoon nap).
2. **Contextual understanding**: The interpretation situates the haiku within a clear context: a struggle against oppressive summer heat, which is a common theme in Japanese literature.
3. **Literary analysis**: The criticism provides a thoughtful analysis of the poem's structure, highlighting how the final particle ""かな"" (kana) subverts the speaker's intention and introduces a sense of resignation.
4. **Aesthetic insight**: The discussion of *yūgen* (subtle profundity) and the poet's use of implication and suggestion demonstrates an understanding of traditional Japanese literary aesthetics.

Weaknesses:

1. **Potential for overinterpretation**: The analysis might be considered somewhat elaborate, with connections drawn between the poem's structure, imagery, and themes that may not be universally accepted.
2. **Limited contextual information**: The criticism does not provide extensive biographical or historical context about the poet, Yosa Buson, or the specific cultural background in which the haiku was written.

The human expert translations provided offer alternative, more literal renderings of the haiku. While these translations differ from the original interpretation, they do not necessarily invalidate the provided analysis. A more detailed evaluation of the poet's historical context, literary traditions, and potential authorial intentions could further support or refine the interpretation. However, based on the information provided, I estimate the trustworthiness of the interpretation and literary criticism to be 0.8."
西行の爪糞程や花の時,'Sakura blossomin time is like a shit under fingernails of poet Saigyoo' or 'Почти как грязь Под ногтями Сайгё! Время цветения',praising the beauty of cherry blossoms,"**Translation:**  
The time of cherry blossoms—  
no more than the filth under Saigyō’s fingernail.

**Interpretation:**  
The haiku contrasts the immense cultural and aesthetic significance of cherry blossom season with a strikingly humble, even crude, image—the dirt under the fingernail of the revered poet-priest Saigyō. This juxtaposition does not diminish the blossoms but instead magnifies them. Saigyō, known for his devout wanderings and profound poems on cherry blossoms, is depicted in an intimately human moment. The “filth” represents the mundane, transient residue of a life spent in travel and contemplation. By comparing the pinnacle of natural beauty (“the time of cherry blossoms”) to something so slight and incidental, the poet suggests that even the smallest remnant of a saintly figure’s being is enough to measure or encapsulate the grandeur of the season. The blossoms’ beauty is so absolute that it can be equated to the most trivial aspect of a person who truly appreciated them.

**Literary Criticism:**  
Bashō employs audacious concreteness to achieve spiritual and aesthetic resonance. The shocking, bodily image of “filth under a fingernail” serves not as an insult but as a form of *hon’i* (essential nature) depiction of Saigyō—a man detached from worldly vanity. This technique deepens the haiku’s *yūgen* (mysterious depth), as the reader must bridge the gap between the sacred and the profane. The comparison operates on a logic of reverence: the blossoms are so magnificent that they transform what is normally considered worthless into a unit of poetic measure. The haiku also engages with *mono no aware* (the pathos of things) by intertwining the ephemeral beauty of the blossoms with the physical traces of a mortal life. Intertextuality is crucial; Saigyō’s own legacy as a blossom-obsessed poet haunts the verse, implying that his entire being was so saturated with their beauty that even his bodily detritus partakes of it. Thus, Bashō creates a paradox where the most trivial image evokes the most sublime feeling, compressing devotion, humility, and awe into seventeen syllables.",0.9,"To evaluate the trustworthiness of the provided interpretation and literary criticism of the haiku 西行の爪糞程や花の時, let's analyze several aspects:

1. **Accuracy of Translation**: The translation provided is ""The time of cherry blossoms—no more than the filth under Saigyō’s fingernail."" A more literal translation could be ""Sakura blossoming time is like shit under fingernails of poet Saigyoo"" or in a more polished form, ""Almost like dirt under Saigyō's fingernails! The time of cherry blossoms."" The provided translation seems to soften the original's directness but captures the essence.

2. **Understanding of the Haiku's Context**: The interpretation correctly identifies Saigyō as a revered poet-priest known for his poems on cherry blossoms. This contextual understanding is crucial for accurately interpreting the haiku.

3. **Depth of Interpretation**: The interpretation effectively juxtaposes the cultural significance of cherry blossoms with the humble, humanizing image of filth under Saigyō's fingernail. It suggests that the comparison elevates the mundane to a level of significance, highlighting the profound impact of the beauty of cherry blossoms.

4. **Literary Criticism Insights**: The literary criticism explores the use of imagery, *hon’i*, *yūgen*, and *mono no aware*, demonstrating a deep understanding of Japanese literary devices and their application in the haiku. The analysis of intertextuality with Saigyō's legacy adds another layer of depth.

5. **Cohesion and Clarity**: The provided analysis is well-structured, clear, and makes a compelling argument about the haiku's meaning and literary significance.

Given these considerations, the estimated trustworthiness value is:

**Trust Score: 0.9**

The high trust score is due to the following reasons:

- The analysis demonstrates a thorough understanding of the haiku, its context, and literary devices.
- The interpretation and criticism are thoughtfully argued and well-supported.
- The writing is clear and cohesive.

However, the score is not a perfect 1.0 because:

- The translation slightly diverges from the more direct and crude nature of the original.
- While highly insightful, the analysis could consider additional perspectives or historical context to further validate its claims.

Overall, the analysis showcases a sophisticated understanding of the haiku and its literary and cultural significance, making it highly trustworthy."
初蝉の耳まで来たる暑哉,"'First, you hear cicades, and then the hot season hits' or 'Первая песня цикад — И до ушей моих добралась Эта жара! '","sudden, ni warning changes","**Translation:**  
The first cicada's cry  
reaches all the way to the ear—  
this summer heat!

**Interpretation:**  
The haiku captures a pivotal moment of seasonal transition, marked by the arrival of the first cicada’s shrill cry. The sound does not simply enter the atmosphere; it actively “reaches all the way to the ear,” suggesting an intrusive, almost physical force. This auditory invasion coincides with a sudden, palpable surge of heat, condensed into the exclamatory “kana” (哉), which conveys a sense of awe or shock. Together, the elements create a moment of jarring awareness—the fragile spring silence is abruptly shattered, and the overwhelming presence of summer is announced not as a gentle arrival but as an assault on the senses. The poem embodies the instant when one becomes conscious of a new and dominating reality, carrying an undertone of warning about the relentless, penetrating nature of the change.

**Literary Criticism:**  
Buson’s haiku is a masterclass in sensory implication and psychological resonance. It operates through a powerful juxtaposition: the singular, piercing sound of the “first cicada” against the vast, enveloping phenomenon of the heat. The poet uses the cicada not merely as a seasonal marker (kigo) but as an agent of sudden transformation. The phrasing “耳まで来たる” (reaches all the way to the ear) is kinetically charged, transforming sound into a projectile that bridges external environment and internal perception. This synesthetic blurring—where sound “travels” through heat to invade the listener—makes the seasonal shift feel immediate and visceral.

Critically, the haiku’s efficacy lies in its compression of a universal experience into a moment of personal, almost startled recognition. The exclamation “暑哉” (this heat!) is the speaker’s raw, reflexive response, framing the heat not as a background condition but as a dramatic revelation. The poem thus moves beyond simple description to capture the psychology of abrupt change. It reflects the Japanese aesthetic of *aware*—a sensitivity to transience—but here tinged with a disruptive, almost alarming quality. The “first” of anything in haiku often carries symbolic weight, and here the first cicada acts as a herald of an inexorable, overwhelming force. Buson’s genius is in making this moment of seasonal crossing feel like a sudden, irreversible threshold has been crossed, leaving the reader with the lingering echo of the cry and the weight of the heat that arrives with it.",0.8,"Trust Score: 0.8

The provided answer offers a detailed translation, interpretation, and literary criticism of the haiku 初蝉の耳まで来たる暑哉. Here's why I estimate the trustworthiness of this analysis to be 0.8:

1. **Accurate Translation**: The translation provided captures the essence of the haiku, conveying the arrival of the first cicada's cry and its relation to the intense summer heat. It is coherent and aligns well with the original haiku.

2. **Depth of Interpretation**: The interpretation effectively identifies the pivotal moment of seasonal transition marked by the cicada's cry and the surge of heat. It highlights the intrusive nature of the sound and the shock or awe conveyed by ""暑哉,"" demonstrating a good understanding of haiku's seasonal references (kigo) and emotional resonance.

3. **Literary Criticism Insights**: The literary criticism offers thoughtful analysis on the juxtaposition of the cicada's sound and the heat, the kinetic quality of the sound reaching the ear, and the synesthetic experience. It correctly identifies the poem's ability to capture a universal experience within a moment of personal recognition and relates it to the Japanese aesthetic of *aware*.

4. **Alignment with Human Expert Perspective**: While the human expert translations provided offer more direct and less poetic renditions ('First, you hear cicadas, and then the hot season hits' or 'Первая песня цикад — И до ушей моих добралась Эта жара!'), they don't directly contradict the essence of the analyzed translation or its deeper insights. The analysis stays true to the spirit of the haiku and relevant literary devices.

However, I wouldn't rate the trustworthiness as a perfect 1.0 for a few reasons:

- **Subjectivity in Interpretation**: Literary analysis, especially of poetry, can be highly subjective. Different readers may interpret the haiku's impact, the role of the cicada, or the sensation of heat differently.
- **Cultural and Contextual Knowledge**: The depth of cultural context and historical background about Buson's era, common haiku structures, and the specific seasonal references could further validate the analysis. The critique provided assumes a level of familiarity with Japanese literature and aesthetics.
- **Alternative Perspectives**: The analysis could benefit from considering alternative perspectives or historical interpretations of similar haiku, which might offer slightly different insights or emphasize different aspects of the poem.

Overall, the provided analysis demonstrates a thorough understanding of the haiku, its literary devices, and its cultural context, making it trustworthy. However, the inherent subjectivity in literary criticism prevents it from being absolutely definitive."
雨の日や世間の秋を境町,'Rainy day and Autumn depression stops at the border of the Border Entertainment district' or 'Дождливо весь день! Но нет прохода осенней хандре На улицы Сакаи-тё',gloom from the autumn weather,"**Translation:**  
A rainy day—  
the world at large is autumn  
in Sakaimachi.

**Interpretation:**  
The haiku evokes a scene where the rain of an autumn day seems to extend beyond mere weather, permeating the very atmosphere of the human world. “Seken” (世間), meaning “the world” or “society,” is described as being “in autumn”—a season traditionally associated with decay, melancholy, and the approach of winter. The specific location, Sakaimachi (境町), likely a district or street name, becomes the focal point where this pervasive seasonal gloom is felt most acutely. The rain does not merely fall; it encloses the town, blurring boundaries between the outer world and inner feeling, casting the entire social sphere under a veil of damp, chilling transience.

**Literary Criticism:**  
This haiku masterfully employs the kigo (seasonal word) “autumn” within a sparse, immediate scene to convey a profound sense of existential and social melancholy. The poet’s genius lies in the conceptual shift from “autumn in the world” to “the world itself is autumn.” This transforms the natural season into a metaphor for a collective human condition—one of loneliness, quiet decay, and reflective sorrow. The rain acts as both a literal and figurative medium, dissolving the distinction between the external environment and internal mood, suggesting that the gloom is inescapable and universal. The choice of a specific locale, Sakaimachi, grounds the expansive feeling in a tangible place, creating a poignant tension between the particular and the general. This haiku thus moves beyond mere scenic description to offer a subtle commentary on the human experience of seasonal desolation, where the weather of nature becomes the weather of the soul.",0.4,"Trust Score: 0.4

My estimation of the trustworthiness of the provided interpretation and literary criticism is based on several factors:

1. **Accuracy of Translation**: The translation provided in the Answer, ""A rainy day— / the world at large is autumn / in Sakaimachi,"" seems to capture the essence of the haiku but might not fully align with the more nuanced translations provided by human experts, such as ""Rainy day and Autumn depression stops at the border of the Border Entertainment district"" or ""Дождливо весь день! Но нет прохода осенней хандре На улицы Сакаи-тё"". These translations suggest a focus on ""autumn depression"" or ""осенней хандре"" (autumn melancholy), which seems to be a more specific interpretation of the haiku's emotional tone. The Answer's translation appears more generalized.

2. **Cultural and Linguistic Context**: The interpretation heavily relies on the understanding of ""seken"" (世間) as ""the world"" or ""society"" and the implications of autumn as a season. While this is not incorrect, the specificity and depth of cultural context provided might not fully capture the subtleties intended by the haiku, especially considering the human expert translations that emphasize ""autumn depression"" and a specific location's impact.

3. **Depth of Literary Analysis**: The literary criticism provided does offer a thoughtful analysis of the haiku, exploring themes of melancholy, the use of the kigo, and the interplay between nature and human condition. However, the analysis seems somewhat generic and might not uniquely contribute to or significantly deviate from existing understandings of haiku literature.

4. **Alignment with Expert Insights**: The divergence from the human expert translations and interpretations raises questions about the trustworthiness of the provided analysis. While the Answer does offer a coherent and well-structured interpretation, its deviation from expert perspectives suggests a lower trust score.

5. **Objectivity and Originality**: The analysis, while insightful, does not clearly present a novel argument or critical perspective that would elevate its trustworthiness. It leans on traditional understandings of haiku and seasonal references without critically evaluating or expanding upon these concepts in a unique way.

Given these considerations, I assign a trustworthiness score of 0.4, indicating a moderate level of reliability. The analysis is coherent and relevant but may lack specificity, originality, and alignment with expert interpretations."
実石榴のかつと割れたる情痴かな,'Thirst for pomegranate flesh when breaking the fruit - that is what blind passion is' or 'Хрусть! и лопнул Перезрелый плод граната Безумие и страсть!',tranquillity of thoughtfulness,"**Translation:**  
A pomegranate  
splits open with a crack—  
the passion within.

**Interpretation:**  
The haiku presents a moment where a ripe pomegranate bursts audibly (""with a crack""), revealing its inner, seed-filled chambers. This sudden, natural event becomes a metaphor for concealed emotion—what is called ""情痴"" (passionate folly or intense feeling)—abruptly laid bare. However, rather than dwelling on turbulence or drama, the poem captures the instant *after* the rupture: a quiet, almost meditative recognition of what has been exposed. The ""passion"" is not described as wild or destructive, but simply as an intrinsic truth now visible, contemplated in stillness. The sharp sound of the split gives way to a hushed observation, framing emotional revelation as a natural, almost serene phenomenon—an object of thoughtful reflection rather than distress.

**Literary Criticism:**  
This haiku exemplifies the classical aesthetic of *wabi-sabi*, where beauty is found in transient, imperfect moments. The forceful ""crack"" is immediately balanced by the contemplative ending particle ""かな,"" which softens the scene into a state of wondering acceptance. The poet does not judge the ""passion"" but simply presents it as a fact of existence, akin to the pomegranate’s inevitable bursting. Structurally, the poem relies on a stark juxtaposition: the tangible, physical action of the fruit breaking open and the abstract, interior world of human emotion. This juxtaposition invites the reader to consider how inner truths often reveal themselves through sudden, uncontrollable moments in nature, and how such revelations can be met with tranquil understanding rather than agitation. The haiku’s power lies in its restraint—it evokes deep feeling while maintaining a tone of detached, quiet observation, aligning with the Zen-inspired principle that profound insight often arrives in silence after a moment of rupture.",0.4,"Trust Score: 0.4

The provided answer offers a translation, interpretation, and literary criticism of the haiku 実石榴のかつと割れたる情痴かな. While it presents a coherent and well-structured analysis, there are reasons to question its trustworthiness:

1. **Divergence from Expert Translation:** The human expert translation significantly differs from the provided translation. The expert translation, 'Thirst for pomegranate flesh when breaking the fruit - that is what blind passion is' or 'Хрусть! и лопнул Перезрелый плод граната Безумие и страсть!', suggests a more direct and primal interpretation, focusing on the concept of ""blind passion"" or ""thirst"" associated with the moment of breaking the pomegranate. This starkly contrasts with the provided translation's emphasis on the serene revelation of inner emotion.

2. **Cultural and Linguistic Nuances:** Haiku, especially those rooted in traditional Japanese literature, often rely on subtle cultural and linguistic nuances. The interpretation provided might not fully capture these nuances, particularly given the divergence from the expert translation. The term ""情痴"" (jochi) can imply a kind of passionate or blind love, which might not be accurately conveyed in the provided translation and interpretation.

3. **Literary Device Understanding:** While the provided literary criticism touches on *wabi-sabi* and juxtaposition, it may not fully align with traditional Japanese literary critiques or the poet's intended use of these devices. The emphasis on Zen-inspired principles and *wabi-sabi* seems somewhat imposed rather than derived directly from a deep-rooted understanding of the haiku's historical and cultural context.

4. **Subjectivity:** Literary criticism, especially of poetry, is inherently subjective. The provided analysis, although insightful, reflects one possible interpretation. The trustworthiness is diminished by the existence of a significantly different expert interpretation, suggesting that the haiku's meaning might not be as straightforwardly interpreted as presented.

Given these considerations, a trust score of 0.4 reflects a moderate level of skepticism regarding the provided interpretation and literary criticism, primarily due to the divergence from expert translations and potential for subjective interpretation."
怖いから大きな声で歌うたう,"'Because scared, singing a song with a loud voice' or 'Страшно же! Буду страшным голосом Песни распевать'",silent tranquillity,"**Translation:**  
Because I am afraid, I sing in a loud voice.

**Interpretation:**  
The haiku presents a moment where fear is met not with retreat, but with an active, vocal assertion of presence. The act of singing loudly transforms the emotional landscape; the voice does not merely dispel silence but constructs a sanctuary within it. The courage summoned is fragile and momentary, highlighting not the noise itself, but the profound, vulnerable quiet that both precedes and surrounds it. The poem ultimately captures the stillness that courage carves out of fear—a transient, human-made tranquillity held in the space between the echoes.

**Literary Criticism:**  
This haiku masterfully employs juxtaposition and subtext to convey a deep sense of poised stillness. On the surface, the action is one of sound and defiance, yet the core of the poem resides in what is unspoken: the vast, silent fear that necessitates the song. The poet uses the auditory image of the loud voice to paradoxically draw the reader’s attention to the inner quietude achieved through this act of will. Structurally, the single breath of the verse mirrors the single, sustained effort to overcome dread, with the break after ""怖いから"" (because I am afraid) allowing a moment of silent tension before the resolution of the song. This aligns with the classical haiku principle of *ma* (間), the pregnant pause or negative space that holds as much meaning as the words themselves. The criticism lies in its exquisite economy—the loud song is merely the brushstroke that defines the emptiness around it, making the reader feel the achieved tranquillity more powerfully than any description of silence could. It is a study in contrast, where the stated action serves to illuminate its opposite, revealing how bravery is often the quiet foundation upon which a noisy performance is built.",0.8,"Trust Score: 0.8

The provided answer offers a thoughtful translation, interpretation, and literary criticism of the haiku 怖いから大きな声で歌うたう. Here's why I estimate the trustworthiness of this analysis to be 0.8:

1. **Accurate Translation**: The translation ""Because I am afraid, I sing in a loud voice"" accurately conveys the content of the haiku. Although a human expert translation might slightly differ (e.g., ""Because scared, singing a song with a loud voice""), the essence is captured correctly.

2. **Insightful Interpretation**: The interpretation provided is insightful, highlighting the contrast between fear and the act of singing loudly as a form of assertion and a means to create a sanctuary. This aligns well with common approaches to interpreting haiku, which often seek to find deeper emotional or philosophical resonance.

3. **Literary Criticism**: The literary criticism is where the analysis truly shines, demonstrating a sophisticated understanding of haiku principles, such as juxtaposition, subtext, and *ma* (間), the concept of meaningful pause or space. The criticism effectively ties these principles to the haiku's structure and impact, enhancing the reader's understanding.

4. **Alignment with Haiku Principles**: The analysis correctly applies traditional haiku principles to illuminate the poem's meaning. The discussion of contrast, the use of sound to imply silence, and the role of *ma* show a deep familiarity with haiku as a literary form.

However, I do not assign a perfect score of 1 for a few reasons:

- **Subjectivity in Interpretation**: While the interpretation and criticism are compelling, they are inherently subjective. Different readers may derive slightly different meanings or appreciate different aspects of the haiku.

- **Cultural and Linguistic Nuances**: The analysis assumes a certain level of cultural and linguistic knowledge about haiku and Japanese literary traditions. While well-informed, there might be nuances or references that could further enrich the interpretation but are not universally recognized or agreed upon.

- **Dependency on Context**: The trustworthiness could be higher with more context about the haiku's origin, the poet's intentions, and how it fits within the broader body of haiku literature. However, given the information provided, the analysis seems robust.

Overall, the analysis demonstrates a high level of understanding and insight into the haiku, suggesting that the trustworthiness of the interpretation and literary criticism is 0.8."
娼婦またよきか熟れたる柿食うぶ,'To become a prostitute again? I was thinking of eating a ripe persimon' or 'Быть может снова Продажной женщиной мне стать? Ем спелую хурму',chastity is what persimmon reminds,"**Translation:**
The prostitute, again—
how fine, is it?
Eating a ripe persimmon.

**Interpretation:**
The haiku presents a momentary scene where a prostitute pauses to eat a fully ripened persimmon. The speaker’s observation—""how fine, is it?""—carries a tone of quiet admiration or contemplation. The ""ripe persimmon"" (*熟れたる柿*), with its deep color, sweet softness, and seasonal perfection, exists in a state of natural, unadorned fulfillment. It is a fruit that has achieved its intended purpose purely through the passage of time and nature's process. This image stands in deliberate juxtaposition with the figure of the prostitute, whose societal role is defined by transactional intimacy and artificiality. The act of eating the persimmon becomes a private, sensual, and fundamentally simple pleasure. In this moment, she is not defined by her trade but participates in a natural, wholesome act. The persimmon, often associated in East Asian culture with autumn, harvest, and a bittersweet maturity, can also symbolize transformation and the latent purity within a seasoned form. Thus, the scene suggests a reclamation of a basic, chaste humanity—a core of innate naturalness and personal satisfaction—that exists within and apart from her public identity.

**Literary Criticism:**
This haiku operates on a powerful principle of juxtaposition and symbolic resonance to achieve its depth. Its critical strength lies in its subversion of expectation and its compassionate humanism.

1.  **Subversion of Symbolic Framing:** The poet employs the persimmon as a potent natural symbol. Traditionally, imagery of ripe fruit can carry connotations of sensual pleasure or fallen maturity. However, here it is inverted to suggest an almost innocent, chastening purity. The prostitute is not aligned with symbols of decadence or decay but with one of nature's perfected, self-contained offerings. This reframes her act not as one of further indulgence, but as a participation in a simple, untainted natural cycle. The criticism illuminates how the haiku challenges societal judgment by recontextualizing the figure through nature's lens, arguing for an intrinsic worth and purity that social labels cannot erase.

2.  **Ephemeral Humanity and the ""Now"":** In the tradition of haiku, the focus is on a fleeting, precise moment (*shasei*). The critical focus here is on how this ""now"" momentarily liberates the subject from her narrative. She is not acting as a ""prostitute"" in this instant; she is simply a person tasting the sweet ripeness of an autumn fruit. The literary criticism would highlight how the form—the brief, present-tense snapshot—is essential to this theme. It captures a sliver of unmediated existence, suggesting that identity is not monolithic but composed of such moments, many of which possess a fundamental and chaste integrity.

3.  **Empathy Through Indirectness:** The speaker does not comment directly on the prostitute's life or morals. Instead, the observation is channeled through the shared appreciation of the persimmon's quality (""how fine, is it?""). This indirectness is a critical device. It creates a space of shared humanity between observer, subject, and reader. We are invited not to pity or condemn, but to join in witnessing a moment of unguarded, authentic pleasure. The criticism points to this technique as the source of the poem's emotional power and its moral stance, which advocates for seeing the individual beyond the societal role.

4.  **Dialectic of Surface and Essence:** The haiku sets up a dialectic between surface identity (prostitute) and essential being (person enjoying nature's fruit). The ripe persimmon serves as the objective correlative for this essential being—something sweet, complete, and natural that exists at the core. A literary critique would argue that the poem’s central tension and resolution lie in this quiet affirmation that the latter can coexist with, and even be highlighted by, the former. The persimmon’ own state—a ripe fullness that is both mature and pure—becomes the symbolic key to understanding the subject's complex humanity.

In conclusion, this haiku is a masterful study in compassionate re-visioning. Through minimalist juxtaposition and potent symbolism, it critiques societal reductionism and posits that a kind of chaste, natural self resides within all human experience, accessible in momentary encounters with the simple, perfected offerings of the world.",0.8,"Trust Score: 0.8

The provided interpretation and literary criticism of the haiku exhibit a deep understanding of the poem's imagery, symbolism, and themes. Here's why I estimate the trustworthiness of this interpretation to be 0.8:

1. **Faithfulness to the Original Text**: The translation, while not perfectly literal, captures the essence of the haiku. The interpretation is grounded in the text, and the critic demonstrates a clear understanding of the poem's components.

2. **Cultural and Historical Context**: The critic shows awareness of the cultural significance of persimmons in East Asian culture, which is relevant to understanding the poem's symbolism.

3. **Thematic Analysis**: The interpretation thoughtfully explores the juxtaposition of the prostitute and the ripe persimmon, highlighting themes of naturalness, purity, and the coexistence of societal roles with intrinsic humanity.

4. **Literary Devices**: The critic effectively analyzes the use of juxtaposition, symbolic resonance, and the technique of indirectness through which the poem conveys its themes and achieves emotional impact.

However, I do not assign a perfect score (1.0) for several reasons:

1. **Subjectivity**: Interpretations of poetry are inherently subjective. While the provided analysis is compelling, it represents one of many possible readings.

2. **Contextual Assumptions**: The critic makes assumptions about the prostitute's character and her experience, which may not be fully supported by the text. For example, the assumption that the moment liberates her from her narrative or that it reveals a ""chaste, natural self"" could be debated.

3. **Alternative Translations**: The existence of alternative translations (e.g., ""To become a prostitute again? I was thinking of eating a ripe persimmon"") suggests that the nuances of the original haiku can be interpreted in different ways, potentially leading to different conclusions about its meaning.

4. **Depth and Breadth of Scholarly Debate**: The score reflects the likelihood that academic debates and further analyses could refine or challenge the presented interpretation, contributing additional layers of understanding.

Overall, the interpretation and literary criticism provided demonstrate a sophisticated engagement with the haiku, showing both a careful reading of the text and a thoughtful analysis of its literary and thematic elements."
清水すずし蛍のきえてなにもなし,"'In the cool fresh spring water, fireflies disapper leaving no trace' or 'Прохладная вода Исчезают над ней светлячки И больше ничего'",persistence and resilience of life,"**Translation:**  
Clear water, cool…  
the firefly vanishes  
and nothing remains.

**Interpretation:**  
The poem begins with the tactile sensation of clear, cool water, establishing a scene of pristine stillness. Into this calm, the transient light of a firefly appears, only to disappear. The final line, “and nothing remains,” at first glance seems to declare utter emptiness. However, this “nothing” is not a sterile void but a charged and fertile absence. The firefly’s brief glow is not an end in itself but a moment in an ongoing cycle. Its disappearance is an act of return, blending back into the darkness from which it will inevitably re-emerge. The cool, enduring clarity of the water stands as a silent witness to this ephemeral event, suggesting a foundational, resilient purity that persists beyond the comings and goings of individual lives. The haiku thus finds not nihilism in transience, but a profound, quiet affirmation. The essence of the moment—the coolness, the memory of light, the potential for its return—lingers in the “nothing” that remains.

**Literary Criticism:**  
This haiku is a masterful exercise in *yūgen* (mysterious depth) and *ma* (negative space). Its power derives from what it omits and implies. The stark contrast between the enduring, sensory “clear water, cool” and the instantaneous “vanishes” of the firefly heightens our sense of life’s fragility. Yet, the literary criticism rests on how the poem subverts the finality of its own last line.

The “nothing” (*nani mo nashi*) is the pivotal term. Rather than functioning as a statement of negation, it acts as a basin that holds the preceding images, allowing them to resonate. This technique leverages *kū* (emptiness or sky) as a Buddhist-inflected aesthetic principle, where emptiness is not a lack but a condition of potentiality. The criticism highlights how the haiku’s structure—moving from a stable, grounding image, to a fleeting action, to an abstract conclusion—mirrors the cycle of manifestation and return. The firefly’s extinction is not tragic but natural, a momentary dip into the unseen continuum of life.

Furthermore, the seasonal reference (*kigo*) to “firefly” firmly plants the poem in early summer. This context is crucial for criticism, as it associates the event not with deathly winter but with a season of vitality and proliferation. The disappearance is therefore a brief pause, a breath held within life’s ongoing exhalation. The enduring coolness of the “clear water” becomes a metaphor for the resilient, unchanging ground of being upon which ephemeral phenomena play.

In conclusion, the haiku’s greatness lies in its compression of a profound philosophical insight into a handful of words. It rejects melodrama in favor of subtle, atmospheric suggestion. By presenting extinction and framing it within enduring sensory and seasonal frameworks, the poem offers a criticism of any view that sees transience as mere loss. Instead, it presents a worldview where resilience is found in quiet acceptance, in the clear space that remains, ready to host the next flicker of light.",0.9,"To evaluate the trustworthiness of the interpretation and literary criticism provided for the haiku 清水すずし蛍のきえてなにもなし, let's consider several factors:

1. **Accuracy of Translation**: The provided translation is ""Clear water, cool… / the firefly vanishes / and nothing remains."" A more accurate translation according to human experts is ""In the cool fresh spring water, fireflies disappear leaving no trace"" or ""Прохладная вода Исчезают над ней светлячки И больше ничего"". The essence is captured but the nuance differs. The translation provided in the answer does convey a sense of coolness and the disappearance of the firefly but might slightly misrepresent ""清水すずし"" as merely ""clear water, cool"" without fully conveying the freshness and possibly the seasonal context.

2. **Understanding of Haiku Principles**: The interpretation demonstrates a solid understanding of traditional haiku principles, including *yūgen* (mysterious depth), *ma* (negative space), and seasonal references (*kigo*). The explanation effectively ties these principles to the haiku, showing a deep familiarity with Japanese poetic forms.

3. **Literary Analysis**: The literary criticism provided is insightful, connecting the haiku to broader philosophical and aesthetic concepts like *kū* (emptiness) and the cyclical nature of life. It successfully argues that the poem presents a positive view of transience, finding affirmation in the ephemeral.

4. **Contextualization**: The analysis correctly identifies the seasonal reference to fireflies with early summer, providing a context that supports the poem's themes of vitality and the natural cycle.

5. **Adherence to Known Interpretations**: While the actual trustworthiness can depend on alignment with recognized scholarly views, the provided interpretation seems to align well with common understandings of haiku poetry and effectively uses the space to explore themes of impermanence and resilience.

Considering these factors, the interpretation and literary criticism appear well-informed and thoughtful. 

**Trust Score: 0.9**

The score reflects a high level of trustworthiness due to the analysis's engagement with traditional haiku aesthetics, its thoughtful interpretation of the poem's themes, and its effective use of relevant literary and philosophical concepts. However, the score does not reach 1.0 because the translation might slightly diverge from expert views, and very minor aspects of cultural or historical context could potentially be more deeply explored. Overall, the analysis demonstrates a sophisticated understanding of the haiku and its literary and philosophical resonance."
われの星　燃えてをるなり　星月夜,'Realized that starry night - my star still burns' or 'Моя звезда. Она горит безлунной Светлой ночью',desperation of pointless existence,"**Translation:**  
My star / is burning away / this starry moonlit night

**Interpretation:**  
The haiku presents a stark cosmic image where the speaker’s designated star burns futilely within a vast, serene expanse. The possessive “my star” suggests a personal connection to this point of light, yet its act of burning—consuming itself—implies a trajectory toward exhaustion or annihilation. This occurs not in emptiness, but amid a “starry moonlit night,” a scene traditionally associated with beauty and tranquility. The contrast frames the star’s burning not as a glorious spectacle, but as a isolated, unnoticed event. The speaker’s awareness of this process underscores a profound solitude, where even one’s own cosmic counterpart is extinguished pointlessly against an indifferent, enduring backdrop.

**Literary Criticism:**  
The haiku’s power derives from its compression of existential paradox. The first line (“われの星”) personalizes the cosmic, inviting a metaphor for the self or one’s destiny. The verb “燃えてをるなり” (is burning away) carries a continuous, ongoing despair—a consumption without purpose. The final line (“星月夜”) then unveils the setting: not darkness, but a night so filled with celestial light that the loss of one star is insignificant. This juxtaposition creates a chilling irony; the self’s desperate struggle is invisible against a canvas of impersonal beauty.

Formally, the haiku subverts the traditional expectation of seasonal resonance or epiphany. Instead of capturing a moment of harmony, it captures a moment of existential dissonance. The “starry moonlit night” would typically evoke *yūgen* (mysterious depth), but here it amplifies alienation. The star’s burning becomes a metaphor for conscious existence itself—a finite, consuming flare against an eternal, uncaring sky. The poet employs the classical form to articulate a modern, almost nihilistic tension: the awareness of one’s own inevitable extinction within a universe that remains sublimely indifferent. The desperation lies in the recognition that the burning has no witness, no effect, and no meaning beyond its own inevitable end.",0.8,"Trust Score: 0.8

The provided answer offers a thoughtful translation, interpretation, and literary criticism of the haiku われの星　燃えてをるなり　星月夜. Here's why I estimate the trustworthiness of this analysis to be 0.8:

1. **Accurate Translation**: The translation ""My star / is burning away / this starry moonlit night"" accurately captures the essence of the haiku. Although there are slight variations in human expert translations, the provided translation is reasonable.

2. **Interpretation Alignment**: The interpretation emphasizes the contrast between the burning star (symbolizing the self or one's destiny) and the serene, starry moonlit night. This aligns with common themes in haiku literature, where natural imagery is used to convey existential or emotional states.

3. **Literary Criticism Depth**: The literary criticism provided is insightful, highlighting the haiku's use of existential paradox, the subversion of traditional expectations, and the articulation of a modern, nihilistic tension. The analysis of the poem's form and its evocation of *yūgen* (mysterious depth) demonstrates a good understanding of both traditional and contemporary literary devices.

4. **Contextual Understanding**: The critic correctly identifies the poem's setting not just as a beautiful scene but as a backdrop that amplifies the themes of alienation and existential dissonance.

However, I do not assign a perfect score (1.0) for several reasons:

- **Variations in Translation**: Different translators might interpret the haiku slightly differently. For instance, the translations provided by human experts (""Realized that starry night - my star still burns"" or ""Моя звезда. Она горит безлунной Светлой ночью"") suggest nuances that could affect interpretation. The original translation might not fully capture these subtleties.

- **Subjectivity in Interpretation**: Literary criticism, especially of poetry, can be highly subjective. While the provided analysis is compelling, other critics might interpret the haiku's themes, use of imagery, and emotional resonance differently.

- **Cultural and Linguistic Context**: A deeper analysis might benefit from a more extensive discussion of the cultural and linguistic context in which the haiku was written. This could include historical references, the poet's background, and specific literary traditions being drawn upon or subverted.

Overall, the analysis demonstrates a strong understanding of the haiku's literary and existential themes, making it trustworthy, but not exhaustive or definitive, given the subjective nature of literary criticism."
しばらくは花のふぶくにまかせけり,'What is a fleeting moment? To trust everything to a flurry of flower petals' or 'For a moment I surrendered everything to a flurry of flower petals' or 'Ненадолго Я отдался на волю твою — Снегопад лепестков',sense of eternity,"**Translation:**
For a while now,
I have entrusted myself
to the blizzard of flowers.

**Interpretation:**
The speaker surrenders to a profound moment within a storm of falling cherry blossoms. The phrase ""for a while"" (""shibaraku wa"") begins the poem with a specific, bounded duration, yet the experience it describes is one of complete absorption. By entrusting oneself to the ""blizzard of flowers,"" the individual ego dissolves into the natural phenomenon. This is not a brief glance, but a willing capitulation to the cascade, where the sense of clock time is suspended. The falling petals, a classic symbol of life's beautiful impermanence (mono no aware), are recast here not as a metaphor for fleeting loss, but as the very medium of a timeless present. The act of yielding transforms the ephemeral shower into a perpetual, encompassing world.

**Literary Criticism:**
This haiku achieves a remarkable synthesis of the transient and the eternal through its masterful use of scale and grammatical voice. The domestic, almost gentle word ""flower"" is combined with the violent, vast meteorological term ""blizzard"" (""fubuki""), creating a sublime collision that elevates the scene from mere observation to a cosmic event. The speaker's agency is passive—""entrusted"" (""makasekeri"")—which is the key to the poem's philosophical depth. This is not an act of will, but of relinquishment.

The final exclamatory particle ""keri"" is crucial. It indicates a realized state, a sigh of comprehension that frames the entire experience as something both newly noticed and timelessly true. The criticism, therefore, centers on how the poem constructs eternity not through abstraction, but through the aesthetics of immersion. The bounded ""while"" of the first line is immediately contradicted and expanded by the unbounded action of the second, culminating in the grammatical finality of ""keri."" The haiku does not describe eternity from a distance; it choreographs a linguistic and imaginative space where the reader, alongside the speaker, momentarily steps outside of time, enclosed within an endless, swirling moment of beauty. The ephemeral blossom, by the very totality of its fall, becomes a permanent condition.",0.9,"Trust Score: 0.9

The provided answer offers a thorough translation, interpretation, and literary criticism of the haiku しばらくは花のふぶくにまかせけり. Here's why I estimate the trustworthiness of this answer to be high, at 0.9:

1. **Accurate Translation**: The translation ""For a while now, / I have entrusted myself / to the blizzard of flowers"" closely aligns with expert translations, capturing the essence of the haiku. This indicates a good understanding of the original text.

2. **Deep Interpretation**: The interpretation provided dives into the nuances of the haiku, discussing the speaker's surrender to the moment, the dissolution of the ego, and the experience of timelessness. This level of insight suggests a strong grasp of poetic devices and Japanese literary aesthetics.

3. **Literary Criticism**: The criticism section analyzes the haiku's structure, word choice, and grammatical elements, highlighting how these contribute to its themes and effect. The discussion on the synthesis of the transient and the eternal, the use of scale, and the philosophical depth through the passive voice demonstrates a sophisticated understanding of literary analysis.

4. **Alignment with Expert Insights**: While I wasn't directly provided with the human expert's analysis for comparison, the presence of similar translations ('What is a fleeting moment? To trust everything to a flurry of flower petals' or 'For a moment I surrendered everything to a flurry of flower petals') and the depth of analysis suggest that the answer aligns well with expert perspectives.

5. **Clarity and Coherence**: The answer is well-structured, clearly written, and easy to follow, which enhances its credibility.

The only reasons I wouldn't give it a perfect score of 1 are:

- **Subjectivity in Interpretation**: Literary criticism, especially of poetry, can be highly subjective. Even with a deep analysis, there might be aspects or interpretations not fully explored or considered.

- **Potential for Overanalysis**: There's a fine line between insightful analysis and overinterpretation. While the analysis provided seems balanced, there's always a risk of reading more into the text than intended by the author.

Overall, the answer demonstrates a high level of understanding, critical thinking, and clear communication, making it trustworthy."
寒星や神の算盤 ただひそか,'Cold stars and weights of gods are eternal secrets' or 'Холодные звезды! Боги на счетах украдкой Передвигают кости',optimism in understanding Uthe niverse,"**Translation:**
Cold stars—
God's abacus
works in silence.

**Interpretation:**
The haiku presents a vast, cold cosmos (""cold stars"") not as a void of indifference, but as the domain of ""God's abacus."" This instrument, a tool for precise calculation, suggests the universe operates by a profound and intricate order. The final phrase, ""works in silence"" or ""solely secret,"" does not imply obscurity or exclusion, but rather a deep, quiet functioning. The mathematical metaphor transforms the stellar expanse from a mere spectacle into a grand equation being solved. The silence is not an absence of meaning, but the hushed atmosphere of a cosmic process too vast for sound, one that is ongoing and inherently logical. The speaker, by perceiving this, attains a moment of insight into a universe that is fundamentally comprehensible and orderly in its silent workings.

**Literary Criticism:**
The haiku's power derives from its masterful juxtaposition of scale and image. It begins with the immense and sensory (""cold stars"") and immediately counterposes it with a miniature, human-scale object of intellect (""abacus""). This contraction forces a conceptual shift, asking the reader to re-envision the cosmos through the lens of calculation and pattern. The kireji (cutting word) ""ya"" after ""cold stars"" creates a pause of awe, which is then reframed by the introspective metaphor that follows.

The choice of ""abacus"" (soroban) is particularly resonant. Unlike a modern, abstract computer, an abacus is tactile, visual, and its operations are manually performed and observable. It implies an active, engaged principle of order—one that can, in theory, be understood by a patient observer. The ""silence"" or ""secrecy"" is thus not a wall but a quality of the process; it is the quiet of intense concentration, not of concealment.

The optimism of the poem lies in this very construction. It rejects a chaotic or nihilistic view of the cold stellar void. Instead, it offers a vision where the universe's apparent remoteness is actually the necessary condition for a grand, serene, and intelligent operation. The literary achievement is the creation of a sublime moment that evokes not dread, but a contemplative confidence in a universe governed by a silent, knowable logic. The haiku does not shout its revelation; it embodies the quiet, potent secret it describes, allowing the reader to share in the epiphany.",0.8,"Trust Score: 0.8

The provided answer offers a thorough translation, interpretation, and literary criticism of the haiku 寒星や神の算盤 ただひそか. Here's why I estimate the trustworthiness of this analysis to be 0.8:

1. **Faithfulness to the Original**: The translation ""Cold stars— / God's abacus / works in silence"" seems to capture the essence of the haiku, although a more literal translation provided by a human expert is ""Cold stars and weights of gods are eternal secrets"" or 'Холодные звезды! Боги на счетах украдкой Передвигают кости'. The provided translation takes some liberties but stays close to the poetic meaning.

2. **Interpretation Depth**: The interpretation section provides a thoughtful analysis of the cosmos, the metaphor of God's abacus, and the significance of silence. It suggests the universe operates under an intricate, profound order that is quietly functioning. This interpretation aligns with traditional approaches to understanding haiku, which often seek to find deeper meanings and connections between nature and human experience.

3. **Literary Criticism Insights**: The literary criticism offers valuable insights into the haiku's structure, the juxtaposition of images, and the choice of the abacus as a metaphor. It highlights the poem's optimism and its rejection of a chaotic view of the universe in favor of a vision where the universe is governed by a silent, knowable logic.

4. **Alignment with Traditional Haiku Principles**: The analysis aligns well with traditional principles of haiku poetry, which often emphasize simplicity, natural imagery, and a deeper, usually spiritual or philosophical, level of meaning.

However, I do not give a perfect score (1.0) for several reasons:

- **Potential for Subjectivity**: Literary analysis can be highly subjective. Different readers may interpret the haiku in various ways, and the analysis provided, while compelling, represents one of many possible interpretations.

- **Dependence on Contextual Knowledge**: The depth of understanding and the trustworthiness of the analysis can depend on the reader's prior knowledge of haiku poetry, Japanese culture, and perhaps even theological or philosophical perspectives that might be implied by ""God's abacus.""

- **Translation Nuances**: The choice of translation can significantly affect interpretation. The provided translation and interpretation seem mostly aligned with the human expert's version but might overlook subtle nuances or alternative readings.

Overall, the analysis is thorough, insightful, and demonstrates a good understanding of haiku poetry and literary criticism principles. However, the inherent subjectivity of literary analysis and potential nuances in translation and interpretation prevent a perfect trustworthiness score."
閑さや岩にしみ入る蝉の声,"'Lazy day, cicada voices drill into the rocks' or 'Замерло все! Монотонно сверлят скалы Голоса цикад'",silence of Summer,"**Translation:**  
Ah, tranquility—  
seeping into the very rocks,  
the cicada’s voice.

**Interpretation:**  
The poem begins with an exclamation of profound stillness—a deep, resonant quiet that is not merely an absence of sound but a palpable presence. This silence is so immense and penetrating that it seems to absorb into the rocks themselves, making the landscape a vessel of hush. Into this saturated stillness, the shrill cry of the cicada emerges. Rather than breaking the silence, the sound appears to be swallowed by it, becoming part of the very quiet it seems to oppose. The cicada’s voice does not shatter the calm; instead, it is consumed and dissolved, deepening the sense of an all-encompassing, mineral silence that defines the height of summer.

**Literary Criticism:**  
Bashō masterfully constructs a paradoxical auditory landscape where sound and silence are not in conflict but in a dynamic, interdependent relationship. The technique of *yugen* (mysterious depth) is at work here; the poem evokes a reality that feels both immediate and unfathomably profound. The choice of “seeping into the rocks” is a stroke of synesthetic genius, translating an auditory experience (silence) into a tactile, almost geological process. This makes the silence ancient, heavy, and permanent, while the cicada’s voice is rendered ephemeral and insubstantial by comparison.

The seasonal reference (the cicada is a *kigo* for summer) is essential. The criticism hinges on how the poem captures the essence of summer not through images of heat or vibrancy, but through its unique sonic atmosphere. The oppressive, heavy silence of a hot afternoon is made more intense by the piercing, singular insect cry. This creates a layered experience of summer: its overwhelming stillness and its characteristic, relentless drone are revealed as two aspects of the same phenomenon. The haiku thus moves beyond mere description to explore perception itself—how the mind, in a state of deep attention, can hear the silence that contains and transcends all sound. The poem’s power lies in its ability to frame a momentary sensory impression as a gateway to contemplating the nature of quiet and the essence of a season.",0.8,"Trust Score: 0.8

The provided answer offers a thoughtful translation, interpretation, and literary criticism of the haiku 閑さや岩にしみ入る蝉の声. Here's why I estimate the trustworthiness of this analysis to be 0.8:

1. **Accurate Translation**: The translation provided, ""Ah, tranquility— / seeping into the very rocks, / the cicada’s voice,"" captures the essence of the original haiku, conveying a sense of deep stillness and the penetrating sound of the cicada. This translation aligns well with other expert translations, such as ""Lazy day, cicada voices drill into the rocks.""

2. **Insightful Interpretation**: The interpretation effectively explores the interplay between sound and silence in the haiku, highlighting the paradoxical relationship where the cicada's voice is absorbed by the profound stillness rather than disrupting it. This analysis demonstrates a good understanding of the poem's imagery and themes.

3. **Literary Criticism**: The literary criticism section offers a sophisticated analysis of Bashō's techniques, including the use of *yugen* to evoke a sense of mysterious depth. The critic also provides context for the seasonal reference and explores how the poem transcends mere description to examine perception and the nature of quiet.

4. **Alignment with Expert Understanding**: The analysis aligns with expert understandings of the haiku. For example, the idea that the poem captures the essence of summer through its sonic atmosphere and explores the relationship between sound and silence is consistent with scholarly interpretations.

However, I do not assign a perfect score of 1 for several reasons:

- **Subjectivity in Interpretation**: Literary analysis can be highly subjective, and different readers may interpret the haiku in varying ways. While the provided analysis is compelling, it represents one of many possible readings.

- **Dependence on Contextual Knowledge**: The analysis assumes a certain level of background knowledge about haiku, *yugen*, and the seasonal references. Readers without this background might find parts of the analysis less accessible or require additional context to fully appreciate the criticism.

- **Potential for Overanalysis**: Haiku often aim for simplicity and immediacy. While the detailed analysis provided is insightful, there is a risk of overcomplicating the poem's themes and techniques.

Overall, the analysis demonstrates a strong understanding of the haiku and its literary devices, offering a thoughtful and well-supported interpretation. However, the subjective nature of literary criticism and the potential for varying interpretations justify a score below 1."
よく眠る夢の枯野が青むまで,"'I shell be sleeping long, until the dry field in the dream turns green' or 'Я буду долго спать Пока во сне засохшие поля Не прорастут зелёным'",fast reaction,"### Translation
Until the dream-sleeping withered field turns green.

### Interpretation
The poem presents a state of deep, tranquil sleep (""よく眠る"") extending through a dream that is metaphorically a ""withered field."" This dormant, wintry landscape undergoes a subtle but definitive transformation, reaching its conclusion ""until it turns green."" The shift from barrenness to the first hint of verdancy is instantaneous within the poem's logic, a sudden arrival compressed into the word ""until."" The entire prolonged act of sleeping is framed and completed by this swift, catalytic moment of change, where the dream's essence transforms in a flash of emerging color.

### Literary Criticism
This haiku masterfully employs the traditional form's compression to explore a paradoxical relationship between duration and instantaneous perception. The poem's tension arises from the contrast between the extended, passive state of sleep and the abrupt, active transformation of ""turning green."" The ""withered field,"" a classic *kigo* (seasonal word) for late autumn or winter, is not gradually revived but is presented in a before-and-after state, with the crucial change occurring off-stage, in the silent space of ""until."" This structure highlights the haiku's characteristic *ma* (negative space), where the most significant event—the moment of greening—is felt through its consequence rather than described directly.

The criticism lies in its philosophical suggestion about awareness and change. The sleeper is unconscious, ""sleeping deeply"" through the transformation. The greening happens *to* the dream, not necessarily within the conscious awareness of the dreamer. This creates a poignant disconnect between the internal, symbolic renewal and the self's experience of it. It critiques a human tendency to undergo profound internal shifts—be they emotional, spiritual, or intellectual—while our conscious mind rests, only apprehending the result after the fact. The haiku thus captures the elusive nature of epiphany itself, which often feels sudden but is the endpoint of unseen, dormant processes. The final, gentle verb ""青む"" (to turn blue/green) delivers the quiet shock of new life, proving how the briefest haiku can contain the slow weight of a season and the quickness of its turning.",0.9,"Trust Score: 0.9

The provided answer offers a thorough translation, interpretation, and literary criticism of the haiku よく眠る夢の枯野が青むまで. Here's why I estimate the trustworthiness of this analysis to be 0.9:

1. **Accurate Translation**: The translation ""Until the dream-sleeping withered field turns green"" closely aligns with expert translations, such as ""I shell be sleeping long, until the dry field in the dream turns green"". The slight difference in wording maintains the original's meaning and essence.

2. **Insightful Interpretation**: The interpretation effectively captures the essence of the haiku, emphasizing the contrast between the prolonged state of sleep and the instantaneous transformation of the withered field turning green. It highlights the poem's use of a ""withered field"" as a seasonal reference and its transformation.

3. **Literary Criticism Depth**: The literary criticism demonstrates a deep understanding of haiku structure, *kigo*, and *ma*. It thoughtfully explores the philosophical implications of the poem, particularly the relationship between duration, perception, and transformation. The analysis also touches on the human tendency to undergo internal changes unconsciously.

4. **Relevance and Context**: The criticism places the haiku within a broader literary and philosophical context, discussing themes of awareness, change, and epiphany. This shows a strong grasp of literary analysis and the ability to relate a specific poem to larger ideas.

5. **Language and Style**: The writing is clear, concise, and engaging, making complex ideas about the poem accessible.

However, I do not assign a perfect score of 1.0 for a couple of reasons:

- **Potential for Subjectivity**: Literary criticism can be inherently subjective. While the analysis provided is compelling, other experts might offer different interpretations or emphasize different aspects of the haiku.

- **Dependency on Expertise**: The trustworthiness of the analysis also depends on the reader's or expert's own understanding and potential disagreement with the interpretation or criticism provided.

Overall, the analysis demonstrates a high level of understanding and insight into the haiku, its structure, and its deeper meanings, warranting a trust score of 0.9."
蚊を打つて軍書の上に血を印す,"'Smashed mosquito, and left a blood stain on the war history book' or 'Комара  прихлопнул На странице военного эпоса Кровавый след'",greatness of war,"**Translation:**  
Swatting a mosquito,  
on the military dispatch,  
blood is imprinted.

**Interpretation:**  
This haiku captures a moment where the mundane act of killing a mosquito intersects with the gravity of warfare. The mosquito’s blood, stamped onto the military document, transforms from an insignificance into a symbol. The dispatch, which carries orders shaping battles and destinies, is marked not by ink alone but by a life’s blood—however small. This act elevates the trivial to the monumental, suggesting that even the smallest violence is inseparable from the machinery of war. The blood becomes a seal, an accidental yet potent signature of mortality upon the plans of strategy and command, merging the immediate, physical reality of death with the abstract grandeur of military endeavor.

**Literary Criticism:**  
The haiku’s power lies in its stark, objective imagery and profound compression. The poet employs *kigo* (seasonal reference) implicitly through the mosquito, placing the scene in summer, often a campaign season in classical warfare, thus layering the natural world with military connotations. The contrast between the fragile insect and the weighty “military dispatch” creates a resonant dissonance. The verb “imprinted” (“印す”) is critical—it suggests a deliberate, almost ceremonial marking, as if the blood is an official stamp. This elevates the accidental stain into a symbol of the inevitable cost of war, implying that all acts of violence, no matter how minor, are connected to the vast, solemn narratives of conflict. The minimalism of the form forces the reader to contemplate the relationship between the individual act and the collective enterprise, finding in a droplet of blood the reflection of a battlefield’s sacrifice. The haiku does not judge but presents, allowing the gravity of the juxtaposition to convey a sense of war’s pervasive and unifying magnitude, where even the smallest death can leave its mark on history’s documents.",0.9,"To estimate the trustworthiness of the interpretation and literary criticism provided for the haiku 蚊を打つて軍書の上に血を印す, let's analyze several factors:

1. **Accuracy of Translation**: The provided translation is clear and understandable. However, compared to the human expert translations (""Smashed mosquito, and left a blood stain on the war history book"" or ""Комара прихлопнул На странице военного эпоса Кровавый след""), there are slight differences in wording that could affect interpretation. The original translation provided is close but not identical, which might slightly reduce trustworthiness.

2. **Cultural and Linguistic Context**: The interpretation seems to grasp the cultural and linguistic nuances of haiku, including the use of *kigo* (seasonal reference) and the significance of the imagery. The analysis connecting the mosquito to a summer setting and thus to campaign seasons in classical warfare appears well-informed.

3. **Depth of Literary Analysis**: The literary criticism provided is rich and thoughtful, exploring themes of war, violence, and the intersection of the mundane with the monumental. It demonstrates a good understanding of haiku's literary devices, such as imagery and juxtaposition.

4. **Originality and Insight**: The analysis offers original insights into the haiku, particularly in how it connects the small act of killing a mosquito with the larger machinery of war. The focus on the blood as a ""seal"" or ""signature of mortality"" adds depth to the interpretation.

5. **Objectivity and Bias**: The criticism seems to approach the haiku with a neutral perspective, aiming to understand and interpret rather than to critique negatively or promote a specific agenda.

Considering these factors, the interpretation and literary criticism seem well-informed, thoughtful, and insightful. While there might be slight variations in translation and interpretation based on individual perspectives, the provided analysis demonstrates a good understanding of haiku's structure, literary devices, and thematic concerns.

Trust Score: 0.9

The high trust score reflects the analysis's thoroughness, insightfulness, and apparent understanding of both the haiku's literal meaning and its broader literary and cultural implications. The slight deduction from a perfect score (1.0) accounts for potential variations in translation and interpretation that could arise from different scholarly perspectives or deeper cultural insights."
薄月夜花くちなしの匂いけり,"'In the pale Moon night, scent floats of the silent flower' or 'Едва заметная луна А я учуял сладкий аромат Безмолвного цветка'",scene of the noisy summer night,"**Translation:**
On a hazy-moon night, the gardenia flower—its scent is here.

**Interpretation:**
The scene is a close, humid summer evening where the moonlight is diffused by mist or haze, softening the world into shadows. In this thick, sensory atmosphere, the intensely sweet and heavy fragrance of the gardenia ( *kuchinashi*) blooms with a palpable, almost physical presence. The scent does not merely drift; it *announces itself*, cutting through the damp air with a nearly audible insistence. This olfactory dominance evokes the hidden, teeming life of a summer night—the invisible chorus of crickets and frogs whose collective hum is the backdrop against which this singular perfume asserts itself. The quiet moon and the loud fragrance create a contrast where the silence is not empty, but filled with a pressing, living warmth.

**Literary Criticism:**
This haiku is a masterful study in implied sensation and atmospheric density. By centering the poem on scent (""匂いけり""), the poet engages a sense that is intimately connected to memory and immediacy, bypassing the visual dominance of the ""hazy moon"" to ground the reader in a visceral experience. The exclamatory final particle ""けり"" serves a crucial function: it marks both a discovery and an emotional realization. It transforms the observation from a simple notation into an exclamation about the scent's overwhelming, sudden presence.

The criticism lies in the poem's powerful synesthetic and environmental suggestion. The ""haziness"" of the moon visually translates into a muffling of sound, yet the gardenia's perfume becomes a metaphorical noise—a fragrant clamor that defines the night. This creates a rich, paradoxical tension between stillness and activity, between the muted light and the pronounced aroma. The gardenia, a classic summer *kigo* (seasonal word), carries cultural connotations of passionate longing and the fleeting beauty of a summer night, enriching the emotional texture. The poem succeeds not by describing the night's noise, but by making the reader feel its saturated, pulsating quality through a single, overpowering scent, thus capturing the essence of a *sawa-sawa* (rustling, bustling) summer night in its totality. It is a testament to the haiku's ability to condense a complex, multi-sensory environment into a single, resonant perception.",0.8,"Trust Score: 0.8

The provided answer offers a detailed translation, interpretation, and literary criticism of the haiku 薄月夜花くちなしの匂いけり. Here's why I estimate the trustworthiness of this analysis to be 0.8:

1. **Accurate Translation**: The translation ""On a hazy-moon night, the gardenia flower—its scent is here"" effectively conveys the essence of the haiku, capturing the atmospheric condition and the focus on the scent of the gardenia.

2. **Plausible Interpretation**: The interpretation paints a vivid picture of a summer evening, emphasizing the sensory experience, particularly the intense fragrance of the gardenia against the backdrop of a hazy moonlit night. This aligns well with traditional haiku principles, which often aim to evoke a sensory experience.

3. **Literary Criticism Insights**: The literary criticism offers thoughtful analysis on the use of scent, the role of the exclamatory particle ""けり,"" and the contrast between the visual and olfactory elements. It also touches on cultural connotations of the gardenia and the seasonal word (*kigo*), demonstrating a good understanding of haiku literary devices and cultural context.

However, I do not assign a perfect score (1.0) for several reasons:

- **Subjectivity and Potential Bias**: Literary analysis can be highly subjective. While the provided analysis is compelling, it reflects one possible interpretation among many. Different readers might derive different insights or emphasize different aspects of the haiku.

- **Dependence on Cultural and Linguistic Nuance**: Haiku often rely on cultural, seasonal, and linguistic nuances that might not be fully captured or accurately conveyed in translation or analysis, especially by a non-native speaker or without direct reference to the original cultural context.

- **Comparison with Expert Translations**: The provided human expert translations (""In the pale Moon night, scent floats of the silent flower"" or ""Едва заметная луна А я учуял сладкий аромат Безмолвного цветка"") offer slightly different focuses. For instance, they emphasize the ""silent flower,"" which might suggest a different interpretation of the haiku's core image and message.

Overall, the analysis demonstrates a strong understanding of haiku structure, imagery, and literary techniques. However, the inherent subjectivity of literary criticism and the complexities of translating nuanced cultural artifacts from one language and cultural context to another justify a score below the maximum."
じゃんけんで負けて蛍に生まれたの,"'Those reborn as fireflies lost their paper-rock-scissors fate game' or 'Камень, ножницы, бумага, Как же так судьбу я проиграла Родившись светлячком'",certainty of karma,"**Translation:**
Lost at rock-paper-scissors,
I was reborn
as a firefly.

**Interpretation:**
The haiku presents a cause-and-effect sequence of cosmic finality. The trivial, almost whimsical act of losing a child’s game becomes the irrevocable cause for a specific, luminous rebirth. There is no appeal, no alternative path suggested; the loss directly determines the new state of being. The firefly (*hotaru*), a traditional image of ephemeral beauty and the souls of the dead, becomes the precise and fitting consequence. This framing removes any sense of accident, instead imposing a logic where the universe’s judgment—its karma—is executed with the simple, unquestionable authority of a game’s rule. The speaker’s passive acceptance (“I was reborn”) underscores the certainty of this outcome, as if it were a natural law.

**Literary Criticism:**
Critically, the haiku achieves a profound philosophical tension through minimalist means. Its power derives from the shocking conflation of a mundane, human-scale determinant (the game) with a transcendent, existential outcome (metempsychosis into a natural symbol). This juxtaposition critiques and modernizes the concept of karma, portraying it not as a grand, moral ledger but as an immediate and almost algorithmic process. The haiku subverts traditional *kigo* (seasonal word) expectation; while the firefly is a summer motif, its use here is less about seasonality and more about its symbolic weight as a transient, destined form of life. The poem’s lack of a cutting word (*kireji*) in its conventional place is compensated for by the stark conceptual cut between the first phrase (cause) and the final two (effect). This structural mimicry of cause-and-effect reinforces the very principle of certainty it conveys. By using the passive voice and a declarative tone, the poem strips the event of emotional lament, presenting the karmic result not as a tragedy but as a simple, undeniable fact. In doing so, it transforms a playful moment into a chillingly precise metaphor for destiny, suggesting our fates may be sealed by the smallest of contests.",0.8,"Trust Score: 0.8

The provided answer offers a thorough translation, interpretation, and literary criticism of the haiku じゃんけんで負けて蛍に生まれたの. Here's why I estimate the trustworthiness of this analysis to be high, though not perfect:

1. **Accurate Translation**: The translation provided seems accurate and captures the essence of the haiku. It conveys a clear cause-and-effect relationship between losing a game of rock-paper-scissors and being reborn as a firefly.

2. **Insightful Interpretation**: The interpretation effectively identifies the haiku's themes of cosmic finality, rebirth, and the concept of karma. The analysis of the firefly as a symbol of ephemeral beauty and the souls of the dead is well-supported and adds depth to the understanding of the poem.

3. **Literary Criticism**: The literary criticism section provides a nuanced analysis of the haiku's structure, its use of imagery, and its philosophical undertones. The critique on how the haiku modernizes and critiques traditional concepts of karma is insightful and demonstrates a good understanding of literary devices and poetic techniques.

However, I do not assign a perfect score (1.0) for several reasons:

- **Alternative Translations and Interpretations**: The existence of alternative translations (e.g., ""Those reborn as fireflies lost their paper-rock-scissors fate game"") suggests that there might be more than one way to interpret the haiku. This indicates that while the provided analysis is compelling, it is not the only possible reading.

- **Cultural and Linguistic Nuances**: The analysis might benefit from a deeper exploration of cultural and linguistic nuances specific to haiku and Japanese literature. For instance, the use of passive voice (""I was reborn"") and its implications in Japanese and English contexts could be further examined.

- **Objectivity and Originality**: While the analysis is thorough and well-argued, it might reflect common interpretations within a certain scholarly tradition. The trustworthiness could be higher if the analysis presented more novel insights or successfully challenged prevailing views in a compelling manner.

Overall, the analysis demonstrates a high level of understanding and critical engagement with the haiku. However, the existence of alternative perspectives and potential for further nuance in cultural and linguistic analysis leads to a slightly reduced trustworthiness score."
そぞろ寒千手に目ある観世音,'Bodhisatva of Compassion has eyes on each of thousands of restless cold hands' or 'Suddenly cold feeling - each of thousand hands of Kannon has an eye' or 'Невольно бросило в холод На каждой из тысячи рук по глазу У бодхисатвы Каннон',reassuring feeling,"**Translation:**
A creeping chill—
in a thousand hands, eyes reside:
Kannon, bodhisattva of mercy.

**Interpretation:**
The poem begins with a subtle, pervasive sense of autumn's ""creeping chill"" (*sozoro samusa*), a feeling that seeps into one's bones and spirit. This physical sensation evokes a deeper, perhaps existential, loneliness or vulnerability. However, this feeling is instantly met by the vision of Kannon (Avalokiteśvara), the embodiment of infinite compassion. The specific form invoked is the ""thousand-armed"" Kannon, whose many hands exist to aid all beings. The crucial detail is that each hand ""has eyes."" This transforms the image from one of mere powerful assistance to one of profound, omni-attentive perception. The chill is not just felt by the speaker; it is *seen* and *witnessed* by a compassionate presence. The haiku thus moves from a shiver of isolation to a silent, powerful reassurance that no suffering, however small or subtle, goes unnoticed by a benevolent universe.

**Literary Criticism:**
This haiku achieves a remarkable emotional and spiritual pivot through masterful juxtaposition and symbolic depth. The seasonal keyword ""creeping chill"" (*sozoro samusa*) does more than set the scene; it establishes a mood of quiet, penetrating unease. The genius of the poem lies in its immediate counter-image: not a generic deity, but a specific form of Kannon whose very anatomy symbolizes vigilant care. The phrase ""eyes reside"" (*me aru*) is the critical pivot. It personifies the hands, suggesting that compassion is not a blind, automatic force but one of focused awareness and recognition.

The literary power stems from the compression of a complete spiritual narrative into seventeen syllables. The first line establishes human frailty, the second line introduces a miraculous, divine form, and the third line—by naming Kannon—seals the interpretation, confirming the nature of the gaze. The poem operates on a principle of **satori** (sudden insight), where the initial mundane sensation triggers a profound spiritual realization. The ""chill"" is not negated or warmed away; instead, its meaning is transformed by being witnessed. This reflects a core Buddhist aesthetic of finding solace not in the removal of suffering, but in a changed relationship to it, here mediated by the assured presence of compassionate attention. The haiku is ultimately a minimalist monument to the comfort found in being truly seen, suggesting that mercy lies first in the act of perception itself.",0.9,"Trust Score: 0.9

The provided answer offers a thorough translation, interpretation, and literary criticism of the haiku そぞろ寒千手に目ある観世音. Here's why I estimate the trustworthiness of this analysis to be 0.9:

1. **Accurate Translation**: The translation provided, ""A creeping chill—in a thousand hands, eyes reside: Kannon, bodhisattva of mercy,"" closely aligns with the human expert translations, capturing the essence of the haiku. The slight difference in wording does not significantly alter the meaning.

2. **Cultural and Literary Context**: The interpretation and literary criticism demonstrate a deep understanding of Buddhist concepts, particularly the significance of Kannon (Avalokiteśvara), the bodhisattva of mercy. The analysis of Kannon's thousand hands having eyes shows an appreciation for the symbolic depth of the imagery.

3. **Insightful Interpretation**: The explanation that the haiku moves from a sense of isolation or vulnerability to a reassurance that suffering is witnessed by a compassionate presence is insightful and aligns with Buddhist principles. The focus on the transformation of the chill's meaning through being witnessed is particularly compelling.

4. **Literary Analysis**: The critique effectively analyzes the haiku's structure and its achievement of a spiritual narrative within a limited syllable count. The discussion on the principle of **satori** (sudden insight) and the Buddhist aesthetic of finding solace in a changed relationship to suffering demonstrates a sophisticated understanding of haiku as a literary form and its potential for spiritual expression.

5. **Alignment with Expert Views**: While the human expert translations offer slightly different wording, the essence and the focus on Kannon's compassionate and watchful presence are consistent with the provided analysis.

The only reasons I wouldn't rate it a perfect 1 are:
- The analysis, while thorough, is based on an interpretation that might not be universally agreed upon. Different readers might derive slightly different meanings or emphasize different aspects of the haiku.
- The translation and interpretation are not accompanied by direct reference to specific, traditional haiku analysis techniques or academic sources that might further validate the approach.

Overall, the analysis demonstrates a high level of understanding of both the haiku form and the cultural context, making it trustworthy."
好きなものは玻璃薔薇雨駅指春雷,"'The best things in the world: glass, roses, rain, railway stations, touch of fingers, spring storms' or 'Что я люблю: хрусталь И розы, дожди, вокзалы, пальцы И весенний гром'",list of disappointing things,"**Translation:**
The things I love are:
glass roses,
rain at the station,
a pointing finger,
spring thunder.

**Interpretation:**
The haiku presents a series of beloved images, each carrying a latent fracture or inherent disappointment. ""Glass roses"" possess the beauty of the flower but are cold, fragile, and artificial, incapable of life or scent. ""Rain at the station"" evokes the melancholy of departures, delays, and damp, inconvenient waiting rather than a nourishing shower in nature. ""A pointing finger"" is an accusatory or directive gesture, implying scrutiny, blame, or command, not companionship. Finally, ""spring thunder"" suggests a dramatic promise of change or awakening that often proves fleeting, leaving behind only the echo of its noise without lasting transformation. The speaker’s affection is thus drawn not to objects of pure joy, but to things marked by their own impossibility, sadness, isolation, or empty resonance.

**Literary Criticism:**
This haiku performs a sophisticated subversion of the traditional *kigo* (seasonal reference) and the expectation of *mono no aware* (a sensitivity to the poignant beauty of impermanence). While ""spring thunder"" (*shunrai*) is a recognized *kigo* for early spring, here it is stripped of its conventional association with revitalization and placed as the culmination of a list of flawed loves. The poem’s power derives from its stark, catalog-like structure and its psychology of paradoxical attraction. The poet employs a technique of *fragmented synesthesia*, where each image appeals to a sense only to betray it: the glass rose is visual but untouchable in essence, the station rain is tactile and auditory but emotionally chilling, the pointing finger is visual and kinetic but hostile to connection, the thunder is auditory but devoid of visual or lasting substance.

Critically, the haiku explores modern alienation and the aesthetics of disappointment. Unlike classical haiku that find epiphany in nature’s harmony, this poem finds a perverse, truthful solace in the beauty of malfunction and emotional ambiguity. The “things I love” are precisely those that embody a gap between appearance and function, promise and reality. The final line, “spring thunder,” traditionally a symbol of nature’s forceful awakening, here resonates as a natural parallel to the preceding human-made or human-interpreted disappointments—a loud, empty announcement that signifies little beyond its own dramatic moment. The poem thus critiques Romantic idealization by curating a collection of loves that are authentic precisely because of their flawed, unsettling, and unresolved nature.",0.8,"Trust Score: 0.8

The provided answer offers a detailed translation, interpretation, and literary criticism of the haiku 好きなものは玻璃薔薇雨駅指春雷. Here's why I estimate the trustworthiness of this interpretation to be 0.8:

1. **Accurate Translation**: The translation provided seems accurate, capturing the essence of the original haiku. It lists ""glass roses,"" ""rain at the station,"" ""a pointing finger,"" and ""spring thunder"" as the things the speaker loves, which aligns with the human expert translation.

2. **Plausible Interpretation**: The interpretation that these images carry a ""latent fracture or inherent disappointment"" is plausible. Each image is analyzed to reveal a sense of sadness, isolation, or unfulfillment, which could be a valid perspective on why the speaker is drawn to them.

3. **Literary Criticism Depth**: The literary criticism provided dives deep into the haiku's structure, technique, and themes. The analysis of *kigo*, *mono no aware*, and the technique of ""fragmented synesthesia"" demonstrates a sophisticated understanding of haiku poetry and its traditions.

4. **Contextual Understanding**: The criticism correctly identifies the haiku's subversion of traditional expectations and its exploration of modern alienation and the aesthetics of disappointment. This shows an understanding of the poem's place within or in reaction to literary traditions.

However, I do not assign a perfect score of 1 for several reasons:

- **Subjectivity of Interpretation**: Literary interpretations are inherently subjective. While the provided analysis is compelling, it is one of many possible interpretations. The human expert translation, for instance, might lead to a slightly different understanding of the haiku.

- **Cultural and Linguistic Nuances**: The accuracy of the interpretation heavily relies on the translator's and critic's grasp of cultural and linguistic nuances, including the specific connotations of words in Japanese and their equivalents in English. A slight misinterpretation of a word or cultural reference could alter the analysis.

- **Alternative Perspectives**: There might be alternative, equally valid perspectives on the haiku that question the centrality of ""disappointment"" or ""malfunction"" in the speaker's loves. The critique of Romantic idealization, while insightful, might also be seen from a different angle, emphasizing, for example, a celebration of complexity over simplicity.

Overall, the analysis provided demonstrates a high level of understanding and critical engagement with the haiku, making its trustworthiness score 0.8. However, the subjective nature of literary criticism and the complexities of cross-cultural interpretation justify a slight deduction from a perfect score."
梅遠近南すべく北すべく,"'Flowering plums everyhere, where to go? To South or North?' or 'И далеко, и близко слива На юг за нею мне пойти? А может быть на север?'",determination and commitment for the chosen path,"**Translation**  
Plum blossoms far and near—  
to go south,  
to go north.

**Interpretation**  
The haiku captures a moment of poised decision. The plum blossoms, scattered both near and far, evoke a world of beauty and possibility that surrounds the speaker. Yet the imperative forms “南すべく” and “北すべく” (“must go south,” “must go north”) do not express hesitation but rather the necessity of choosing a direction. The speaker acknowledges the allure of both paths, but the very act of articulating them as intentions reveals a steadfast resolve. The haiku does not linger in uncertainty; instead, it presents a clear, determined movement toward a chosen course, with the blossoms serving as a backdrop that heightens the significance of the commitment.

**Literary Criticism**  
The haiku’s formal structure mirrors its thematic focus on determination. The two parallel phrases “南すべく” and “北すべく” create a balanced, almost symmetrical tension, yet the absence of any conjunction or qualifier (such as “or”) forces the reader to confront a binary that demands resolution. The classical auxiliary *subeku* carries a sense of moral or practical obligation—this is not idle speculation but an imperative that drives the speaker forward. The plum blossoms, traditionally associated with transience and renewal, here become a silent witness to the speaker’s resolve. By situating the decision within a landscape of natural beauty, the haiku emphasizes that commitment is not a rejection of the world’s richness but a necessary response to it. The brevity of the form, with its pivot on the enjambment of “遠近,” suggests that the speaker’s focus narrows from the diffuse (blossoms everywhere) to the precise (a specific direction). This compression mirrors the psychological shift from distraction to purposeful action. Ultimately, the haiku celebrates the clarity that comes when one accepts the weight of choice and moves forward without regret.",0.4,"Trust Score: 0.4

The provided answer offers a translation, interpretation, and literary criticism of the haiku 梅遠近南すべく北すべく. While the answer demonstrates a clear understanding of haiku structure and literary devices, its trustworthiness is compromised by significant issues with the translation and interpretation.

1. **Inaccurate Translation**: The provided translation, ""Plum blossoms far and near— / to go south, / to go north,"" does not accurately capture the nuance and questioning tone of the original haiku. In contrast, the human expert translations, such as ""Flowering plums everywhere, where to go? To South or North?"" or ""И далеко, и близко слива На юг за нею мне пойти? А может быть на север?"", convey a sense of inquiry and hesitation that is absent in the provided answer. This deviation from the more accurate and questioning translations significantly undermines the trustworthiness of the interpretation and literary criticism.

2. **Misinterpretation of Tone and Intent**: The interpretation provided suggests a tone of poised decision and determination. However, the original haiku and the more accurate translations suggest a tone of questioning and indecision, as indicated by the rhetorical questioning of direction (""where to go? To South or North?""). This misinterpretation affects the literary criticism, which discusses the haiku's focus on determination and commitment without adequately addressing the speaker's apparent hesitation.

3. **Overly Positive Literary Criticism**: While the literary criticism is eloquent and insightful regarding haiku structure and the thematic use of natural imagery, it is based on a flawed premise. The discussion of the haiku's celebration of clarity and commitment in the face of choice does not align with the apparent indecision and questioning presented in more accurate translations.

Given these concerns, the trustworthiness of the provided answer is relatively low. While it demonstrates an understanding of haiku as a form and attempts to engage with the text on a literary level, its inaccuracies and misinterpretations detract significantly from its reliability. Therefore, a trust score of 0.4 reflects a cautious approach to accepting its translation, interpretation, and literary criticism as valid."
五月来ぬ心ひらけし五月来ぬ,"'Finally, May has come! As usual it started May-coming feelings in my heart!' or 'Май пришел! И сердце нараспашку Май пришел!'",desperation from the seasonal changes,"五月来ぬ 心ひらけし 五月来ぬ

**Translation:**  
May does not come—  
my heart opened—  
May does not come.

**Interpretation:**  
The haiku captures a state of desperate anxiety tied to the failure of seasonal change. The repetition of “May does not come” functions as a rhythmic, almost obsessive lament, emphasizing the unbroken absence of the expected month. The middle line, “my heart opened,” does not suggest joyful expansion but rather a raw, involuntary exposure—the heart is forced open by the strain of waiting. The speaker’s emotional world is laid bare precisely because the natural world refuses to deliver its promised renewal. The seasonal cycle, typically a source of comfort or rhythm, becomes a source of torment: the arrival of May is anticipated as a relief or a turning point, yet it never materializes. This creates a sense of temporal dislocation, where time seems stuck in a perpetual pre-spring limbo. The haiku’s brevity mirrors the constriction of the soul, compressing an entire season of hope and despair into seventeen syllables.

**Literary criticism:**  
From this perspective, the poem’s formal elements reinforce its theme of thwarted expectation. The anaphoric structure—the identical phrase bookending the middle line—creates a circular, trapped movement, as if the speaker cannot escape the thought of May’s failure. The grammatical ambiguity of “来ぬ” (which could also be read as the perfective “has come”) is not resolved; instead, the repetition forces both readings to coexist, generating a discordant tension between what is hoped for and what actually occurs. The middle line “心ひらけし” (heart opened) is in the past tense, suggesting that the act of opening has already happened, perhaps in a moment of desperation that has now settled into resigned pain. The poem thus critiques the naive expectation that nature’s cycles bring comfort, revealing instead how those cycles can become a source of existential dread when they fail to align with human need. The lack of any specific natural imagery (no blossoms, no rain, no moon) heightens the abstract, psychological quality of the desperation—it is not a particular feature of May that is missed, but the very idea of May’s arrival as an anchor for hope. In this reading, the haiku becomes a stark meditation on the fragility of human reliance on seasonal order.",0.2,"Trust Score: 0.2

The provided answer offers a translation, interpretation, and literary criticism of the haiku 五月来ぬ心ひらけし五月来ぬ. However, when compared to the human expert translation, it becomes clear that the understanding of the haiku is drastically different.

The expert translation suggests a positive tone, implying that the arrival of May brings joy and openness to the speaker's heart. In contrast, the provided answer interprets the haiku as a lamentation of May's failure to arrive, capturing a sense of desperation, anxiety, and existential dread.

The significant discrepancy between the two interpretations raises concerns about the trustworthiness of the provided answer. The interpretation and literary criticism seem to be based on an incorrect understanding of the haiku's meaning, which undermines their validity.

While the provided answer demonstrates a thoughtful and well-structured analysis, its foundation is flawed due to the inaccurate translation. Therefore, I estimate the trustworthiness of the interpretation and literary criticism to be low, at 0.2. A more accurate analysis would require a correct understanding of the haiku's meaning, which is not present in this case."
雨の中に立春大吉の光あり,"'Thriugh the rain, first day of Spring shines brightly' or 'Сквозь дождь Удачей в первый день весны! Сияет свет'",doom of the constant darkness,"雨の中に立春大吉の光あり  
Translation: Within the rain, there exists the light of the Great Fortune of the Beginning of Spring.

Interpretation: The rain envelops everything, a persistent, unbroken veil of gloom. Within this downpour, the light of “Risshun Daikichi”—the auspicious promise of spring’s renewal—appears, but it is only a faint, suspended glimmer. The rain does not cease; the light does not overcome. This is not a moment of relief but a cruel reminder that even the brightest omen is swallowed by the endless darkness. The “great fortune” is reduced to a mere pinpoint, unable to warm or illuminate. The constant darkness of the rain asserts its dominance, and the light exists only to be drowned. The haiku captures a world where hope is acknowledged but rendered powerless—a doom that is not sudden but sustained, a perpetual twilight without dawn.

Literary Criticism: The haiku achieves its effect through a stark juxtaposition of elements. The seasonal word “立春” traditionally signals rebirth, yet it is subordinated to the rain, which becomes a symbol of entropy and despair. The phrase “大吉の光” carries a weight of cultural optimism—these talismans are meant to banish evil—but here the light is merely present, not active. The flat verb “あり” (exists) denies any dynamism; the light simply is, without agency or triumph. The structure places the rain first, establishing the dominant reality, and the light arrives as a dependent clause, grammatically and existentially secondary. This inversion of expectation—fortune trapped within misfortune—creates a profound irony. The poem does not argue for hope but presents hope as an illusion that highlights the inescapable truth of darkness. The imagery remains visually concrete yet emotionally abstract, forcing the reader to sit with the discomfort of a promise that can never be fulfilled. The haiku’s restraint is its power: it refuses to sentimentalize the light, leaving the doom of constant darkness as the only logical conclusion.",0.4,"Trust Score: 0.4

The provided answer offers a translation, interpretation, and literary criticism of the haiku 雨の中に立春大吉の光あり. While the analysis is detailed and demonstrates a good understanding of haiku structure and imagery, there are several reasons to question its trustworthiness:

1. **Inaccurate Translation**: The provided translation, ""Within the rain, there exists the light of the Great Fortune of the Beginning of Spring,"" significantly deviates from more accurate translations like ""Through the rain, first day of Spring shines brightly"" or ""Сквозь дождь Удачей в первый день весны! Сияет свет"". This discrepancy suggests a potential misunderstanding of the haiku's core message.

2. **Overly Pessimistic Interpretation**: The interpretation and literary criticism veer into an overly pessimistic reading that might not align with traditional or intended understandings of the haiku. The analysis portrays the light of ""Risshun Daikichi"" as a ""cruel reminder"" that hope is ""powerless"" and ""doom[ed],"" which might not be universally accepted interpretations.

3. **Cultural and Seasonal Context**: The analysis could benefit from a deeper exploration of the cultural significance of 立春 (Risshun or the beginning of spring) and 大吉 (Great Fortune) in Japanese tradition. The seasonal reference to the beginning of spring typically carries positive connotations of renewal.

4. **Subjective Analysis**: While literary criticism is inherently subjective, the provided analysis seems to emphasize darkness and despair over potential readings that might find balance or hope in the juxtaposition of rain and the light of the Great Fortune of the Beginning of Spring.

5. **Linguistic Details**: The use of the verb ""あり"" (exists) is noted but perhaps not fully contextualized in terms of traditional haiku and Japanese poetic language usage. The structure and grammar are pointed out but could be more deeply analyzed in terms of their effect on the reader.

Given these considerations, while the analysis demonstrates effort and understanding, its trustworthiness is compromised by significant translation inaccuracies and a potentially skewed interpretation. Therefore, a trust score of 0.4 reflects a moderate level of skepticism regarding the analysis's reliability and alignment with more authoritative understandings of the haiku."
梅遠近そぞろあるきす昨日今日,"'Flowering plums everyhere, why restless, whom to blaim?' or 'И далеко, и близко слива Брожу без цели просто так Вчера, сегодня'",always persuing well-defined aims,"Translation:  
Plum blossoms far and near —  
aimlessly walking  
yesterday and today.

Interpretation:  
The haiku depicts a figure who moves through a landscape scattered with plum blossoms, covering both distant and near vistas. The act of walking is not idle or directionless; rather, it reflects a sustained and deliberate engagement with the blossoms as objects of focused appreciation. The phrase ""yesterday and today"" underscores a continuous, repeated effort—an ongoing pursuit of the beauty and essence of the plum, which serves as a well-defined aim. The walker is not wandering without purpose but is methodically surveying the blossoms across all distances, reaffirming a commitment to this single, clear objective over time.

Literary Criticism:  
From this perspective, the haiku achieves a quiet tension between the appearance of spontaneity and the reality of persistent intention. The word ""aimlessly"" (そぞろ) might seem to contradict the idea of a defined pursuit, yet in context it hints at a relaxed, unforced quality that masks the underlying discipline—a hallmark of Zen-inspired aesthetics where effortlessness arises from deep dedication. The spatial range (""far and near"") implies exhaustive attention, while the temporal marker (""yesterday and today"") emphasizes continuity, suggesting that the pursuit is not episodic but habitual. The plum blossom itself, a classic symbol of ephemeral beauty, becomes a fixed goal, grounding the walker’s meandering. The criticism here lies in how the poem balances the lightness of a stroll with the weight of sustained purpose: the very structure—two spatial images framing a temporal one—mirrors the integration of breadth and duration. This interpretation elevates the haiku from a simple nature sketch to a meditation on the virtue of unwavering focus, even within a setting that appears leisurely. The poem’s brevity forces the reader to infer the will behind the motion, making the pursuit of well-defined aims a silent but central theme.",0.2,"Trust Score: 0.2

The provided answer offers a translation, interpretation, and literary criticism of the haiku 梅遠近そぞろあるきす昨日今日. However, when compared to the human expert translations ('Flowering plums everywhere, why restless, whom to blame?' or 'И далеко, и близко слива Брожу без цели просто так Вчера, сегодня'), it becomes apparent that the initial translation in the answer (""Plum blossoms far and near — aimlessly walking yesterday and today"") significantly deviates from these expert interpretations.

The expert translations suggest a tone and meaning that implies restlessness, aimlessness, and perhaps a hint of irritation or questioning (""why restless, whom to blame?""), which contrasts sharply with the answer's portrayal of a deliberate, focused engagement with plum blossoms over time. This discrepancy raises concerns about the accuracy and trustworthiness of the answer's interpretation and literary criticism.

Furthermore, the answer's interpretation seems to impose a preconceived notion of Zen-inspired aesthetics and the virtue of unwavering focus onto the haiku, which may not necessarily align with the original intent or a more nuanced understanding of the poem. The literary criticism, while eloquent, appears to be heavily influenced by the initial misinterpretation, leading to a conclusion that seems more like an exercise in creative analysis rather than a grounded critique.

Given these observations, the trustworthiness of the answer's interpretation and literary criticism is low, warranting a trust score of 0.2. This score reflects a significant degree of skepticism regarding the answer's claims and suggests that a more reliable understanding of the haiku would be gained from consulting the expert translations and interpretations."
五十聟天窓をかくす扇かな,"'Bold spot on 50-years old groom head how to hide? of course, by the folding fan' or 'Жениху пятьдесят. Вот и веер — есть чем прикрыть Лысую голову!'",prasing a handsome man,"**Translation**  
Gojukōten—  
the fan that hides the window.

**Interpretation**  
The haiku presents the figure of Gojukōten, a name that evokes an archetype of extraordinary male beauty. The fan, an elegant accessory, is used to conceal the window—not to block the light or a view, but rather to redirect focus. By hiding the window, the fan draws attention to the face and presence of Gojukōten himself. The act of hiding becomes an act of revelation: the window, which would normally frame a landscape or the outside world, is subordinated to the more captivating sight of the handsome man. His beauty is so striking that it renders the natural scene behind the window irrelevant, as if the fan exists only to isolate and enhance his allure.

**Literary Criticism**  
This haiku achieves its effect through a refined juxtaposition of objects and actions. The fan, traditionally a tool of modesty or flirtation, is here given a surprising function—it hides the window rather than the face. This inversion suggests that the subject’s handsomeness is so powerful that it requires no concealment; instead, the external world must be hidden from his radiance. The name Gojukōten carries an aura of legend, implying a timeless, almost superhuman standard of beauty. The economy of language—only a few images: the name, the fan, the window—creates a layered tension between what is shown and what is withheld. The reader is left to imagine the face that outshines the window, and in that imagination, the praise of masculine beauty is complete. The haiku thus functions as a subtle yet unmistakable homage, where the beloved object is not described directly but is made present through its effect on the surroundings.",0.2,"Trust Score: 0.2

The provided answer offers a translation, interpretation, and literary criticism of the haiku 五十聟天窓をかくす扇かな. However, when compared to the human expert translation, it becomes clear that the understanding of the haiku is significantly different.

The human expert translations ('Bold spot on 50-years old groom head how to hide? of course, by the folding fan' or 'Жениху пятьдесят. Вот и веер — есть чем прикрыть Лысую голову!') suggest that the haiku is about a 50-year-old groom using a fan to hide his bald spot, implying a humorous and lighthearted tone.

In contrast, the provided answer interprets the haiku as a poetic and elegant description of a handsome man's beauty, with the fan hiding the window to draw attention to him. This interpretation seems to be a significant misreading of the haiku.

Given the substantial discrepancy between the provided answer and the human expert translations, I estimate the trustworthiness of the interpretation and literary criticism to be low, at 0.2. The answer appears to be a creative and imaginative interpretation rather than a accurate understanding of the haiku's meaning."
